job_id,title,company,location,work_model,experience_level,min_salary,max_salary,avg_salary,currency,skills,description,posted_date
JOB-1001,Data Engineer,TechNova India,West Bengal (Kolkata),Remote,Mid Level (2-5 yrs),943727,2802998,1873362,INR,"SQL, Docker, Snowflake, Spark, dbt, Kafka, Python","We are seeking an experienced Data Engineer at TechNova India in West Bengal (Kolkata). You will work closely with engineering teams to implement high-impact systems using Python, Snowflake, Docker, Spark, SQL. Expert knowledge of SQL, Docker, Snowflake, Spark, dbt, Kafka, Python is required.",2026-07-16
JOB-1002,DevOps & Cloud Engineer,Swiggy Engineering,Madhya Pradesh (Indore),Remote,Mid Level (2-5 yrs),1064050,2755647,1909848,INR,"Docker, GCP, AWS, Terraform, Bash, Linux, Prometheus","We are seeking an experienced DevOps & Cloud Engineer at Swiggy Engineering in Madhya Pradesh (Indore). You will work closely with engineering teams to implement high-impact systems using Linux, Docker, Terraform, AWS. Expert knowledge of Docker, GCP, AWS, Terraform, Bash, Linux, Prometheus is required.",2026-07-29
JOB-1003,Cloud Architect,Paytm Digital,West Bengal (Kolkata),Remote,Senior Level (5-8 yrs),2545661,6354295,4449978,INR,"IAM, Azure, Cloud Security, GCP, AWS, Terraform, Networking, Python, Microservices","Join Paytm Digital (West Bengal (Kolkata)) as a Cloud Architect! In this role, you will lead the architecture, design, and execution of core digital products using AWS, Terraform, Python, Cloud Security, Azure and IAM, Networking, Microservices, GCP.",2026-08-15
JOB-1004,DevOps & Cloud Engineer,DataStream Corp,Rajasthan (Jaipur),Hybrid,Mid Level (2-5 yrs),1027650,3137476,2082563,INR,"Grafana, Docker, ArgoCD, Azure, Kubernetes, AWS, Python, Linux","We are seeking an experienced DevOps & Cloud Engineer at DataStream Corp in Rajasthan (Jaipur). You will work closely with engineering teams to implement high-impact systems using Docker, Kubernetes, AWS, Linux. Expert knowledge of Grafana, Docker, ArgoCD, Azure, Kubernetes, AWS, Python, Linux is required.",2026-07-22
JOB-1005,Cybersecurity Specialist,Apex Systems,Gujarat (Ahmedabad / GIFT City),Onsite,Mid Level (2-5 yrs),974364,2634933,1804648,INR,"AWS Security, Wireshark, Firewalls, Network Security, Python, Penetration Testing","Apex Systems is expanding its engineering hub in Gujarat (Ahmedabad / GIFT City). We are hiring a Cybersecurity Specialist with expertise in Python, Network Security, Penetration Testing and proficiency in AWS Security, Wireshark, Firewalls.",2026-07-31
JOB-1006,DevOps & Cloud Engineer,OmniCloud Systems,Rajasthan (Jaipur),Onsite,Mid Level (2-5 yrs),1209411,2782999,1996205,INR,"Python, Docker, ArgoCD, Kubernetes, GCP, CI/CD, Terraform, Bash","Join OmniCloud Systems (Rajasthan (Jaipur)) as a DevOps & Cloud Engineer! In this role, you will lead the architecture, design, and execution of core digital products using Docker, CI/CD, Kubernetes, Terraform and GCP, ArgoCD, Bash, Python.",2026-08-15
JOB-1007,AI/ML Engineer,DataStream Corp,Tamil Nadu (Chennai),Onsite,Entry Level (0-2 yrs),870287,2261130,1565708,INR,"Scikit-Learn, SQL, LangChain, MLflow, AWS SageMaker, Transformers, Python, TensorFlow, PyTorch","DataStream Corp is expanding its engineering hub in Tamil Nadu (Chennai). We are hiring a AI/ML Engineer with expertise in Scikit-Learn, SQL, Python, PyTorch, TensorFlow and proficiency in AWS SageMaker, Transformers, LangChain, MLflow.",2026-07-03
JOB-1008,Data Analyst,QuantVantage,Telangana (Hyderabad),Hybrid,Mid Level (2-5 yrs),641000,1602452,1121726,INR,"Tableau, SQL, PowerBI, Pandas, BigQuery, Snowflake, Looker, Excel","We are seeking an experienced Data Analyst at QuantVantage in Telangana (Hyderabad). You will work closely with engineering teams to implement high-impact systems using SQL, Tableau, Excel, PowerBI. Expert knowledge of Tableau, SQL, PowerBI, Pandas, BigQuery, Snowflake, Looker, Excel is required.",2026-08-11
JOB-1009,Cloud Architect,Infosys Digital,Remote (Global),Remote,Lead / Principal (8+ yrs),3979727,9673782,6826754,INR,"Docker, Azure, Kubernetes, Cloud Security, GCP, AWS, Terraform, Microservices","We are seeking an experienced Cloud Architect at Infosys Digital in Remote (Global). You will work closely with engineering teams to implement high-impact systems using Cloud Security, Terraform, AWS, Kubernetes, Azure. Expert knowledge of Docker, Azure, Kubernetes, Cloud Security, GCP, AWS, Terraform, Microservices is required.",2026-07-05
JOB-1010,Product Manager (Tech),Nexus AI,Tamil Nadu (Chennai),Remote,Senior Level (5-8 yrs),2057576,5502674,3780125,INR,"SQL, System Architecture, Data Analytics, Growth Hacking, Product Strategy, Agile, User Research, A/B Testing, Roadmapping","Join Nexus AI (Tamil Nadu (Chennai)) as a Product Manager (Tech)! In this role, you will lead the architecture, design, and execution of core digital products using Product Strategy, User Research, SQL, Roadmapping, Agile and System Architecture, Growth Hacking, A/B Testing, Data Analytics.",2026-07-23
JOB-1011,Product Manager (Tech),DataStream Corp,Gujarat (Ahmedabad / GIFT City),Remote,Entry Level (0-2 yrs),1093646,2425320,1759483,INR,"System Architecture, Product Strategy, Jira, User Research, Roadmapping","We are seeking an experienced Product Manager (Tech) at DataStream Corp in Gujarat (Ahmedabad / GIFT City). You will work closely with engineering teams to implement high-impact systems using Roadmapping, Product Strategy, User Research. Expert knowledge of System Architecture, Product Strategy, Jira, User Research, Roadmapping is required.",2026-06-24
JOB-1012,AI/ML Engineer,QuantVantage,Maharashtra (Pune),Onsite,Mid Level (2-5 yrs),1125698,3217851,2171774,INR,"Scikit-Learn, SQL, Docker, AWS SageMaker, Ray, TensorFlow, PyTorch","Join QuantVantage (Maharashtra (Pune)) as a AI/ML Engineer! In this role, you will lead the architecture, design, and execution of core digital products using Scikit-Learn, PyTorch, SQL, TensorFlow, Docker and AWS SageMaker, Ray.",2026-07-29
JOB-1013,Cybersecurity Specialist,Vanguard AI,Uttar Pradesh (Lucknow),Onsite,Entry Level (0-2 yrs),634572,1689026,1161799,INR,"Firewalls, Incident Response, SIEM, Network Security, Python, Penetration Testing, Linux","We are seeking an experienced Cybersecurity Specialist at Vanguard AI in Uttar Pradesh (Lucknow). You will work closely with engineering teams to implement high-impact systems using Network Security, Penetration Testing, Python, Linux, SIEM. Expert knowledge of Firewalls, Incident Response, SIEM, Network Security, Python, Penetration Testing, Linux is required.",2026-08-03
JOB-1014,Product Manager (Tech),HCL Tech Solutions,Maharashtra (Pune),Hybrid,Senior Level (5-8 yrs),2093969,5015427,3554698,INR,"SQL, Agile, Product Strategy, User Research, Scrum, A/B Testing, Roadmapping","Join HCL Tech Solutions (Maharashtra (Pune)) as a Product Manager (Tech)! In this role, you will lead the architecture, design, and execution of core digital products using Agile, Roadmapping, User Research, SQL, Product Strategy and A/B Testing, Scrum.",2026-06-24
JOB-1015,AI/ML Engineer,Infosys Digital,Rajasthan (Jaipur),Remote,Lead / Principal (8+ yrs),2129738,7081978,4605858,INR,"Scikit-Learn, LangChain, SQL, CUDA, Docker, AWS SageMaker, Ray, TensorFlow","Infosys Digital is expanding its engineering hub in Rajasthan (Jaipur). We are hiring a AI/ML Engineer with expertise in Scikit-Learn, TensorFlow, Docker, SQL and proficiency in LangChain, AWS SageMaker, CUDA, Ray.",2026-07-04
JOB-1016,AI/ML Engineer,QuantVantage,Maharashtra (Mumbai),Remote,Mid Level (2-5 yrs),1242051,3314642,2278346,INR,"Scikit-Learn, SQL, CUDA, LangChain, Python, TensorFlow, PyTorch","We are seeking an experienced AI/ML Engineer at QuantVantage in Maharashtra (Mumbai). You will work closely with engineering teams to implement high-impact systems using SQL, PyTorch, Python, TensorFlow, Scikit-Learn. Expert knowledge of Scikit-Learn, SQL, CUDA, LangChain, Python, TensorFlow, PyTorch is required.",2026-06-21
JOB-1017,DevOps & Cloud Engineer,Flipkart Labs,Maharashtra (Mumbai),Onsite,Entry Level (0-2 yrs),713155,2161110,1437132,INR,"GitLab CI, Docker, Azure, Kubernetes, AWS, CI/CD, Bash, Linux, Prometheus","Join Flipkart Labs (Maharashtra (Mumbai)) as a DevOps & Cloud Engineer! In this role, you will lead the architecture, design, and execution of core digital products using AWS, CI/CD, Kubernetes, Docker, Linux and Azure, Prometheus, Bash, GitLab CI.",2026-07-31
JOB-1018,Data Engineer,TechNova India,Uttar Pradesh (Lucknow),Onsite,Lead / Principal (8+ yrs),1990329,5044830,3517579,INR,"SQL, Snowflake, Databricks, PostgreSQL, Scala, Kafka, Python","We are seeking an experienced Data Engineer at TechNova India in Uttar Pradesh (Lucknow). You will work closely with engineering teams to implement high-impact systems using Python, Snowflake, SQL. Expert knowledge of SQL, Snowflake, Databricks, PostgreSQL, Scala, Kafka, Python is required.",2026-07-23
JOB-1019,Data Analyst,Paytm Digital,Remote (Global),Remote,Entry Level (0-2 yrs),401667,1055181,728424,INR,"Tableau, SQL, PowerBI, A/B Testing, Looker, Python, Excel","Join Paytm Digital (Remote (Global)) as a Data Analyst! In this role, you will lead the architecture, design, and execution of core digital products using Tableau, SQL, Excel, Python, PowerBI and Looker, A/B Testing.",2026-08-07
JOB-1020,Data Analyst,Zomato Tech,Remote (India),Remote,Mid Level (2-5 yrs),632534,1643876,1138205,INR,"SQL, R, Looker, Python, Excel","Join Zomato Tech (Remote (India)) as a Data Analyst! In this role, you will lead the architecture, design, and execution of core digital products using SQL, Excel, Python and R, Looker.",2026-08-10
JOB-1021,Product Manager (Tech),Swiggy Engineering,Madhya Pradesh (Indore),Onsite,Entry Level (0-2 yrs),953784,2587994,1770889,INR,"Growth Hacking, Product Strategy, Agile, Scrum, Figma, A/B Testing, Roadmapping","We are seeking an experienced Product Manager (Tech) at Swiggy Engineering in Madhya Pradesh (Indore). You will work closely with engineering teams to implement high-impact systems using Product Strategy, Agile, Roadmapping. Expert knowledge of Growth Hacking, Product Strategy, Agile, Scrum, Figma, A/B Testing, Roadmapping is required.",2026-06-24
JOB-1022,Cloud Architect,Wipro Cloud,Gujarat (Ahmedabad / GIFT City),Onsite,Entry Level (0-2 yrs),1310220,3645255,2477737,INR,"Serverless, Azure, Kubernetes, Cloud Security, GCP, AWS, Terraform","Join Wipro Cloud (Gujarat (Ahmedabad / GIFT City)) as a Cloud Architect! In this role, you will lead the architecture, design, and execution of core digital products using Terraform, Kubernetes, Azure, AWS, Cloud Security and Serverless, GCP.",2026-06-30
JOB-1023,DevOps & Cloud Engineer,Apex Systems,Delhi NCR (Gurugram),Onsite,Entry Level (0-2 yrs),815483,1985590,1400536,INR,"Grafana, Docker, Azure, GCP, AWS, Terraform","We are seeking an experienced DevOps & Cloud Engineer at Apex Systems in Delhi NCR (Gurugram). You will work closely with engineering teams to implement high-impact systems using Terraform, Docker, AWS. Expert knowledge of Grafana, Docker, Azure, GCP, AWS, Terraform is required.",2026-07-09
JOB-1024,DevOps & Cloud Engineer,Hyperion Software,Kerala (Thiruvananthapuram),Hybrid,Senior Level (5-8 yrs),1440998,4588528,3014763,INR,"GitLab CI, Azure, Kubernetes, AWS, CI/CD, Ansible, Terraform, Bash","Join Hyperion Software (Kerala (Thiruvananthapuram)) as a DevOps & Cloud Engineer! In this role, you will lead the architecture, design, and execution of core digital products using Kubernetes, AWS, Terraform, CI/CD and Azure, Ansible, GitLab CI, Bash.",2026-08-18
JOB-1025,Data Engineer,Paytm Digital,Madhya Pradesh (Indore),Hybrid,Senior Level (5-8 yrs),1382096,3935617,2658856,INR,"SQL, Snowflake, Databricks, Kubernetes, Kafka, AWS Redshift, Python, Airflow","Paytm Digital is expanding its engineering hub in Madhya Pradesh (Indore). We are hiring a Data Engineer with expertise in Airflow, Snowflake, Python, SQL and proficiency in AWS Redshift, Databricks, Kafka, Kubernetes.",2026-07-08
JOB-1026,DevOps & Cloud Engineer,Pulse Analytics,Madhya Pradesh (Indore),Remote,Lead / Principal (8+ yrs),1997715,5441664,3719689,INR,"Grafana, ArgoCD, Azure, Kubernetes, AWS, CI/CD, Linux","Join Pulse Analytics (Madhya Pradesh (Indore)) as a DevOps & Cloud Engineer! In this role, you will lead the architecture, design, and execution of core digital products using AWS, Kubernetes, Linux, CI/CD and ArgoCD, Grafana, Azure.",2026-07-16
JOB-1027,Full Stack Developer,Wipro Cloud,Madhya Pradesh (Indore),Onsite,Lead / Principal (8+ yrs),1564584,4534715,3049649,INR,"SQL, React, PostgreSQL, JavaScript, AWS, TypeScript, Python, MongoDB","Join Wipro Cloud (Madhya Pradesh (Indore)) as a Full Stack Developer! In this role, you will lead the architecture, design, and execution of core digital products using SQL, TypeScript, React, Python, JavaScript and MongoDB, PostgreSQL, AWS.",2026-07-22
JOB-1028,Product Manager (Tech),ByteCraft Inc,Delhi NCR (Noida),Onsite,Mid Level (2-5 yrs),1417392,3571338,2494365,INR,"SQL, Data Analytics, Growth Hacking, Product Strategy, Agile, User Research, Roadmapping","We are seeking an experienced Product Manager (Tech) at ByteCraft Inc in Delhi NCR (Noida). You will work closely with engineering teams to implement high-impact systems using Product Strategy, Agile, Roadmapping, User Research, SQL. Expert knowledge of SQL, Data Analytics, Growth Hacking, Product Strategy, Agile, User Research, Roadmapping is required.",2026-08-18
JOB-1029,DevOps & Cloud Engineer,OmniCloud Systems,Maharashtra (Pune),Hybrid,Mid Level (2-5 yrs),1186385,3216264,2201324,INR,"Docker, Kubernetes, AWS, CI/CD, Ansible, Terraform, Bash","We are seeking an experienced DevOps & Cloud Engineer at OmniCloud Systems in Maharashtra (Pune). You will work closely with engineering teams to implement high-impact systems using AWS, Docker, Terraform, CI/CD, Kubernetes. Expert knowledge of Docker, Kubernetes, AWS, CI/CD, Ansible, Terraform, Bash is required.",2026-07-02
JOB-1030,Cybersecurity Specialist,HCL Tech Solutions,Delhi NCR (Gurugram),Onsite,Mid Level (2-5 yrs),930163,2853704,1891933,INR,"Incident Response, CISSP, Cryptography, Network Security, Python, Penetration Testing","HCL Tech Solutions is expanding its engineering hub in Delhi NCR (Gurugram). We are hiring a Cybersecurity Specialist with expertise in Penetration Testing, Python, Network Security and proficiency in CISSP, Cryptography, Incident Response.",2026-07-31
JOB-1031,Product Manager (Tech),Paytm Digital,Remote (Global),Remote,Mid Level (2-5 yrs),1579744,3816187,2697965,INR,"SQL, System Architecture, Data Analytics, Product Strategy, Agile, User Research, A/B Testing, Roadmapping","Paytm Digital is expanding its engineering hub in Remote (Global). We are hiring a Product Manager (Tech) with expertise in SQL, Product Strategy, User Research, Roadmapping, Agile and proficiency in System Architecture, A/B Testing, Data Analytics.",2026-08-05
JOB-1032,Data Analyst,ByteCraft Inc,Maharashtra (Pune),Onsite,Mid Level (2-5 yrs),585964,1488897,1037430,INR,"Tableau, SQL, PowerBI, Pandas, Looker, Excel","We are seeking an experienced Data Analyst at ByteCraft Inc in Maharashtra (Pune). You will work closely with engineering teams to implement high-impact systems using Tableau, PowerBI, Excel, SQL. Expert knowledge of Tableau, SQL, PowerBI, Pandas, Looker, Excel is required.",2026-08-16
JOB-1033,Cybersecurity Specialist,Vanguard AI,Kerala (Thiruvananthapuram),Onsite,Mid Level (2-5 yrs),895856,2830225,1863040,INR,"AWS Security, Wireshark, Incident Response, Cryptography, SIEM, Python, Penetration Testing","Join Vanguard AI (Kerala (Thiruvananthapuram)) as a Cybersecurity Specialist! In this role, you will lead the architecture, design, and execution of core digital products using Python, SIEM, Penetration Testing and Wireshark, Cryptography, AWS Security, Incident Response.",2026-07-03
JOB-1034,Cybersecurity Specialist,Vanguard AI,Gujarat (Ahmedabad / GIFT City),Hybrid,Mid Level (2-5 yrs),975517,2849975,1912746,INR,"SOC, Firewalls, Incident Response, SIEM, Cryptography, Network Security, Python, Linux","Vanguard AI is expanding its engineering hub in Gujarat (Ahmedabad / GIFT City). We are hiring a Cybersecurity Specialist with expertise in SIEM, Network Security, Python, Linux and proficiency in Cryptography, SOC, Firewalls, Incident Response.",2026-08-19
JOB-1035,Cybersecurity Specialist,Flipkart Labs,Karnataka (Bengaluru),Remote,Senior Level (5-8 yrs),1248584,3521700,2385142,INR,"Firewalls, CISSP, SIEM, Cryptography, Network Security, Python","Join Flipkart Labs (Karnataka (Bengaluru)) as a Cybersecurity Specialist! In this role, you will lead the architecture, design, and execution of core digital products using SIEM, Python, Network Security and Cryptography, CISSP, Firewalls.",2026-08-03
JOB-1036,Cybersecurity Specialist,Apex Systems,Maharashtra (Pune),Hybrid,Entry Level (0-2 yrs),672742,1864166,1268454,INR,"Firewalls, Incident Response, SIEM, Network Security, Python, Penetration Testing, Linux","We are seeking an experienced Cybersecurity Specialist at Apex Systems in Maharashtra (Pune). You will work closely with engineering teams to implement high-impact systems using Network Security, Linux, Penetration Testing, SIEM, Python. Expert knowledge of Firewalls, Incident Response, SIEM, Network Security, Python, Penetration Testing, Linux is required.",2026-08-12
JOB-1037,Product Manager (Tech),DataStream Corp,Delhi NCR (Noida),Hybrid,Senior Level (5-8 yrs),2280132,5400647,3840389,INR,"SQL, Product Strategy, Agile, Jira, Figma, Roadmapping","Join DataStream Corp (Delhi NCR (Noida)) as a Product Manager (Tech)! In this role, you will lead the architecture, design, and execution of core digital products using Product Strategy, Agile, SQL, Roadmapping and Figma, Jira.",2026-07-26
JOB-1038,DevOps & Cloud Engineer,Nexus AI,Gujarat (Ahmedabad / GIFT City),Remote,Senior Level (5-8 yrs),1589748,3837923,2713835,INR,"Azure, Kubernetes, GCP, AWS, CI/CD, Linux","Nexus AI is expanding its engineering hub in Gujarat (Ahmedabad / GIFT City). We are hiring a DevOps & Cloud Engineer with expertise in CI/CD, AWS, Linux, Kubernetes and proficiency in Azure, GCP.",2026-07-30
JOB-1039,AI/ML Engineer,Vanguard AI,Remote (India),Remote,Entry Level (0-2 yrs),859473,2655612,1757542,INR,"Scikit-Learn, LangChain, SQL, Docker, Transformers, PyTorch","Join Vanguard AI (Remote (India)) as a AI/ML Engineer! In this role, you will lead the architecture, design, and execution of core digital products using Docker, Scikit-Learn, PyTorch, SQL and LangChain, Transformers.",2026-07-22
JOB-1040,Cybersecurity Specialist,Flipkart Labs,West Bengal (Kolkata),Hybrid,Senior Level (5-8 yrs),1258565,3512610,2385587,INR,"Wireshark, CISSP, SIEM, Cryptography, Network Security, Linux","Join Flipkart Labs (West Bengal (Kolkata)) as a Cybersecurity Specialist! In this role, you will lead the architecture, design, and execution of core digital products using Linux, SIEM, Network Security and Cryptography, CISSP, Wireshark.",2026-08-07
JOB-1041,Cloud Architect,Apex Systems,Kerala (Thiruvananthapuram),Hybrid,Senior Level (5-8 yrs),2747599,6794156,4770877,INR,"Docker, IAM, Kubernetes, Cloud Security, AWS, Terraform, Python","We are seeking an experienced Cloud Architect at Apex Systems in Kerala (Thiruvananthapuram). You will work closely with engineering teams to implement high-impact systems using Cloud Security, Kubernetes, AWS, Python, Terraform. Expert knowledge of Docker, IAM, Kubernetes, Cloud Security, AWS, Terraform, Python is required.",2026-07-07
JOB-1042,Product Manager (Tech),OmniCloud Systems,Uttar Pradesh (Lucknow),Remote,Entry Level (0-2 yrs),1034355,2790837,1912596,INR,"SQL, Data Analytics, Growth Hacking, Product Strategy, Scrum, Figma, Roadmapping","Join OmniCloud Systems (Uttar Pradesh (Lucknow)) as a Product Manager (Tech)! In this role, you will lead the architecture, design, and execution of core digital products using SQL, Product Strategy, Roadmapping and Figma, Data Analytics, Scrum, Growth Hacking.",2026-07-29
JOB-1043,Product Manager (Tech),Apex Systems,Kerala (Kochi),Hybrid,Mid Level (2-5 yrs),1432949,3868086,2650517,INR,"SQL, Growth Hacking, Product Strategy, Agile, User Research, Scrum, Roadmapping","Apex Systems is expanding its engineering hub in Kerala (Kochi). We are hiring a Product Manager (Tech) with expertise in Product Strategy, User Research, Agile, SQL, Roadmapping and proficiency in Growth Hacking, Scrum.",2026-07-13
JOB-1044,Data Analyst,DataStream Corp,Delhi NCR (Noida),Hybrid,Mid Level (2-5 yrs),606403,1663173,1134788,INR,"Tableau, SQL, PowerBI, BigQuery, R, Looker, A/B Testing","We are seeking an experienced Data Analyst at DataStream Corp in Delhi NCR (Noida). You will work closely with engineering teams to implement high-impact systems using Tableau, SQL, PowerBI. Expert knowledge of Tableau, SQL, PowerBI, BigQuery, R, Looker, A/B Testing is required.",2026-07-11
JOB-1045,Product Manager (Tech),DataStream Corp,Karnataka (Bengaluru),Onsite,Mid Level (2-5 yrs),1596634,3724537,2660585,INR,"SQL, System Architecture, Agile, User Research, Scrum, Jira, Roadmapping","We are seeking an experienced Product Manager (Tech) at DataStream Corp in Karnataka (Bengaluru). You will work closely with engineering teams to implement high-impact systems using SQL, User Research, Agile, Roadmapping. Expert knowledge of SQL, System Architecture, Agile, User Research, Scrum, Jira, Roadmapping is required.",2026-07-15
JOB-1046,AI/ML Engineer,TCS Innovation Labs,Tamil Nadu (Chennai),Onsite,Lead / Principal (8+ yrs),2130024,6589640,4359832,INR,"Scikit-Learn, LangChain, Kubernetes, Ray, AWS SageMaker, Python, PyTorch","Join TCS Innovation Labs (Tamil Nadu (Chennai)) as a AI/ML Engineer! In this role, you will lead the architecture, design, and execution of core digital products using PyTorch, Python, Scikit-Learn and Kubernetes, Ray, LangChain, AWS SageMaker.",2026-08-01
JOB-1047,AI/ML Engineer,Paytm Digital,Telangana (Hyderabad),Remote,Senior Level (5-8 yrs),1564594,4810347,3187470,INR,"LangChain, SQL, CUDA, Docker, Python, PyTorch","Paytm Digital is expanding its engineering hub in Telangana (Hyderabad). We are hiring a AI/ML Engineer with expertise in Docker, Python, PyTorch, SQL and proficiency in LangChain, CUDA.",2026-07-13
JOB-1048,Product Manager (Tech),CyberShield Tech,Maharashtra (Mumbai),Remote,Mid Level (2-5 yrs),1548354,4129588,2838971,INR,"SQL, System Architecture, Growth Hacking, Agile, User Research, Figma, Roadmapping","Join CyberShield Tech (Maharashtra (Mumbai)) as a Product Manager (Tech)! In this role, you will lead the architecture, design, and execution of core digital products using SQL, Agile, User Research, Roadmapping and System Architecture, Growth Hacking, Figma.",2026-08-13
JOB-1049,DevOps & Cloud Engineer,TCS Innovation Labs,West Bengal (Kolkata),Remote,Entry Level (0-2 yrs),739830,2059053,1399441,INR,"GitLab CI, Azure, Kubernetes, AWS, CI/CD, Python","Join TCS Innovation Labs (West Bengal (Kolkata)) as a DevOps & Cloud Engineer! In this role, you will lead the architecture, design, and execution of core digital products using Kubernetes, AWS, CI/CD and Python, GitLab CI, Azure.",2026-07-19
JOB-1050,Product Manager (Tech),ByteCraft Inc,Maharashtra (Pune),Onsite,Entry Level (0-2 yrs),1068295,2405036,1736665,INR,"SQL, Growth Hacking, Agile, User Research, Figma, Roadmapping","ByteCraft Inc is expanding its engineering hub in Maharashtra (Pune). We are hiring a Product Manager (Tech) with expertise in User Research, Roadmapping, Agile, SQL and proficiency in Growth Hacking, Figma.",2026-06-29
JOB-1051,Data Analyst,Flipkart Labs,Maharashtra (Mumbai),Remote,Mid Level (2-5 yrs),589001,1542738,1065869,INR,"Tableau, SQL, PowerBI, A/B Testing, Looker, Python, Excel","We are seeking an experienced Data Analyst at Flipkart Labs in Maharashtra (Mumbai). You will work closely with engineering teams to implement high-impact systems using Excel, Tableau, SQL, Python, PowerBI. Expert knowledge of Tableau, SQL, PowerBI, A/B Testing, Looker, Python, Excel is required.",2026-06-27
JOB-1052,Full Stack Developer,QuantVantage,Madhya Pradesh (Indore),Onsite,Mid Level (2-5 yrs),875229,2354004,1614616,INR,"SQL, Next.js, JavaScript, TypeScript, Node.js, Python, GraphQL, MongoDB","QuantVantage is expanding its engineering hub in Madhya Pradesh (Indore). We are hiring a Full Stack Developer with expertise in Node.js, Python, JavaScript, TypeScript, SQL and proficiency in MongoDB, GraphQL, Next.js.",2026-06-29
JOB-1053,AI/ML Engineer,Swiggy Engineering,Uttar Pradesh (Lucknow),Hybrid,Entry Level (0-2 yrs),848268,2659559,1753913,INR,"Scikit-Learn, SQL, Docker, Kubernetes, Transformers, TensorFlow, PyTorch","Join Swiggy Engineering (Uttar Pradesh (Lucknow)) as a AI/ML Engineer! In this role, you will lead the architecture, design, and execution of core digital products using TensorFlow, SQL, Scikit-Learn, Docker, PyTorch and Kubernetes, Transformers.",2026-06-25
JOB-1054,Product Manager (Tech),DataStream Corp,Karnataka (Bengaluru),Onsite,Senior Level (5-8 yrs),1929147,5843761,3886454,INR,"SQL, Product Strategy, Scrum, User Research, Figma","We are seeking an experienced Product Manager (Tech) at DataStream Corp in Karnataka (Bengaluru). You will work closely with engineering teams to implement high-impact systems using Product Strategy, User Research, SQL. Expert knowledge of SQL, Product Strategy, Scrum, User Research, Figma is required.",2026-07-22
JOB-1055,Data Engineer,TCS Innovation Labs,Remote (India),Remote,Lead / Principal (8+ yrs),1718517,4859472,3288994,INR,"SQL, Snowflake, Databricks, Spark, Scala, AWS Redshift, Airflow","TCS Innovation Labs is expanding its engineering hub in Remote (India). We are hiring a Data Engineer with expertise in Snowflake, Spark, Airflow, SQL and proficiency in AWS Redshift, Scala, Databricks.",2026-07-19
JOB-1056,Full Stack Developer,Nexus AI,West Bengal (Kolkata),Hybrid,Mid Level (2-5 yrs),797494,2319571,1558532,INR,"SQL, Docker, React, PostgreSQL, JavaScript, AWS, TypeScript, Node.js, MongoDB","Nexus AI is expanding its engineering hub in West Bengal (Kolkata). We are hiring a Full Stack Developer with expertise in React, JavaScript, SQL, Node.js, TypeScript and proficiency in AWS, Docker, PostgreSQL, MongoDB.",2026-07-27
JOB-1057,Product Manager (Tech),QuantVantage,Delhi NCR (Noida),Onsite,Mid Level (2-5 yrs),1646524,4022219,2834371,INR,"SQL, System Architecture, Growth Hacking, Product Strategy, Agile, Scrum, Figma, Roadmapping","QuantVantage is expanding its engineering hub in Delhi NCR (Noida). We are hiring a Product Manager (Tech) with expertise in Product Strategy, SQL, Agile, Roadmapping and proficiency in Scrum, Growth Hacking, System Architecture, Figma.",2026-08-11
JOB-1058,Product Manager (Tech),CloudScale Labs,Tamil Nadu (Chennai),Onsite,Lead / Principal (8+ yrs),2725038,7247622,4986330,INR,"SQL, Growth Hacking, Agile, Product Strategy, A/B Testing, Roadmapping","We are seeking an experienced Product Manager (Tech) at CloudScale Labs in Tamil Nadu (Chennai). You will work closely with engineering teams to implement high-impact systems using Agile, SQL, Roadmapping, Product Strategy. Expert knowledge of SQL, Growth Hacking, Agile, Product Strategy, A/B Testing, Roadmapping is required.",2026-08-16
JOB-1059,Product Manager (Tech),Apex Systems,Kerala (Thiruvananthapuram),Onsite,Senior Level (5-8 yrs),2149332,5037795,3593563,INR,"SQL, Growth Hacking, Agile, Product Strategy, User Research, Scrum, Figma, Jira, Roadmapping","Apex Systems is expanding its engineering hub in Kerala (Thiruvananthapuram). We are hiring a Product Manager (Tech) with expertise in Agile, User Research, SQL, Product Strategy, Roadmapping and proficiency in Growth Hacking, Scrum, Figma, Jira.",2026-06-23
JOB-1060,Data Analyst,HCL Tech Solutions,Maharashtra (Pune),Hybrid,Lead / Principal (8+ yrs),1011458,2876210,1943834,INR,"Tableau, SQL, PowerBI, BigQuery, Snowflake, Python, Excel","Join HCL Tech Solutions (Maharashtra (Pune)) as a Data Analyst! In this role, you will lead the architecture, design, and execution of core digital products using SQL, Excel, PowerBI, Python, Tableau and BigQuery, Snowflake.",2026-08-11
JOB-1061,DevOps & Cloud Engineer,Zomato Tech,Madhya Pradesh (Indore),Onsite,Senior Level (5-8 yrs),1430080,4167365,2798722,INR,"GitLab CI, Docker, Grafana, GCP, CI/CD, Linux, Prometheus","Join Zomato Tech (Madhya Pradesh (Indore)) as a DevOps & Cloud Engineer! In this role, you will lead the architecture, design, and execution of core digital products using Docker, CI/CD, Linux and GCP, Prometheus, GitLab CI, Grafana.",2026-07-22
JOB-1062,Data Analyst,TechNova India,Uttar Pradesh (Lucknow),Hybrid,Senior Level (5-8 yrs),832748,2151350,1492049,INR,"SQL, BigQuery, Statistics, Looker, Google Analytics, Python, Excel","Join TechNova India (Uttar Pradesh (Lucknow)) as a Data Analyst! In this role, you will lead the architecture, design, and execution of core digital products using SQL, Excel, Python and Google Analytics, BigQuery, Statistics, Looker.",2026-06-27
JOB-1063,Product Manager (Tech),DataStream Corp,Gujarat (Ahmedabad / GIFT City),Hybrid,Mid Level (2-5 yrs),1583493,4159938,2871715,INR,"SQL, Growth Hacking, Agile, Product Strategy, User Research, Figma, Roadmapping","DataStream Corp is expanding its engineering hub in Gujarat (Ahmedabad / GIFT City). We are hiring a Product Manager (Tech) with expertise in User Research, Roadmapping, Agile, Product Strategy, SQL and proficiency in Figma, Growth Hacking.",2026-07-04
JOB-1064,Product Manager (Tech),CyberShield Tech,Gujarat (Ahmedabad / GIFT City),Onsite,Senior Level (5-8 yrs),2269429,5475706,3872567,INR,"SQL, System Architecture, Growth Hacking, Product Strategy, User Research, Jira, A/B Testing","Join CyberShield Tech (Gujarat (Ahmedabad / GIFT City)) as a Product Manager (Tech)! In this role, you will lead the architecture, design, and execution of core digital products using Product Strategy, User Research, SQL and System Architecture, Growth Hacking, A/B Testing, Jira.",2026-07-01
JOB-1065,Product Manager (Tech),CloudScale Labs,Punjab (Mohali / Chandigarh),Onsite,Entry Level (0-2 yrs),1129056,2588636,1858846,INR,"SQL, System Architecture, Agile, User Research, Figma, Roadmapping","CloudScale Labs is expanding its engineering hub in Punjab (Mohali / Chandigarh). We are hiring a Product Manager (Tech) with expertise in User Research, SQL, Agile, Roadmapping and proficiency in System Architecture, Figma.",2026-06-23
JOB-1066,Data Analyst,Infosys Digital,West Bengal (Kolkata),Hybrid,Lead / Principal (8+ yrs),1149143,3063248,2106195,INR,"Tableau, SQL, Snowflake, Statistics, Python, Excel","Join Infosys Digital (West Bengal (Kolkata)) as a Data Analyst! In this role, you will lead the architecture, design, and execution of core digital products using Tableau, SQL, Python, Excel and Statistics, Snowflake.",2026-06-27
JOB-1067,Cloud Architect,Nexus AI,Rajasthan (Jaipur),Remote,Mid Level (2-5 yrs),1843338,4544469,3193903,INR,"Serverless, IAM, Kubernetes, Cloud Security, System Design, Terraform, Enterprise Architecture","We are seeking an experienced Cloud Architect at Nexus AI in Rajasthan (Jaipur). You will work closely with engineering teams to implement high-impact systems using Terraform, Cloud Security, Kubernetes. Expert knowledge of Serverless, IAM, Kubernetes, Cloud Security, System Design, Terraform, Enterprise Architecture is required.",2026-07-12
JOB-1068,Cloud Architect,Paytm Digital,Gujarat (Ahmedabad / GIFT City),Onsite,Entry Level (0-2 yrs),1345222,3355043,2350132,INR,"Enterprise Architecture, Cloud Security, GCP, AWS, Terraform, Python","We are seeking an experienced Cloud Architect at Paytm Digital in Gujarat (Ahmedabad / GIFT City). You will work closely with engineering teams to implement high-impact systems using Python, Cloud Security, Terraform, AWS. Expert knowledge of Enterprise Architecture, Cloud Security, GCP, AWS, Terraform, Python is required.",2026-08-05
JOB-1069,Full Stack Developer,Hyperion Software,Uttar Pradesh (Lucknow),Hybrid,Senior Level (5-8 yrs),1099417,3663422,2381419,INR,"SQL, React, JavaScript, AWS, Node.js, Python, Express, MongoDB","We are seeking an experienced Full Stack Developer at Hyperion Software in Uttar Pradesh (Lucknow). You will work closely with engineering teams to implement high-impact systems using SQL, Python, Node.js, React, JavaScript. Expert knowledge of SQL, React, JavaScript, AWS, Node.js, Python, Express, MongoDB is required.",2026-07-07
JOB-1070,Cloud Architect,Wipro Cloud,Uttar Pradesh (Lucknow),Hybrid,Lead / Principal (8+ yrs),4032267,9455763,6744015,INR,"Kubernetes, Cloud Security, GCP, AWS, Networking, Python, Microservices","We are seeking an experienced Cloud Architect at Wipro Cloud in Uttar Pradesh (Lucknow). You will work closely with engineering teams to implement high-impact systems using AWS, Cloud Security, Kubernetes, Python. Expert knowledge of Kubernetes, Cloud Security, GCP, AWS, Networking, Python, Microservices is required.",2026-07-09
JOB-1071,DevOps & Cloud Engineer,Paytm Digital,Karnataka (Bengaluru),Remote,Senior Level (5-8 yrs),1566605,4462964,3014784,INR,"Docker, ArgoCD, AWS, CI/CD, Prometheus","We are seeking an experienced DevOps & Cloud Engineer at Paytm Digital in Karnataka (Bengaluru). You will work closely with engineering teams to implement high-impact systems using Docker, AWS, CI/CD. Expert knowledge of Docker, ArgoCD, AWS, CI/CD, Prometheus is required.",2026-07-30
JOB-1072,Full Stack Developer,Paytm Digital,Karnataka (Bengaluru),Hybrid,Senior Level (5-8 yrs),1037523,3264738,2151130,INR,"Next.js, React, TypeScript, Python, Express","We are seeking an experienced Full Stack Developer at Paytm Digital in Karnataka (Bengaluru). You will work closely with engineering teams to implement high-impact systems using TypeScript, Python, React. Expert knowledge of Next.js, React, TypeScript, Python, Express is required.",2026-07-14
JOB-1073,Cloud Architect,TechNova India,Delhi NCR (Gurugram),Hybrid,Entry Level (0-2 yrs),1403706,3097284,2250495,INR,"Enterprise Architecture, Serverless, Kubernetes, Cloud Security, System Design, AWS, Terraform, Python","TechNova India is expanding its engineering hub in Delhi NCR (Gurugram). We are hiring a Cloud Architect with expertise in Terraform, Kubernetes, AWS, Cloud Security, Python and proficiency in Enterprise Architecture, Serverless, System Design.",2026-08-06
JOB-1074,AI/ML Engineer,Zomato Tech,Kerala (Kochi),Hybrid,Senior Level (5-8 yrs),1817659,4482020,3149839,INR,"Scikit-Learn, SQL, CUDA, ONNX, AWS SageMaker, Python","We are seeking an experienced AI/ML Engineer at Zomato Tech in Kerala (Kochi). You will work closely with engineering teams to implement high-impact systems using Python, Scikit-Learn, SQL. Expert knowledge of Scikit-Learn, SQL, CUDA, ONNX, AWS SageMaker, Python is required.",2026-07-31
JOB-1075,Full Stack Developer,Nexus AI,Tamil Nadu (Chennai),Hybrid,Senior Level (5-8 yrs),1185653,3100886,2143269,INR,"SQL, Next.js, Redis, React, TailwindCSS, TypeScript, Node.js, Python","Nexus AI is expanding its engineering hub in Tamil Nadu (Chennai). We are hiring a Full Stack Developer with expertise in Python, React, Node.js, SQL, TypeScript and proficiency in Redis, TailwindCSS, Next.js.",2026-07-10
JOB-1076,DevOps & Cloud Engineer,Vanguard AI,Uttar Pradesh (Lucknow),Remote,Mid Level (2-5 yrs),1199790,3112092,2155941,INR,"Grafana, Docker, Azure, CI/CD, Terraform, Bash, Linux","Join Vanguard AI (Uttar Pradesh (Lucknow)) as a DevOps & Cloud Engineer! In this role, you will lead the architecture, design, and execution of core digital products using Terraform, CI/CD, Linux, Docker and Azure, Grafana, Bash.",2026-08-16
JOB-1077,Data Engineer,Nexus AI,Maharashtra (Pune),Hybrid,Entry Level (0-2 yrs),761758,1929791,1345774,INR,"SQL, Docker, Snowflake, Kubernetes, PostgreSQL, Spark, dbt, GCP BigQuery, Python","Nexus AI is expanding its engineering hub in Maharashtra (Pune). We are hiring a Data Engineer with expertise in Spark, SQL, Python, Docker, Snowflake and proficiency in dbt, GCP BigQuery, PostgreSQL, Kubernetes.",2026-08-17
JOB-1078,Data Analyst,Paytm Digital,Kerala (Kochi),Hybrid,Entry Level (0-2 yrs),424726,1033734,729230,INR,"Tableau, SQL, PowerBI, BigQuery, Snowflake, Python, Excel","Join Paytm Digital (Kerala (Kochi)) as a Data Analyst! In this role, you will lead the architecture, design, and execution of core digital products using Python, PowerBI, Tableau, Excel, SQL and BigQuery, Snowflake.",2026-07-15
JOB-1079,DevOps & Cloud Engineer,Vanguard AI,Karnataka (Bengaluru),Onsite,Lead / Principal (8+ yrs),2185534,5623616,3904575,INR,"Docker, Azure, Kubernetes, CI/CD, Ansible, Terraform, Python, Linux","Join Vanguard AI (Karnataka (Bengaluru)) as a DevOps & Cloud Engineer! In this role, you will lead the architecture, design, and execution of core digital products using Kubernetes, Linux, Docker, Terraform, CI/CD and Azure, Ansible, Python.",2026-08-16
JOB-1080,Full Stack Developer,TechNova India,Maharashtra (Pune),Onsite,Mid Level (2-5 yrs),870625,2446187,1658406,INR,"SQL, React, TailwindCSS, JavaScript, Node.js, GraphQL, MongoDB","We are seeking an experienced Full Stack Developer at TechNova India in Maharashtra (Pune). You will work closely with engineering teams to implement high-impact systems using Node.js, SQL, React, JavaScript. Expert knowledge of SQL, React, TailwindCSS, JavaScript, Node.js, GraphQL, MongoDB is required.",2026-08-11
JOB-1081,Full Stack Developer,Paytm Digital,Maharashtra (Mumbai),Onsite,Entry Level (0-2 yrs),588553,1550242,1069397,INR,"SQL, React, TailwindCSS, Node.js, Python, Express, MongoDB","Join Paytm Digital (Maharashtra (Mumbai)) as a Full Stack Developer! In this role, you will lead the architecture, design, and execution of core digital products using SQL, Node.js, Python, React and TailwindCSS, MongoDB, Express.",2026-08-13
JOB-1082,Data Analyst,Flipkart Labs,Remote (India),Remote,Mid Level (2-5 yrs),653438,1685551,1169494,INR,"SQL, PowerBI, Statistics, Looker, Python, Excel","Join Flipkart Labs (Remote (India)) as a Data Analyst! In this role, you will lead the architecture, design, and execution of core digital products using SQL, Python, Excel, PowerBI and Statistics, Looker.",2026-08-02
JOB-1083,Cloud Architect,DataStream Corp,Karnataka (Bengaluru),Hybrid,Senior Level (5-8 yrs),2764282,6665909,4715095,INR,"Serverless, Docker, IAM, Azure, GCP, Terraform, Python","We are seeking an experienced Cloud Architect at DataStream Corp in Karnataka (Bengaluru). You will work closely with engineering teams to implement high-impact systems using Azure, Terraform, Python. Expert knowledge of Serverless, Docker, IAM, Azure, GCP, Terraform, Python is required.",2026-06-26
JOB-1084,Cloud Architect,Flipkart Labs,Madhya Pradesh (Indore),Onsite,Mid Level (2-5 yrs),1984038,4982025,3483031,INR,"Serverless, Azure, Cloud Security, System Design, AWS, Terraform, Networking, Python","Join Flipkart Labs (Madhya Pradesh (Indore)) as a Cloud Architect! In this role, you will lead the architecture, design, and execution of core digital products using Terraform, Cloud Security, AWS, Azure, Python and System Design, Serverless, Networking.",2026-08-15
JOB-1085,Cybersecurity Specialist,DataStream Corp,Gujarat (Ahmedabad / GIFT City),Hybrid,Mid Level (2-5 yrs),923980,2615914,1769947,INR,"AWS Security, Wireshark, CISSP, SIEM, Network Security, Python, Penetration Testing, Linux","We are seeking an experienced Cybersecurity Specialist at DataStream Corp in Gujarat (Ahmedabad / GIFT City). You will work closely with engineering teams to implement high-impact systems using Network Security, SIEM, Python, Linux, Penetration Testing. Expert knowledge of AWS Security, Wireshark, CISSP, SIEM, Network Security, Python, Penetration Testing, Linux is required.",2026-06-24
JOB-1086,Cloud Architect,Pulse Analytics,Tamil Nadu (Chennai),Remote,Entry Level (0-2 yrs),1435825,3335776,2385800,INR,"Serverless, Azure, Kubernetes, Cloud Security, System Design, Python","Pulse Analytics is expanding its engineering hub in Tamil Nadu (Chennai). We are hiring a Cloud Architect with expertise in Azure, Python, Kubernetes, Cloud Security and proficiency in System Design, Serverless.",2026-07-03
JOB-1087,Product Manager (Tech),Flipkart Labs,Kerala (Thiruvananthapuram),Onsite,Mid Level (2-5 yrs),1502201,3655909,2579055,INR,"SQL, Data Analytics, Agile, Product Strategy, User Research, Jira, Figma","Join Flipkart Labs (Kerala (Thiruvananthapuram)) as a Product Manager (Tech)! In this role, you will lead the architecture, design, and execution of core digital products using Agile, SQL, Product Strategy, User Research and Figma, Jira, Data Analytics.",2026-08-18
JOB-1088,AI/ML Engineer,Pulse Analytics,Kerala (Kochi),Remote,Senior Level (5-8 yrs),1817440,4970223,3393831,INR,"Scikit-Learn, LangChain, SQL, MLflow, Docker, Kubernetes","We are seeking an experienced AI/ML Engineer at Pulse Analytics in Kerala (Kochi). You will work closely with engineering teams to implement high-impact systems using SQL, Docker, Scikit-Learn. Expert knowledge of Scikit-Learn, LangChain, SQL, MLflow, Docker, Kubernetes is required.",2026-07-31
JOB-1089,Product Manager (Tech),Zomato Tech,Tamil Nadu (Chennai),Remote,Mid Level (2-5 yrs),1459169,4117631,2788400,INR,"System Architecture, Agile, Product Strategy, Scrum, User Research, Figma, A/B Testing, Roadmapping","Join Zomato Tech (Tamil Nadu (Chennai)) as a Product Manager (Tech)! In this role, you will lead the architecture, design, and execution of core digital products using Agile, Product Strategy, Roadmapping, User Research and Scrum, System Architecture, Figma, A/B Testing.",2026-07-25
JOB-1090,Cloud Architect,Paytm Digital,Maharashtra (Mumbai),Onsite,Senior Level (5-8 yrs),3060069,6858029,4959049,INR,"Serverless, IAM, Cloud Security, AWS, Terraform, Networking","We are seeking an experienced Cloud Architect at Paytm Digital in Maharashtra (Mumbai). You will work closely with engineering teams to implement high-impact systems using Cloud Security, AWS, Terraform. Expert knowledge of Serverless, IAM, Cloud Security, AWS, Terraform, Networking is required.",2026-07-30
JOB-1091,Data Engineer,Flipkart Labs,Tamil Nadu (Chennai),Hybrid,Mid Level (2-5 yrs),1058332,2975383,2016857,INR,"SQL, Docker, Hive, Kubernetes, Spark, GCP BigQuery, Python, Airflow","Flipkart Labs is expanding its engineering hub in Tamil Nadu (Chennai). We are hiring a Data Engineer with expertise in Docker, Airflow, SQL, Spark, Python and proficiency in Hive, GCP BigQuery, Kubernetes.",2026-07-07
JOB-1092,Data Engineer,Vanguard AI,Remote (Global),Remote,Mid Level (2-5 yrs),930989,2685643,1808316,INR,"SQL, Hive, Snowflake, Spark, dbt, AWS Redshift, Airflow","We are seeking an experienced Data Engineer at Vanguard AI in Remote (Global). You will work closely with engineering teams to implement high-impact systems using Spark, SQL, Snowflake, Airflow. Expert knowledge of SQL, Hive, Snowflake, Spark, dbt, AWS Redshift, Airflow is required.",2026-07-19
JOB-1093,AI/ML Engineer,QuantVantage,Tamil Nadu (Chennai),Onsite,Mid Level (2-5 yrs),1242327,3316271,2279299,INR,"SQL, MLflow, Docker, Kubernetes, AWS SageMaker, FastAPI, PyTorch","Join QuantVantage (Tamil Nadu (Chennai)) as a AI/ML Engineer! In this role, you will lead the architecture, design, and execution of core digital products using PyTorch, SQL, Docker and AWS SageMaker, MLflow, Kubernetes, FastAPI.",2026-07-12
JOB-1094,Data Analyst,ByteCraft Inc,Gujarat (Ahmedabad / GIFT City),Onsite,Mid Level (2-5 yrs),600348,1573971,1087159,INR,"Tableau, PowerBI, Snowflake, Statistics, Google Analytics, Python, Excel","We are seeking an experienced Data Analyst at ByteCraft Inc in Gujarat (Ahmedabad / GIFT City). You will work closely with engineering teams to implement high-impact systems using Python, Tableau, Excel, PowerBI. Expert knowledge of Tableau, PowerBI, Snowflake, Statistics, Google Analytics, Python, Excel is required.",2026-06-29
JOB-1095,DevOps & Cloud Engineer,Paytm Digital,Tamil Nadu (Chennai),Hybrid,Entry Level (0-2 yrs),735009,2270228,1502618,INR,"Grafana, ArgoCD, Kubernetes, AWS, CI/CD, Ansible, Python, Linux","We are seeking an experienced DevOps & Cloud Engineer at Paytm Digital in Tamil Nadu (Chennai). You will work closely with engineering teams to implement high-impact systems using Kubernetes, AWS, Linux, CI/CD. Expert knowledge of Grafana, ArgoCD, Kubernetes, AWS, CI/CD, Ansible, Python, Linux is required.",2026-06-28
JOB-1096,Cybersecurity Specialist,Nexus AI,Gujarat (Ahmedabad / GIFT City),Hybrid,Senior Level (5-8 yrs),1228477,3296520,2262498,INR,"SOC, Firewalls, Incident Response, Wireshark, SIEM, Network Security, Python","We are seeking an experienced Cybersecurity Specialist at Nexus AI in Gujarat (Ahmedabad / GIFT City). You will work closely with engineering teams to implement high-impact systems using SIEM, Network Security, Python. Expert knowledge of SOC, Firewalls, Incident Response, Wireshark, SIEM, Network Security, Python is required.",2026-06-28
JOB-1097,Cloud Architect,TCS Innovation Labs,Tamil Nadu (Chennai),Remote,Mid Level (2-5 yrs),1886261,4463538,3174899,INR,"Enterprise Architecture, Serverless, Azure, Kubernetes, GCP, System Design, Terraform, Python","TCS Innovation Labs is expanding its engineering hub in Tamil Nadu (Chennai). We are hiring a Cloud Architect with expertise in Python, Azure, Terraform, Kubernetes and proficiency in GCP, Enterprise Architecture, Serverless, System Design.",2026-07-13
JOB-1098,Cybersecurity Specialist,DataStream Corp,Kerala (Kochi),Remote,Mid Level (2-5 yrs),917413,2348546,1632979,INR,"Compliance, Wireshark, Incident Response, SIEM, Cryptography, Python, Linux","DataStream Corp is expanding its engineering hub in Kerala (Kochi). We are hiring a Cybersecurity Specialist with expertise in Python, SIEM, Linux and proficiency in Compliance, Wireshark, Cryptography, Incident Response.",2026-07-15
JOB-1099,DevOps & Cloud Engineer,TCS Innovation Labs,Kerala (Kochi),Hybrid,Entry Level (0-2 yrs),776788,2220293,1498540,INR,"Grafana, Docker, Azure, AWS, Ansible, Terraform, Python, Linux","TCS Innovation Labs is expanding its engineering hub in Kerala (Kochi). We are hiring a DevOps & Cloud Engineer with expertise in Docker, AWS, Terraform, Linux and proficiency in Python, Azure, Ansible, Grafana.",2026-07-16
JOB-1100,AI/ML Engineer,Hyperion Software,Remote (India),Remote,Entry Level (0-2 yrs),879134,2512845,1695989,INR,"Docker, ONNX, Kubernetes, Python, TensorFlow, PyTorch","Hyperion Software is expanding its engineering hub in Remote (India). We are hiring a AI/ML Engineer with expertise in TensorFlow, Docker, Python, PyTorch and proficiency in ONNX, Kubernetes.",2026-07-04
JOB-1101,Cloud Architect,TCS Innovation Labs,Maharashtra (Mumbai),Hybrid,Mid Level (2-5 yrs),2110476,4759372,3434924,INR,"IAM, Azure, Kubernetes, Cloud Security, AWS, Terraform, Microservices","Join TCS Innovation Labs (Maharashtra (Mumbai)) as a Cloud Architect! In this role, you will lead the architecture, design, and execution of core digital products using Azure, Terraform, Kubernetes, Cloud Security, AWS and Microservices, IAM.",2026-08-08
JOB-1102,AI/ML Engineer,Wipro Cloud,Maharashtra (Mumbai),Hybrid,Lead / Principal (8+ yrs),2382414,6257342,4319878,INR,"Scikit-Learn, SQL, MLflow, Docker, Kubernetes, Transformers, FastAPI, Python, PyTorch","We are seeking an experienced AI/ML Engineer at Wipro Cloud in Maharashtra (Mumbai). You will work closely with engineering teams to implement high-impact systems using Scikit-Learn, SQL, Docker, PyTorch, Python. Expert knowledge of Scikit-Learn, SQL, MLflow, Docker, Kubernetes, Transformers, FastAPI, Python, PyTorch is required.",2026-06-30
JOB-1103,Cloud Architect,Vanguard AI,Rajasthan (Jaipur),Onsite,Mid Level (2-5 yrs),1906688,4399307,3152997,INR,"Serverless, IAM, Azure, Cloud Security, Terraform, Networking, Python","Join Vanguard AI (Rajasthan (Jaipur)) as a Cloud Architect! In this role, you will lead the architecture, design, and execution of core digital products using Cloud Security, Azure, Terraform, Python and IAM, Serverless, Networking.",2026-08-15
JOB-1104,Cybersecurity Specialist,Paytm Digital,Delhi NCR (Gurugram),Onsite,Mid Level (2-5 yrs),939179,2426655,1682917,INR,"AWS Security, Compliance, Incident Response, SIEM, Network Security, Linux","Join Paytm Digital (Delhi NCR (Gurugram)) as a Cybersecurity Specialist! In this role, you will lead the architecture, design, and execution of core digital products using Network Security, Linux, SIEM and AWS Security, Incident Response, Compliance.",2026-07-29
JOB-1105,Product Manager (Tech),CloudScale Labs,Punjab (Mohali / Chandigarh),Onsite,Lead / Principal (8+ yrs),3026298,6527747,4777022,INR,"Growth Hacking, Agile, Product Strategy, User Research, Figma, A/B Testing, Roadmapping","CloudScale Labs is expanding its engineering hub in Punjab (Mohali / Chandigarh). We are hiring a Product Manager (Tech) with expertise in Agile, Roadmapping, User Research, Product Strategy and proficiency in Figma, Growth Hacking, A/B Testing.",2026-07-08
JOB-1106,Product Manager (Tech),CloudScale Labs,Tamil Nadu (Chennai),Remote,Mid Level (2-5 yrs),1578925,3856180,2717552,INR,"SQL, System Architecture, Data Analytics, Growth Hacking, Product Strategy, Agile, User Research, Scrum, Roadmapping","CloudScale Labs is expanding its engineering hub in Tamil Nadu (Chennai). We are hiring a Product Manager (Tech) with expertise in User Research, Roadmapping, Product Strategy, Agile, SQL and proficiency in Scrum, Data Analytics, Growth Hacking, System Architecture.",2026-07-28
JOB-1107,Cybersecurity Specialist,QuantVantage,West Bengal (Kolkata),Remote,Lead / Principal (8+ yrs),1732944,4535416,3134180,INR,"Firewalls, CISSP, SIEM, Cryptography, Python, Linux","QuantVantage is expanding its engineering hub in West Bengal (Kolkata). We are hiring a Cybersecurity Specialist with expertise in Python, SIEM, Linux and proficiency in Firewalls, CISSP, Cryptography.",2026-08-02
JOB-1108,Product Manager (Tech),Wipro Cloud,Telangana (Hyderabad),Remote,Senior Level (5-8 yrs),2264359,5693849,3979104,INR,"SQL, System Architecture, Data Analytics, Growth Hacking, Product Strategy, Agile, Jira, Roadmapping","Wipro Cloud is expanding its engineering hub in Telangana (Hyderabad). We are hiring a Product Manager (Tech) with expertise in Product Strategy, SQL, Agile, Roadmapping and proficiency in Data Analytics, Growth Hacking, Jira, System Architecture.",2026-07-06
JOB-1109,Full Stack Developer,Pulse Analytics,Remote (Global),Remote,Mid Level (2-5 yrs),794784,2631845,1713314,INR,"SQL, Redis, TypeScript, Node.js, GraphQL","We are seeking an experienced Full Stack Developer at Pulse Analytics in Remote (Global). You will work closely with engineering teams to implement high-impact systems using TypeScript, SQL, Node.js. Expert knowledge of SQL, Redis, TypeScript, Node.js, GraphQL is required.",2026-07-12
JOB-1110,Data Engineer,Nexus AI,Kerala (Kochi),Hybrid,Lead / Principal (8+ yrs),1831490,5366592,3599041,INR,"SQL, Docker, Snowflake, Kubernetes, dbt, Python, Airflow","Join Nexus AI (Kerala (Kochi)) as a Data Engineer! In this role, you will lead the architecture, design, and execution of core digital products using Airflow, Snowflake, Docker, SQL, Python and Kubernetes, dbt.",2026-08-12
JOB-1111,Full Stack Developer,TCS Innovation Labs,Madhya Pradesh (Indore),Onsite,Lead / Principal (8+ yrs),1608682,4196217,2902449,INR,"Docker, Redis, JavaScript, AWS, TypeScript, Python","TCS Innovation Labs is expanding its engineering hub in Madhya Pradesh (Indore). We are hiring a Full Stack Developer with expertise in JavaScript, Python, TypeScript and proficiency in Docker, Redis, AWS.",2026-06-24
JOB-1112,Data Analyst,Nexus AI,West Bengal (Kolkata),Remote,Senior Level (5-8 yrs),784761,2295766,1540263,INR,"Tableau, SQL, PowerBI, Pandas, Snowflake, Looker, Google Analytics, Python, Excel","Nexus AI is expanding its engineering hub in West Bengal (Kolkata). We are hiring a Data Analyst with expertise in Tableau, Python, PowerBI, Excel, SQL and proficiency in Looker, Google Analytics, Snowflake, Pandas.",2026-07-30
JOB-1113,AI/ML Engineer,TechNova India,Maharashtra (Pune),Remote,Lead / Principal (8+ yrs),2422752,6452913,4437832,INR,"Scikit-Learn, LangChain, Docker, ONNX, Transformers, Python, TensorFlow, PyTorch","TechNova India is expanding its engineering hub in Maharashtra (Pune). We are hiring a AI/ML Engineer with expertise in TensorFlow, PyTorch, Scikit-Learn, Docker, Python and proficiency in LangChain, Transformers, ONNX.",2026-07-26
JOB-1114,Data Analyst,ByteCraft Inc,Maharashtra (Pune),Onsite,Entry Level (0-2 yrs),404822,1229317,817069,INR,"SQL, PowerBI, A/B Testing, BigQuery, Looker, Python, Excel","Join ByteCraft Inc (Maharashtra (Pune)) as a Data Analyst! In this role, you will lead the architecture, design, and execution of core digital products using Excel, PowerBI, Python, SQL and Looker, A/B Testing, BigQuery.",2026-07-26
JOB-1115,Full Stack Developer,Pulse Analytics,Remote (Global),Remote,Mid Level (2-5 yrs),728096,2613784,1670940,INR,"SQL, Next.js, Docker, PostgreSQL, JavaScript, TypeScript, Node.js","Pulse Analytics is expanding its engineering hub in Remote (Global). We are hiring a Full Stack Developer with expertise in TypeScript, Node.js, JavaScript, SQL and proficiency in PostgreSQL, Docker, Next.js.",2026-07-25
JOB-1116,DevOps & Cloud Engineer,Infosys Digital,Kerala (Thiruvananthapuram),Onsite,Senior Level (5-8 yrs),1413735,4110323,2762029,INR,"Grafana, Docker, GitLab CI, AWS, Ansible, Terraform","Join Infosys Digital (Kerala (Thiruvananthapuram)) as a DevOps & Cloud Engineer! In this role, you will lead the architecture, design, and execution of core digital products using Docker, Terraform, AWS and Grafana, GitLab CI, Ansible.",2026-08-05
JOB-1117,DevOps & Cloud Engineer,Flipkart Labs,Punjab (Mohali / Chandigarh),Remote,Entry Level (0-2 yrs),713625,2001078,1357351,INR,"Kubernetes, GCP, AWS, CI/CD, Terraform, Python","Join Flipkart Labs (Punjab (Mohali / Chandigarh)) as a DevOps & Cloud Engineer! In this role, you will lead the architecture, design, and execution of core digital products using AWS, Terraform, Kubernetes, CI/CD and Python, GCP.",2026-07-03
JOB-1118,Cybersecurity Specialist,Pulse Analytics,Maharashtra (Mumbai),Hybrid,Entry Level (0-2 yrs),602244,1998029,1300136,INR,"Compliance, AWS Security, SIEM, Cryptography, Network Security, Python, Penetration Testing, Linux","Pulse Analytics is expanding its engineering hub in Maharashtra (Mumbai). We are hiring a Cybersecurity Specialist with expertise in Python, Linux, SIEM, Penetration Testing, Network Security and proficiency in Compliance, Cryptography, AWS Security.",2026-07-12
JOB-1119,Data Engineer,TCS Innovation Labs,Telangana (Hyderabad),Hybrid,Mid Level (2-5 yrs),909060,2596740,1752900,INR,"SQL, Hive, Snowflake, Databricks, Spark, Kafka, GCP BigQuery, Python","Join TCS Innovation Labs (Telangana (Hyderabad)) as a Data Engineer! In this role, you will lead the architecture, design, and execution of core digital products using Snowflake, Spark, SQL, Python and Hive, GCP BigQuery, Databricks, Kafka.",2026-06-30
JOB-1120,Product Manager (Tech),Zomato Tech,Uttar Pradesh (Lucknow),Remote,Senior Level (5-8 yrs),2139364,5327783,3733573,INR,"SQL, Data Analytics, Growth Hacking, Product Strategy, Agile, User Research, Figma, Roadmapping","Zomato Tech is expanding its engineering hub in Uttar Pradesh (Lucknow). We are hiring a Product Manager (Tech) with expertise in Product Strategy, User Research, SQL, Roadmapping, Agile and proficiency in Figma, Growth Hacking, Data Analytics.",2026-07-17
JOB-1121,Product Manager (Tech),Flipkart Labs,Kerala (Kochi),Hybrid,Senior Level (5-8 yrs),2001522,5485548,3743535,INR,"System Architecture, Growth Hacking, Agile, Product Strategy, User Research, Jira, Scrum, Roadmapping","Flipkart Labs is expanding its engineering hub in Kerala (Kochi). We are hiring a Product Manager (Tech) with expertise in User Research, Agile, Product Strategy, Roadmapping and proficiency in System Architecture, Growth Hacking, Jira, Scrum.",2026-07-15
JOB-1122,DevOps & Cloud Engineer,CloudScale Labs,Remote (India),Remote,Entry Level (0-2 yrs),695916,2021750,1358833,INR,"Kubernetes, AWS, CI/CD, Terraform, Python, Linux, Prometheus","We are seeking an experienced DevOps & Cloud Engineer at CloudScale Labs in Remote (India). You will work closely with engineering teams to implement high-impact systems using CI/CD, AWS, Terraform, Linux, Kubernetes. Expert knowledge of Kubernetes, AWS, CI/CD, Terraform, Python, Linux, Prometheus is required.",2026-07-25
JOB-1123,DevOps & Cloud Engineer,Vanguard AI,Remote (Global),Remote,Senior Level (5-8 yrs),1693421,4181831,2937626,INR,"Docker, ArgoCD, Azure, Kubernetes, CI/CD, Linux","Join Vanguard AI (Remote (Global)) as a DevOps & Cloud Engineer! In this role, you will lead the architecture, design, and execution of core digital products using CI/CD, Linux, Docker, Kubernetes and ArgoCD, Azure.",2026-07-31
JOB-1124,Full Stack Developer,ByteCraft Inc,Kerala (Thiruvananthapuram),Onsite,Mid Level (2-5 yrs),870637,2631484,1751060,INR,"SQL, Redis, React, JavaScript, Node.js, Python, Express, MongoDB","Join ByteCraft Inc (Kerala (Thiruvananthapuram)) as a Full Stack Developer! In this role, you will lead the architecture, design, and execution of core digital products using SQL, React, Node.js, JavaScript, Python and Redis, MongoDB, Express.",2026-07-06
JOB-1125,DevOps & Cloud Engineer,OmniCloud Systems,Kerala (Thiruvananthapuram),Hybrid,Mid Level (2-5 yrs),999254,3273188,2136221,INR,"GitLab CI, Docker, Azure, Kubernetes, AWS, CI/CD, Bash, Linux","We are seeking an experienced DevOps & Cloud Engineer at OmniCloud Systems in Kerala (Thiruvananthapuram). You will work closely with engineering teams to implement high-impact systems using Kubernetes, CI/CD, Linux, AWS, Docker. Expert knowledge of GitLab CI, Docker, Azure, Kubernetes, AWS, CI/CD, Bash, Linux is required.",2026-07-29
JOB-1126,Product Manager (Tech),Apex Systems,Remote (India),Remote,Mid Level (2-5 yrs),1621555,3591510,2606532,INR,"SQL, Growth Hacking, Agile, Product Strategy, User Research, Jira, Roadmapping","We are seeking an experienced Product Manager (Tech) at Apex Systems in Remote (India). You will work closely with engineering teams to implement high-impact systems using User Research, Roadmapping, Agile, SQL, Product Strategy. Expert knowledge of SQL, Growth Hacking, Agile, Product Strategy, User Research, Jira, Roadmapping is required.",2026-08-17
JOB-1127,Data Engineer,Vanguard AI,Kerala (Thiruvananthapuram),Onsite,Mid Level (2-5 yrs),957083,2553131,1755107,INR,"SQL, Docker, Databricks, PostgreSQL, Spark, AWS Redshift, Python, Airflow","We are seeking an experienced Data Engineer at Vanguard AI in Kerala (Thiruvananthapuram). You will work closely with engineering teams to implement high-impact systems using SQL, Python, Docker, Airflow, Spark. Expert knowledge of SQL, Docker, Databricks, PostgreSQL, Spark, AWS Redshift, Python, Airflow is required.",2026-07-10
JOB-1128,DevOps & Cloud Engineer,Swiggy Engineering,Maharashtra (Mumbai),Remote,Mid Level (2-5 yrs),992038,3040777,2016407,INR,"Grafana, AWS, Ansible, Terraform, Linux","We are seeking an experienced DevOps & Cloud Engineer at Swiggy Engineering in Maharashtra (Mumbai). You will work closely with engineering teams to implement high-impact systems using Linux, Terraform, AWS. Expert knowledge of Grafana, AWS, Ansible, Terraform, Linux is required.",2026-06-22
JOB-1129,Cloud Architect,CyberShield Tech,Uttar Pradesh (Lucknow),Onsite,Mid Level (2-5 yrs),1864997,4760557,3312777,INR,"Azure, Kubernetes, System Design, Terraform, Python, Microservices","Join CyberShield Tech (Uttar Pradesh (Lucknow)) as a Cloud Architect! In this role, you will lead the architecture, design, and execution of core digital products using Azure, Kubernetes, Terraform, Python and Microservices, System Design.",2026-07-06
JOB-1130,Full Stack Developer,TechNova India,Kerala (Thiruvananthapuram),Hybrid,Mid Level (2-5 yrs),784133,2205784,1494958,INR,"Next.js, Redis, TypeScript, Node.js, Python, GraphQL","We are seeking an experienced Full Stack Developer at TechNova India in Kerala (Thiruvananthapuram). You will work closely with engineering teams to implement high-impact systems using TypeScript, Python, Node.js. Expert knowledge of Next.js, Redis, TypeScript, Node.js, Python, GraphQL is required.",2026-07-21
JOB-1131,Cloud Architect,HCL Tech Solutions,Karnataka (Bengaluru),Hybrid,Mid Level (2-5 yrs),2077107,4379639,3228373,INR,"Serverless, IAM, Kubernetes, Cloud Security, GCP, System Design, Terraform, Python","We are seeking an experienced Cloud Architect at HCL Tech Solutions in Karnataka (Bengaluru). You will work closely with engineering teams to implement high-impact systems using Cloud Security, Python, Kubernetes, Terraform. Expert knowledge of Serverless, IAM, Kubernetes, Cloud Security, GCP, System Design, Terraform, Python is required.",2026-07-22
JOB-1132,Data Analyst,Infosys Digital,Rajasthan (Jaipur),Onsite,Mid Level (2-5 yrs),558382,1679275,1118828,INR,"Tableau, SQL, PowerBI, Pandas, A/B Testing, Snowflake, Statistics, Python, Excel","Infosys Digital is expanding its engineering hub in Rajasthan (Jaipur). We are hiring a Data Analyst with expertise in Tableau, SQL, PowerBI, Python, Excel and proficiency in Statistics, Pandas, Snowflake, A/B Testing.",2026-07-28
JOB-1133,Cybersecurity Specialist,Swiggy Engineering,Remote (India),Remote,Senior Level (5-8 yrs),1149563,3674688,2412125,INR,"SOC, AWS Security, Wireshark, SIEM, Cryptography, Network Security, Python, Penetration Testing, Linux","Swiggy Engineering is expanding its engineering hub in Remote (India). We are hiring a Cybersecurity Specialist with expertise in Python, Penetration Testing, Linux, Network Security, SIEM and proficiency in SOC, Wireshark, AWS Security, Cryptography.",2026-08-08
JOB-1134,Full Stack Developer,Infosys Digital,Kerala (Thiruvananthapuram),Onsite,Mid Level (2-5 yrs),802119,2379263,1590691,INR,"SQL, Docker, JavaScript, AWS, TypeScript, Node.js, Python","We are seeking an experienced Full Stack Developer at Infosys Digital in Kerala (Thiruvananthapuram). You will work closely with engineering teams to implement high-impact systems using TypeScript, Python, Node.js, JavaScript, SQL. Expert knowledge of SQL, Docker, JavaScript, AWS, TypeScript, Node.js, Python is required.",2026-07-16
JOB-1135,Product Manager (Tech),CyberShield Tech,Karnataka (Bengaluru),Hybrid,Mid Level (2-5 yrs),1512349,3465794,2489071,INR,"SQL, Data Analytics, Growth Hacking, Product Strategy, Agile, Jira","We are seeking an experienced Product Manager (Tech) at CyberShield Tech in Karnataka (Bengaluru). You will work closely with engineering teams to implement high-impact systems using Product Strategy, Agile, SQL. Expert knowledge of SQL, Data Analytics, Growth Hacking, Product Strategy, Agile, Jira is required.",2026-06-22
JOB-1136,Product Manager (Tech),CloudScale Labs,Kerala (Kochi),Hybrid,Entry Level (0-2 yrs),961852,2906924,1934388,INR,"SQL, System Architecture, Growth Hacking, Product Strategy, Scrum, User Research","CloudScale Labs is expanding its engineering hub in Kerala (Kochi). We are hiring a Product Manager (Tech) with expertise in SQL, User Research, Product Strategy and proficiency in System Architecture, Scrum, Growth Hacking.",2026-08-12
JOB-1137,Cloud Architect,DataStream Corp,Delhi NCR (Gurugram),Onsite,Mid Level (2-5 yrs),2069399,4842667,3456033,INR,"Docker, Azure, AWS, Networking, Python","DataStream Corp is expanding its engineering hub in Delhi NCR (Gurugram). We are hiring a Cloud Architect with expertise in Python, Azure, AWS and proficiency in Networking, Docker.",2026-07-27
JOB-1138,DevOps & Cloud Engineer,HCL Tech Solutions,Uttar Pradesh (Lucknow),Hybrid,Entry Level (0-2 yrs),703362,2139456,1421409,INR,"ArgoCD, GCP, AWS, CI/CD, Ansible, Python, Linux","Join HCL Tech Solutions (Uttar Pradesh (Lucknow)) as a DevOps & Cloud Engineer! In this role, you will lead the architecture, design, and execution of core digital products using CI/CD, Linux, AWS and GCP, Ansible, Python, ArgoCD.",2026-07-13
JOB-1139,AI/ML Engineer,HCL Tech Solutions,Maharashtra (Mumbai),Hybrid,Mid Level (2-5 yrs),1136856,3763380,2450118,INR,"Scikit-Learn, LangChain, Docker, ONNX, Python, TensorFlow, PyTorch","HCL Tech Solutions is expanding its engineering hub in Maharashtra (Mumbai). We are hiring a AI/ML Engineer with expertise in PyTorch, Python, Docker, TensorFlow, Scikit-Learn and proficiency in ONNX, LangChain.",2026-07-18
JOB-1140,DevOps & Cloud Engineer,Vanguard AI,Kerala (Kochi),Hybrid,Entry Level (0-2 yrs),814013,2023868,1418940,INR,"Docker, Azure, Kubernetes, GCP, AWS, CI/CD, Terraform","Join Vanguard AI (Kerala (Kochi)) as a DevOps & Cloud Engineer! In this role, you will lead the architecture, design, and execution of core digital products using CI/CD, Docker, Terraform, Kubernetes, AWS and Azure, GCP.",2026-07-25
JOB-1141,Full Stack Developer,CyberShield Tech,Rajasthan (Jaipur),Remote,Senior Level (5-8 yrs),1133974,3674352,2404163,INR,"SQL, Next.js, React, AWS, TypeScript, Node.js","CyberShield Tech is expanding its engineering hub in Rajasthan (Jaipur). We are hiring a Full Stack Developer with expertise in TypeScript, SQL, React, Node.js and proficiency in AWS, Next.js.",2026-07-18
JOB-1142,Full Stack Developer,Hyperion Software,Gujarat (Ahmedabad / GIFT City),Hybrid,Mid Level (2-5 yrs),827787,2449402,1638594,INR,"SQL, React, TailwindCSS, JavaScript, Node.js, Python, MongoDB","We are seeking an experienced Full Stack Developer at Hyperion Software in Gujarat (Ahmedabad / GIFT City). You will work closely with engineering teams to implement high-impact systems using JavaScript, Node.js, React, SQL, Python. Expert knowledge of SQL, React, TailwindCSS, JavaScript, Node.js, Python, MongoDB is required.",2026-08-08
JOB-1143,DevOps & Cloud Engineer,OmniCloud Systems,Delhi NCR (Noida),Hybrid,Mid Level (2-5 yrs),1144829,2937979,2041404,INR,"GitLab CI, Docker, Grafana, Azure, CI/CD, Linux, Prometheus","We are seeking an experienced DevOps & Cloud Engineer at OmniCloud Systems in Delhi NCR (Noida). You will work closely with engineering teams to implement high-impact systems using Docker, CI/CD, Linux. Expert knowledge of GitLab CI, Docker, Grafana, Azure, CI/CD, Linux, Prometheus is required.",2026-07-16
JOB-1144,Cloud Architect,CyberShield Tech,Rajasthan (Jaipur),Hybrid,Mid Level (2-5 yrs),1987796,5126141,3556968,INR,"Enterprise Architecture, IAM, Kubernetes, Cloud Security, GCP, Terraform, Python","We are seeking an experienced Cloud Architect at CyberShield Tech in Rajasthan (Jaipur). You will work closely with engineering teams to implement high-impact systems using Cloud Security, Python, Kubernetes, Terraform. Expert knowledge of Enterprise Architecture, IAM, Kubernetes, Cloud Security, GCP, Terraform, Python is required.",2026-07-28
JOB-1145,Cloud Architect,Vanguard AI,Maharashtra (Mumbai),Onsite,Senior Level (5-8 yrs),2648810,6813797,4731303,INR,"Enterprise Architecture, Azure, Cloud Security, System Design, AWS, Terraform, Python, Microservices","We are seeking an experienced Cloud Architect at Vanguard AI in Maharashtra (Mumbai). You will work closely with engineering teams to implement high-impact systems using Azure, AWS, Cloud Security, Terraform, Python. Expert knowledge of Enterprise Architecture, Azure, Cloud Security, System Design, AWS, Terraform, Python, Microservices is required.",2026-07-20
JOB-1146,Cloud Architect,Apex Systems,Remote (India),Remote,Lead / Principal (8+ yrs),3734444,8318868,6026656,INR,"IAM, Azure, Kubernetes, System Design, AWS, Terraform, Python","Apex Systems is expanding its engineering hub in Remote (India). We are hiring a Cloud Architect with expertise in Python, Terraform, Kubernetes, AWS, Azure and proficiency in System Design, IAM.",2026-07-10
JOB-1147,AI/ML Engineer,Zomato Tech,Maharashtra (Mumbai),Remote,Lead / Principal (8+ yrs),2095111,6418032,4256571,INR,"Scikit-Learn, SQL, MLflow, Docker, FastAPI, Python, TensorFlow","We are seeking an experienced AI/ML Engineer at Zomato Tech in Maharashtra (Mumbai). You will work closely with engineering teams to implement high-impact systems using Python, Docker, Scikit-Learn, SQL, TensorFlow. Expert knowledge of Scikit-Learn, SQL, MLflow, Docker, FastAPI, Python, TensorFlow is required.",2026-07-12
JOB-1148,Product Manager (Tech),OmniCloud Systems,Karnataka (Bengaluru),Remote,Mid Level (2-5 yrs),1591850,4111427,2851638,INR,"Data Analytics, Agile, Product Strategy, User Research, Jira, Figma, Scrum, Roadmapping","We are seeking an experienced Product Manager (Tech) at OmniCloud Systems in Karnataka (Bengaluru). You will work closely with engineering teams to implement high-impact systems using Agile, Roadmapping, User Research, Product Strategy. Expert knowledge of Data Analytics, Agile, Product Strategy, User Research, Jira, Figma, Scrum, Roadmapping is required.",2026-06-23
JOB-1149,Data Engineer,Zomato Tech,Tamil Nadu (Chennai),Remote,Entry Level (0-2 yrs),664049,2037316,1350682,INR,"SQL, Docker, Snowflake, Databricks, Spark, Scala, GCP BigQuery, Python","Join Zomato Tech (Tamil Nadu (Chennai)) as a Data Engineer! In this role, you will lead the architecture, design, and execution of core digital products using Spark, Docker, Snowflake, SQL, Python and GCP BigQuery, Scala, Databricks.",2026-07-08
JOB-1150,Data Engineer,CloudScale Labs,Maharashtra (Pune),Hybrid,Mid Level (2-5 yrs),1028981,2705511,1867246,INR,"Docker, Snowflake, Spark, Scala, GCP BigQuery, Python, Airflow","We are seeking an experienced Data Engineer at CloudScale Labs in Maharashtra (Pune). You will work closely with engineering teams to implement high-impact systems using Airflow, Python, Snowflake, Spark, Docker. Expert knowledge of Docker, Snowflake, Spark, Scala, GCP BigQuery, Python, Airflow is required.",2026-06-24
JOB-1151,AI/ML Engineer,HCL Tech Solutions,Delhi NCR (Noida),Onsite,Senior Level (5-8 yrs),1824065,4718194,3271129,INR,"LangChain, SQL, MLflow, Docker, CUDA, Python, TensorFlow","We are seeking an experienced AI/ML Engineer at HCL Tech Solutions in Delhi NCR (Noida). You will work closely with engineering teams to implement high-impact systems using TensorFlow, Python, SQL, Docker. Expert knowledge of LangChain, SQL, MLflow, Docker, CUDA, Python, TensorFlow is required.",2026-07-14
JOB-1152,Full Stack Developer,Hyperion Software,Maharashtra (Pune),Hybrid,Entry Level (0-2 yrs),587491,1628208,1107849,INR,"Docker, React, Node.js, Python, Express, MongoDB","We are seeking an experienced Full Stack Developer at Hyperion Software in Maharashtra (Pune). You will work closely with engineering teams to implement high-impact systems using Python, Node.js, React. Expert knowledge of Docker, React, Node.js, Python, Express, MongoDB is required.",2026-07-24
JOB-1153,DevOps & Cloud Engineer,Nexus AI,Kerala (Thiruvananthapuram),Onsite,Senior Level (5-8 yrs),1556335,4095358,2825846,INR,"GitLab CI, Docker, Kubernetes, AWS, Terraform, Bash, Linux, Prometheus","We are seeking an experienced DevOps & Cloud Engineer at Nexus AI in Kerala (Thiruvananthapuram). You will work closely with engineering teams to implement high-impact systems using Terraform, Kubernetes, Linux, AWS, Docker. Expert knowledge of GitLab CI, Docker, Kubernetes, AWS, Terraform, Bash, Linux, Prometheus is required.",2026-07-08
JOB-1154,Cybersecurity Specialist,Nexus AI,Kerala (Kochi),Remote,Senior Level (5-8 yrs),1224896,3342626,2283761,INR,"SOC, Compliance, Incident Response, CISSP, SIEM, Python, Linux","Join Nexus AI (Kerala (Kochi)) as a Cybersecurity Specialist! In this role, you will lead the architecture, design, and execution of core digital products using Linux, Python, SIEM and CISSP, SOC, Incident Response, Compliance.",2026-07-23
JOB-1155,Cloud Architect,Apex Systems,Telangana (Hyderabad),Remote,Entry Level (0-2 yrs),1415181,3425133,2420157,INR,"Kubernetes, System Design, AWS, Terraform, Python, Microservices","Join Apex Systems (Telangana (Hyderabad)) as a Cloud Architect! In this role, you will lead the architecture, design, and execution of core digital products using Terraform, Kubernetes, Python, AWS and Microservices, System Design.",2026-06-26
JOB-1156,Cybersecurity Specialist,TechNova India,Kerala (Kochi),Hybrid,Mid Level (2-5 yrs),834991,2496588,1665789,INR,"SOC, Firewalls, Incident Response, CISSP, Python, Penetration Testing, Linux","Join TechNova India (Kerala (Kochi)) as a Cybersecurity Specialist! In this role, you will lead the architecture, design, and execution of core digital products using Penetration Testing, Python, Linux and CISSP, SOC, Incident Response, Firewalls.",2026-08-11
JOB-1157,Data Engineer,Infosys Digital,Madhya Pradesh (Indore),Hybrid,Mid Level (2-5 yrs),927097,2523789,1725443,INR,"Docker, Hive, Snowflake, Spark, Scala, Kafka, AWS Redshift, Python","Join Infosys Digital (Madhya Pradesh (Indore)) as a Data Engineer! In this role, you will lead the architecture, design, and execution of core digital products using Python, Spark, Snowflake, Docker and Scala, AWS Redshift, Hive, Kafka.",2026-07-30
JOB-1158,Cybersecurity Specialist,QuantVantage,Uttar Pradesh (Lucknow),Hybrid,Mid Level (2-5 yrs),984370,2491553,1737961,INR,"SOC, Firewalls, Incident Response, SIEM, Network Security, Python, Penetration Testing, Linux","QuantVantage is expanding its engineering hub in Uttar Pradesh (Lucknow). We are hiring a Cybersecurity Specialist with expertise in Penetration Testing, Python, SIEM, Linux, Network Security and proficiency in SOC, Firewalls, Incident Response.",2026-07-11
JOB-1159,Product Manager (Tech),Flipkart Labs,Gujarat (Ahmedabad / GIFT City),Hybrid,Mid Level (2-5 yrs),1635901,3770832,2703366,INR,"SQL, System Architecture, Agile, User Research, Jira, Figma, A/B Testing, Roadmapping","Flipkart Labs is expanding its engineering hub in Gujarat (Ahmedabad / GIFT City). We are hiring a Product Manager (Tech) with expertise in User Research, Agile, Roadmapping, SQL and proficiency in Figma, A/B Testing, System Architecture, Jira.",2026-08-07
JOB-1160,Product Manager (Tech),CyberShield Tech,Maharashtra (Pune),Hybrid,Senior Level (5-8 yrs),1921065,5842105,3881585,INR,"SQL, Growth Hacking, Product Strategy, User Research, Scrum, A/B Testing, Figma","Join CyberShield Tech (Maharashtra (Pune)) as a Product Manager (Tech)! In this role, you will lead the architecture, design, and execution of core digital products using User Research, Product Strategy, SQL and A/B Testing, Growth Hacking, Scrum, Figma.",2026-07-14
JOB-1161,Cybersecurity Specialist,Swiggy Engineering,Remote (Global),Remote,Lead / Principal (8+ yrs),1713950,4371613,3042781,INR,"SOC, Firewalls, SIEM, Network Security, Python, Penetration Testing, Linux","Swiggy Engineering is expanding its engineering hub in Remote (Global). We are hiring a Cybersecurity Specialist with expertise in SIEM, Network Security, Python, Penetration Testing, Linux and proficiency in SOC, Firewalls.",2026-07-08
JOB-1162,Cybersecurity Specialist,QuantVantage,Madhya Pradesh (Indore),Remote,Entry Level (0-2 yrs),641162,1820169,1230665,INR,"SOC, Compliance, SIEM, Cryptography, Python, Penetration Testing, Linux","Join QuantVantage (Madhya Pradesh (Indore)) as a Cybersecurity Specialist! In this role, you will lead the architecture, design, and execution of core digital products using Python, Penetration Testing, SIEM, Linux and Compliance, Cryptography, SOC.",2026-08-19
JOB-1163,Product Manager (Tech),DataStream Corp,Kerala (Kochi),Hybrid,Lead / Principal (8+ yrs),2786718,6816710,4801714,INR,"SQL, Data Analytics, Agile, Product Strategy, Scrum, A/B Testing","We are seeking an experienced Product Manager (Tech) at DataStream Corp in Kerala (Kochi). You will work closely with engineering teams to implement high-impact systems using Agile, Product Strategy, SQL. Expert knowledge of SQL, Data Analytics, Agile, Product Strategy, Scrum, A/B Testing is required.",2026-07-23
JOB-1164,Product Manager (Tech),QuantVantage,Maharashtra (Pune),Hybrid,Entry Level (0-2 yrs),1014507,2620828,1817667,INR,"SQL, System Architecture, Growth Hacking, Agile, Product Strategy, User Research, Figma, A/B Testing, Roadmapping","Join QuantVantage (Maharashtra (Pune)) as a Product Manager (Tech)! In this role, you will lead the architecture, design, and execution of core digital products using Agile, Roadmapping, Product Strategy, SQL, User Research and A/B Testing, Figma, System Architecture, Growth Hacking.",2026-08-06
JOB-1165,Cybersecurity Specialist,Infosys Digital,Delhi NCR (Gurugram),Onsite,Senior Level (5-8 yrs),1185857,3823692,2504774,INR,"SOC, Wireshark, Firewalls, SIEM, Network Security, Python, Linux","We are seeking an experienced Cybersecurity Specialist at Infosys Digital in Delhi NCR (Gurugram). You will work closely with engineering teams to implement high-impact systems using Network Security, Python, SIEM, Linux. Expert knowledge of SOC, Wireshark, Firewalls, SIEM, Network Security, Python, Linux is required.",2026-07-15
JOB-1166,Data Engineer,Swiggy Engineering,Delhi NCR (Gurugram),Hybrid,Mid Level (2-5 yrs),1017400,2714837,1866118,INR,"Snowflake, Databricks, Kubernetes, Spark, GCP BigQuery, AWS Redshift, Python, Airflow","Join Swiggy Engineering (Delhi NCR (Gurugram)) as a Data Engineer! In this role, you will lead the architecture, design, and execution of core digital products using Python, Spark, Airflow, Snowflake and Kubernetes, GCP BigQuery, Databricks, AWS Redshift.",2026-07-12
JOB-1167,Full Stack Developer,CyberShield Tech,Maharashtra (Pune),Onsite,Entry Level (0-2 yrs),561212,1652528,1106870,INR,"Docker, React, JavaScript, TypeScript, GraphQL","We are seeking an experienced Full Stack Developer at CyberShield Tech in Maharashtra (Pune). You will work closely with engineering teams to implement high-impact systems using TypeScript, React, JavaScript. Expert knowledge of Docker, React, JavaScript, TypeScript, GraphQL is required.",2026-07-15
JOB-1168,Cybersecurity Specialist,Vanguard AI,Delhi NCR (Gurugram),Hybrid,Senior Level (5-8 yrs),1247652,3315028,2281340,INR,"SOC, SIEM, Cryptography, Network Security, Python, Penetration Testing, Linux","Join Vanguard AI (Delhi NCR (Gurugram)) as a Cybersecurity Specialist! In this role, you will lead the architecture, design, and execution of core digital products using Python, Penetration Testing, SIEM, Linux, Network Security and SOC, Cryptography.",2026-06-21
JOB-1169,AI/ML Engineer,OmniCloud Systems,Tamil Nadu (Chennai),Remote,Senior Level (5-8 yrs),1539777,4440243,2990010,INR,"Scikit-Learn, SQL, LangChain, CUDA, Docker, AWS SageMaker, TensorFlow, PyTorch","We are seeking an experienced AI/ML Engineer at OmniCloud Systems in Tamil Nadu (Chennai). You will work closely with engineering teams to implement high-impact systems using SQL, Scikit-Learn, Docker, TensorFlow, PyTorch. Expert knowledge of Scikit-Learn, SQL, LangChain, CUDA, Docker, AWS SageMaker, TensorFlow, PyTorch is required.",2026-08-02
JOB-1170,AI/ML Engineer,Apex Systems,Gujarat (Ahmedabad / GIFT City),Onsite,Mid Level (2-5 yrs),1210090,3679750,2444920,INR,"Scikit-Learn, SQL, ONNX, Transformers, Python, TensorFlow","Apex Systems is expanding its engineering hub in Gujarat (Ahmedabad / GIFT City). We are hiring a AI/ML Engineer with expertise in SQL, Scikit-Learn, Python, TensorFlow and proficiency in Transformers, ONNX.",2026-07-23
JOB-1171,DevOps & Cloud Engineer,Vanguard AI,Telangana (Hyderabad),Onsite,Senior Level (5-8 yrs),1652509,3878604,2765556,INR,"Azure, Kubernetes, Terraform, Python, Linux, Prometheus","We are seeking an experienced DevOps & Cloud Engineer at Vanguard AI in Telangana (Hyderabad). You will work closely with engineering teams to implement high-impact systems using Kubernetes, Linux, Terraform. Expert knowledge of Azure, Kubernetes, Terraform, Python, Linux, Prometheus is required.",2026-08-07
JOB-1172,Cloud Architect,Paytm Digital,Madhya Pradesh (Indore),Remote,Senior Level (5-8 yrs),2701246,6994248,4847747,INR,"Serverless, Azure, Cloud Security, AWS, Networking, Enterprise Architecture, Microservices","Join Paytm Digital (Madhya Pradesh (Indore)) as a Cloud Architect! In this role, you will lead the architecture, design, and execution of core digital products using Azure, AWS, Cloud Security and Networking, Enterprise Architecture, Serverless, Microservices.",2026-07-15
JOB-1173,Data Analyst,Zomato Tech,Telangana (Hyderabad),Remote,Lead / Principal (8+ yrs),1182922,3114792,2148857,INR,"Tableau, SQL, PowerBI, Pandas, Snowflake, Looker, A/B Testing, Excel","Zomato Tech is expanding its engineering hub in Telangana (Hyderabad). We are hiring a Data Analyst with expertise in SQL, Tableau, Excel, PowerBI and proficiency in Looker, Pandas, Snowflake, A/B Testing.",2026-07-26
JOB-1174,Product Manager (Tech),TCS Innovation Labs,West Bengal (Kolkata),Onsite,Mid Level (2-5 yrs),1524586,4080369,2802477,INR,"System Architecture, Data Analytics, Growth Hacking, Agile, Product Strategy, User Research, Scrum, Roadmapping","TCS Innovation Labs is expanding its engineering hub in West Bengal (Kolkata). We are hiring a Product Manager (Tech) with expertise in Agile, Roadmapping, Product Strategy, User Research and proficiency in Data Analytics, Scrum, Growth Hacking, System Architecture.",2026-08-15
JOB-1175,Product Manager (Tech),Pulse Analytics,Maharashtra (Pune),Onsite,Mid Level (2-5 yrs),1389178,4067841,2728509,INR,"SQL, Data Analytics, Growth Hacking, Product Strategy, User Research, Figma, Roadmapping","Join Pulse Analytics (Maharashtra (Pune)) as a Product Manager (Tech)! In this role, you will lead the architecture, design, and execution of core digital products using Product Strategy, SQL, Roadmapping, User Research and Data Analytics, Figma, Growth Hacking.",2026-06-24
JOB-1176,AI/ML Engineer,CloudScale Labs,Telangana (Hyderabad),Onsite,Senior Level (5-8 yrs),1846553,5301219,3573886,INR,"Scikit-Learn, CUDA, MLflow, Docker, Ray, Python, PyTorch","CloudScale Labs is expanding its engineering hub in Telangana (Hyderabad). We are hiring a AI/ML Engineer with expertise in Python, Docker, PyTorch, Scikit-Learn and proficiency in MLflow, Ray, CUDA.",2026-08-01
JOB-1177,Full Stack Developer,Apex Systems,Maharashtra (Pune),Onsite,Mid Level (2-5 yrs),824877,2497775,1661326,INR,"React, PostgreSQL, JavaScript, AWS, TypeScript, MongoDB","We are seeking an experienced Full Stack Developer at Apex Systems in Maharashtra (Pune). You will work closely with engineering teams to implement high-impact systems using React, TypeScript, JavaScript. Expert knowledge of React, PostgreSQL, JavaScript, AWS, TypeScript, MongoDB is required.",2026-08-07
JOB-1178,Product Manager (Tech),Nexus AI,Tamil Nadu (Chennai),Onsite,Mid Level (2-5 yrs),1371248,3711133,2541190,INR,"SQL, Growth Hacking, Agile, Product Strategy, User Research, Scrum, A/B Testing, Roadmapping","Nexus AI is expanding its engineering hub in Tamil Nadu (Chennai). We are hiring a Product Manager (Tech) with expertise in SQL, Agile, Roadmapping, Product Strategy, User Research and proficiency in Growth Hacking, A/B Testing, Scrum.",2026-06-30
JOB-1179,Data Engineer,DataStream Corp,Kerala (Thiruvananthapuram),Hybrid,Senior Level (5-8 yrs),1430889,3656667,2543778,INR,"SQL, Hive, Snowflake, Kafka, Airflow","Join DataStream Corp (Kerala (Thiruvananthapuram)) as a Data Engineer! In this role, you will lead the architecture, design, and execution of core digital products using Airflow, SQL, Snowflake and Hive, Kafka.",2026-07-05
JOB-1180,DevOps & Cloud Engineer,TCS Innovation Labs,Madhya Pradesh (Indore),Onsite,Senior Level (5-8 yrs),1682680,4044183,2863431,INR,"Docker, Azure, GCP, CI/CD, Linux","We are seeking an experienced DevOps & Cloud Engineer at TCS Innovation Labs in Madhya Pradesh (Indore). You will work closely with engineering teams to implement high-impact systems using Linux, CI/CD, Docker. Expert knowledge of Docker, Azure, GCP, CI/CD, Linux is required.",2026-08-05
JOB-1181,Data Analyst,Nexus AI,Gujarat (Ahmedabad / GIFT City),Onsite,Senior Level (5-8 yrs),821814,2305484,1563649,INR,"Tableau, SQL, PowerBI, BigQuery, Statistics, Python, Excel","We are seeking an experienced Data Analyst at Nexus AI in Gujarat (Ahmedabad / GIFT City). You will work closely with engineering teams to implement high-impact systems using PowerBI, Tableau, Excel, SQL, Python. Expert knowledge of Tableau, SQL, PowerBI, BigQuery, Statistics, Python, Excel is required.",2026-07-20
JOB-1182,Cybersecurity Specialist,DataStream Corp,Gujarat (Ahmedabad / GIFT City),Hybrid,Senior Level (5-8 yrs),1240057,3673747,2456902,INR,"AWS Security, Incident Response, CISSP, Network Security, Python, Penetration Testing","We are seeking an experienced Cybersecurity Specialist at DataStream Corp in Gujarat (Ahmedabad / GIFT City). You will work closely with engineering teams to implement high-impact systems using Penetration Testing, Network Security, Python. Expert knowledge of AWS Security, Incident Response, CISSP, Network Security, Python, Penetration Testing is required.",2026-07-03
JOB-1183,Product Manager (Tech),Nexus AI,Karnataka (Bengaluru),Onsite,Entry Level (0-2 yrs),1033950,2608011,1820980,INR,"SQL, Data Analytics, Growth Hacking, Product Strategy, Agile, Scrum, Figma, Roadmapping","Nexus AI is expanding its engineering hub in Karnataka (Bengaluru). We are hiring a Product Manager (Tech) with expertise in Product Strategy, Agile, SQL, Roadmapping and proficiency in Data Analytics, Growth Hacking, Figma, Scrum.",2026-07-17
JOB-1184,Full Stack Developer,Apex Systems,Maharashtra (Pune),Hybrid,Entry Level (0-2 yrs),552998,1832351,1192674,INR,"React, TypeScript, Python, Express, GraphQL, MongoDB","We are seeking an experienced Full Stack Developer at Apex Systems in Maharashtra (Pune). You will work closely with engineering teams to implement high-impact systems using TypeScript, Python, React. Expert knowledge of React, TypeScript, Python, Express, GraphQL, MongoDB is required.",2026-08-17
JOB-1185,DevOps & Cloud Engineer,Nexus AI,Madhya Pradesh (Indore),Remote,Mid Level (2-5 yrs),1199663,3013803,2106733,INR,"Python, Docker, Kubernetes, AWS, CI/CD, Ansible, Bash, Linux, Prometheus","Nexus AI is expanding its engineering hub in Madhya Pradesh (Indore). We are hiring a DevOps & Cloud Engineer with expertise in Linux, Kubernetes, Docker, CI/CD, AWS and proficiency in Bash, Ansible, Python, Prometheus.",2026-08-04
JOB-1186,Full Stack Developer,Pulse Analytics,Tamil Nadu (Chennai),Onsite,Senior Level (5-8 yrs),1167560,3411509,2289534,INR,"SQL, Docker, JavaScript, TypeScript, Python, Express, MongoDB","We are seeking an experienced Full Stack Developer at Pulse Analytics in Tamil Nadu (Chennai). You will work closely with engineering teams to implement high-impact systems using SQL, JavaScript, Python, TypeScript. Expert knowledge of SQL, Docker, JavaScript, TypeScript, Python, Express, MongoDB is required.",2026-07-20
JOB-1187,Product Manager (Tech),Zomato Tech,Punjab (Mohali / Chandigarh),Remote,Mid Level (2-5 yrs),1572233,3421952,2497092,INR,"SQL, System Architecture, Growth Hacking, Product Strategy, Agile, User Research, Jira, A/B Testing, Roadmapping","We are seeking an experienced Product Manager (Tech) at Zomato Tech in Punjab (Mohali / Chandigarh). You will work closely with engineering teams to implement high-impact systems using Product Strategy, User Research, Agile, Roadmapping, SQL. Expert knowledge of SQL, System Architecture, Growth Hacking, Product Strategy, Agile, User Research, Jira, A/B Testing, Roadmapping is required.",2026-08-05
JOB-1188,AI/ML Engineer,OmniCloud Systems,Punjab (Mohali / Chandigarh),Hybrid,Lead / Principal (8+ yrs),2182817,6760272,4471544,INR,"Scikit-Learn, SQL, ONNX, Kubernetes, Python","Join OmniCloud Systems (Punjab (Mohali / Chandigarh)) as a AI/ML Engineer! In this role, you will lead the architecture, design, and execution of core digital products using Python, SQL, Scikit-Learn and ONNX, Kubernetes.",2026-06-29
JOB-1189,Data Engineer,Flipkart Labs,Punjab (Mohali / Chandigarh),Remote,Mid Level (2-5 yrs),956461,2993114,1974787,INR,"SQL, Docker, dbt, Scala, GCP BigQuery, Python","Join Flipkart Labs (Punjab (Mohali / Chandigarh)) as a Data Engineer! In this role, you will lead the architecture, design, and execution of core digital products using SQL, Docker, Python and dbt, Scala, GCP BigQuery.",2026-08-15
JOB-1190,Product Manager (Tech),TechNova India,Punjab (Mohali / Chandigarh),Remote,Mid Level (2-5 yrs),1395169,4128622,2761895,INR,"SQL, Growth Hacking, Product Strategy, Scrum, User Research, Figma, A/B Testing, Roadmapping","We are seeking an experienced Product Manager (Tech) at TechNova India in Punjab (Mohali / Chandigarh). You will work closely with engineering teams to implement high-impact systems using Roadmapping, Product Strategy, SQL, User Research. Expert knowledge of SQL, Growth Hacking, Product Strategy, Scrum, User Research, Figma, A/B Testing, Roadmapping is required.",2026-08-06
JOB-1191,Cloud Architect,TechNova India,Kerala (Thiruvananthapuram),Remote,Senior Level (5-8 yrs),3064633,6239349,4651991,INR,"Enterprise Architecture, Serverless, Docker, Cloud Security, GCP, AWS, Terraform, Python","Join TechNova India (Kerala (Thiruvananthapuram)) as a Cloud Architect! In this role, you will lead the architecture, design, and execution of core digital products using Python, Cloud Security, AWS, Terraform and Docker, Enterprise Architecture, Serverless, GCP.",2026-08-15
JOB-1192,AI/ML Engineer,HCL Tech Solutions,Remote (Global),Remote,Mid Level (2-5 yrs),1222054,3193598,2207826,INR,"Scikit-Learn, SQL, CUDA, Ray, Python, TensorFlow","HCL Tech Solutions is expanding its engineering hub in Remote (Global). We are hiring a AI/ML Engineer with expertise in Scikit-Learn, Python, SQL, TensorFlow and proficiency in Ray, CUDA.",2026-08-12
JOB-1193,DevOps & Cloud Engineer,CyberShield Tech,West Bengal (Kolkata),Hybrid,Lead / Principal (8+ yrs),1886897,5849862,3868379,INR,"GitLab CI, Docker, Kubernetes, AWS, CI/CD, Python, Prometheus","We are seeking an experienced DevOps & Cloud Engineer at CyberShield Tech in West Bengal (Kolkata). You will work closely with engineering teams to implement high-impact systems using CI/CD, Kubernetes, AWS, Docker. Expert knowledge of GitLab CI, Docker, Kubernetes, AWS, CI/CD, Python, Prometheus is required.",2026-08-11
JOB-1194,Data Engineer,Infosys Digital,Uttar Pradesh (Lucknow),Hybrid,Mid Level (2-5 yrs),1070496,2570635,1820565,INR,"SQL, Snowflake, Databricks, PostgreSQL, Spark, Scala","Infosys Digital is expanding its engineering hub in Uttar Pradesh (Lucknow). We are hiring a Data Engineer with expertise in Snowflake, Spark, SQL and proficiency in Databricks, Scala, PostgreSQL.",2026-08-01
JOB-1195,AI/ML Engineer,Wipro Cloud,Kerala (Thiruvananthapuram),Remote,Entry Level (0-2 yrs),761221,2403152,1582186,INR,"Scikit-Learn, LangChain, CUDA, Ray, Transformers, Python, TensorFlow","Join Wipro Cloud (Kerala (Thiruvananthapuram)) as a AI/ML Engineer! In this role, you will lead the architecture, design, and execution of core digital products using TensorFlow, Scikit-Learn, Python and Transformers, LangChain, Ray, CUDA.",2026-07-16
JOB-1196,DevOps & Cloud Engineer,DataStream Corp,Uttar Pradesh (Lucknow),Remote,Senior Level (5-8 yrs),1639691,4092681,2866186,INR,"AWS, CI/CD, Bash, Linux, Prometheus","DataStream Corp is expanding its engineering hub in Uttar Pradesh (Lucknow). We are hiring a DevOps & Cloud Engineer with expertise in Linux, CI/CD, AWS and proficiency in Bash, Prometheus.",2026-06-21
JOB-1197,Data Engineer,Flipkart Labs,West Bengal (Kolkata),Remote,Entry Level (0-2 yrs),635977,1944710,1290343,INR,"SQL, Docker, Kubernetes, dbt, Airflow","We are seeking an experienced Data Engineer at Flipkart Labs in West Bengal (Kolkata). You will work closely with engineering teams to implement high-impact systems using SQL, Airflow, Docker. Expert knowledge of SQL, Docker, Kubernetes, dbt, Airflow is required.",2026-06-22
JOB-1198,Cybersecurity Specialist,Hyperion Software,Remote (India),Remote,Entry Level (0-2 yrs),571365,1863380,1217372,INR,"AWS Security, Firewalls, Incident Response, SIEM, Network Security, Python, Penetration Testing, Linux","We are seeking an experienced Cybersecurity Specialist at Hyperion Software in Remote (India). You will work closely with engineering teams to implement high-impact systems using SIEM, Python, Penetration Testing, Network Security, Linux. Expert knowledge of AWS Security, Firewalls, Incident Response, SIEM, Network Security, Python, Penetration Testing, Linux is required.",2026-07-10
JOB-1199,Data Analyst,OmniCloud Systems,Madhya Pradesh (Indore),Onsite,Mid Level (2-5 yrs),569897,1758107,1164002,INR,"Tableau, SQL, BigQuery, Statistics, Google Analytics, Excel","OmniCloud Systems is expanding its engineering hub in Madhya Pradesh (Indore). We are hiring a Data Analyst with expertise in Tableau, Excel, SQL and proficiency in Statistics, BigQuery, Google Analytics.",2026-07-01
JOB-1200,AI/ML Engineer,Hyperion Software,Punjab (Mohali / Chandigarh),Hybrid,Mid Level (2-5 yrs),1223307,3170512,2196909,INR,"SQL, LangChain, MLflow, Docker, FastAPI, TensorFlow, PyTorch","Join Hyperion Software (Punjab (Mohali / Chandigarh)) as a AI/ML Engineer! In this role, you will lead the architecture, design, and execution of core digital products using TensorFlow, SQL, Docker, PyTorch and FastAPI, MLflow, LangChain.",2026-08-17
JOB-1201,Product Manager (Tech),Zomato Tech,Punjab (Mohali / Chandigarh),Onsite,Lead / Principal (8+ yrs),2950538,7616666,5283602,INR,"Data Analytics, Agile, Product Strategy, User Research, Figma","We are seeking an experienced Product Manager (Tech) at Zomato Tech in Punjab (Mohali / Chandigarh). You will work closely with engineering teams to implement high-impact systems using Agile, Product Strategy, User Research. Expert knowledge of Data Analytics, Agile, Product Strategy, User Research, Figma is required.",2026-07-03
JOB-1202,DevOps & Cloud Engineer,Flipkart Labs,Rajasthan (Jaipur),Hybrid,Lead / Principal (8+ yrs),1974634,5625093,3799863,INR,"Docker, ArgoCD, Azure, Kubernetes, GCP, CI/CD, Ansible","We are seeking an experienced DevOps & Cloud Engineer at Flipkart Labs in Rajasthan (Jaipur). You will work closely with engineering teams to implement high-impact systems using Docker, CI/CD, Kubernetes. Expert knowledge of Docker, ArgoCD, Azure, Kubernetes, GCP, CI/CD, Ansible is required.",2026-07-15
JOB-1203,DevOps & Cloud Engineer,OmniCloud Systems,Kerala (Kochi),Remote,Mid Level (2-5 yrs),990150,3250737,2120443,INR,"GitLab CI, Docker, ArgoCD, AWS, Linux","We are seeking an experienced DevOps & Cloud Engineer at OmniCloud Systems in Kerala (Kochi). You will work closely with engineering teams to implement high-impact systems using Linux, Docker, AWS. Expert knowledge of GitLab CI, Docker, ArgoCD, AWS, Linux is required.",2026-06-30
JOB-1204,Full Stack Developer,QuantVantage,Delhi NCR (Gurugram),Hybrid,Entry Level (0-2 yrs),609495,1644920,1127207,INR,"Docker, Redis, JavaScript, TypeScript, Python, Express, GraphQL","We are seeking an experienced Full Stack Developer at QuantVantage in Delhi NCR (Gurugram). You will work closely with engineering teams to implement high-impact systems using Python, TypeScript, JavaScript. Expert knowledge of Docker, Redis, JavaScript, TypeScript, Python, Express, GraphQL is required.",2026-07-30
JOB-1205,Data Analyst,QuantVantage,Tamil Nadu (Chennai),Remote,Senior Level (5-8 yrs),807546,2324447,1565996,INR,"Tableau, SQL, Statistics, Looker, Python, Excel","We are seeking an experienced Data Analyst at QuantVantage in Tamil Nadu (Chennai). You will work closely with engineering teams to implement high-impact systems using Excel, Tableau, SQL, Python. Expert knowledge of Tableau, SQL, Statistics, Looker, Python, Excel is required.",2026-08-09
JOB-1206,AI/ML Engineer,Flipkart Labs,Rajasthan (Jaipur),Onsite,Entry Level (0-2 yrs),769071,2374936,1572003,INR,"SQL, Docker, ONNX, AWS SageMaker, FastAPI, Python, TensorFlow, PyTorch","Join Flipkart Labs (Rajasthan (Jaipur)) as a AI/ML Engineer! In this role, you will lead the architecture, design, and execution of core digital products using TensorFlow, SQL, PyTorch, Docker, Python and FastAPI, ONNX, AWS SageMaker.",2026-08-10
JOB-1207,Data Engineer,QuantVantage,Uttar Pradesh (Lucknow),Remote,Mid Level (2-5 yrs),977187,2930247,1953717,INR,"Docker, Spark, dbt, Kafka, Scala, Python","We are seeking an experienced Data Engineer at QuantVantage in Uttar Pradesh (Lucknow). You will work closely with engineering teams to implement high-impact systems using Docker, Python, Spark. Expert knowledge of Docker, Spark, dbt, Kafka, Scala, Python is required.",2026-06-25
JOB-1208,Cybersecurity Specialist,OmniCloud Systems,Rajasthan (Jaipur),Hybrid,Mid Level (2-5 yrs),863083,2505732,1684407,INR,"Firewalls, Wireshark, SIEM, Cryptography, Network Security, Python","We are seeking an experienced Cybersecurity Specialist at OmniCloud Systems in Rajasthan (Jaipur). You will work closely with engineering teams to implement high-impact systems using SIEM, Python, Network Security. Expert knowledge of Firewalls, Wireshark, SIEM, Cryptography, Network Security, Python is required.",2026-08-16
JOB-1209,Cloud Architect,Infosys Digital,Rajasthan (Jaipur),Remote,Senior Level (5-8 yrs),2607978,6184090,4396034,INR,"Docker, Kubernetes, Cloud Security, System Design, AWS, Terraform, Networking, Python","We are seeking an experienced Cloud Architect at Infosys Digital in Rajasthan (Jaipur). You will work closely with engineering teams to implement high-impact systems using AWS, Cloud Security, Terraform, Kubernetes, Python. Expert knowledge of Docker, Kubernetes, Cloud Security, System Design, AWS, Terraform, Networking, Python is required.",2026-08-08
JOB-1210,Cybersecurity Specialist,Swiggy Engineering,West Bengal (Kolkata),Onsite,Mid Level (2-5 yrs),810686,2385566,1598126,INR,"Compliance, Firewalls, Wireshark, CISSP, Network Security, Python, Penetration Testing","Swiggy Engineering is expanding its engineering hub in West Bengal (Kolkata). We are hiring a Cybersecurity Specialist with expertise in Network Security, Penetration Testing, Python and proficiency in Compliance, Firewalls, Wireshark, CISSP.",2026-07-11
JOB-1211,Product Manager (Tech),Wipro Cloud,Telangana (Hyderabad),Remote,Mid Level (2-5 yrs),1377341,3833535,2605438,INR,"SQL, System Architecture, Data Analytics, Agile, Product Strategy, User Research, Scrum, Roadmapping","We are seeking an experienced Product Manager (Tech) at Wipro Cloud in Telangana (Hyderabad). You will work closely with engineering teams to implement high-impact systems using User Research, Agile, Product Strategy, SQL, Roadmapping. Expert knowledge of SQL, System Architecture, Data Analytics, Agile, Product Strategy, User Research, Scrum, Roadmapping is required.",2026-07-28
JOB-1212,Cybersecurity Specialist,Pulse Analytics,Delhi NCR (Gurugram),Hybrid,Entry Level (0-2 yrs),577799,1763140,1170469,INR,"SOC, Compliance, Wireshark, Firewalls, SIEM, Network Security, Python, Linux","Pulse Analytics is expanding its engineering hub in Delhi NCR (Gurugram). We are hiring a Cybersecurity Specialist with expertise in SIEM, Linux, Network Security, Python and proficiency in Wireshark, Firewalls, SOC, Compliance.",2026-07-25
JOB-1213,DevOps & Cloud Engineer,Swiggy Engineering,Maharashtra (Mumbai),Hybrid,Senior Level (5-8 yrs),1606006,4201765,2903885,INR,"GitLab CI, Docker, GCP, AWS, CI/CD, Terraform, Python","Swiggy Engineering is expanding its engineering hub in Maharashtra (Mumbai). We are hiring a DevOps & Cloud Engineer with expertise in AWS, Terraform, Docker, CI/CD and proficiency in Python, GCP, GitLab CI.",2026-06-30
JOB-1214,Full Stack Developer,DataStream Corp,Uttar Pradesh (Lucknow),Remote,Lead / Principal (8+ yrs),1624530,4382629,3003579,INR,"SQL, TailwindCSS, TypeScript, Python, Express","DataStream Corp is expanding its engineering hub in Uttar Pradesh (Lucknow). We are hiring a Full Stack Developer with expertise in TypeScript, SQL, Python and proficiency in TailwindCSS, Express.",2026-08-11
JOB-1215,Data Analyst,QuantVantage,Maharashtra (Pune),Remote,Mid Level (2-5 yrs),589733,1487423,1038578,INR,"Tableau, PowerBI, Snowflake, R, Python, Excel","QuantVantage is expanding its engineering hub in Maharashtra (Pune). We are hiring a Data Analyst with expertise in PowerBI, Tableau, Python, Excel and proficiency in Snowflake, R.",2026-07-14
JOB-1216,Data Engineer,DataStream Corp,Telangana (Hyderabad),Hybrid,Senior Level (5-8 yrs),1337115,3640780,2488947,INR,"Docker, Snowflake, Spark, dbt, Scala, Kafka, Airflow","DataStream Corp is expanding its engineering hub in Telangana (Hyderabad). We are hiring a Data Engineer with expertise in Airflow, Spark, Docker, Snowflake and proficiency in Scala, Kafka, dbt.",2026-07-08
JOB-1217,Cybersecurity Specialist,CloudScale Labs,Rajasthan (Jaipur),Hybrid,Senior Level (5-8 yrs),1334000,3502371,2418185,INR,"SOC, SIEM, Cryptography, Python, Linux","Join CloudScale Labs (Rajasthan (Jaipur)) as a Cybersecurity Specialist! In this role, you will lead the architecture, design, and execution of core digital products using SIEM, Linux, Python and SOC, Cryptography.",2026-06-27
JOB-1218,Data Engineer,HCL Tech Solutions,Tamil Nadu (Chennai),Hybrid,Lead / Principal (8+ yrs),2002970,5083828,3543399,INR,"Docker, Hive, Snowflake, Spark, dbt, Scala, AWS Redshift, Airflow","Join HCL Tech Solutions (Tamil Nadu (Chennai)) as a Data Engineer! In this role, you will lead the architecture, design, and execution of core digital products using Spark, Docker, Airflow, Snowflake and dbt, AWS Redshift, Scala, Hive.",2026-07-03
JOB-1219,Cloud Architect,CloudScale Labs,Remote (Global),Remote,Senior Level (5-8 yrs),2627947,7167457,4897702,INR,"Kubernetes, Cloud Security, GCP, Terraform, Microservices","We are seeking an experienced Cloud Architect at CloudScale Labs in Remote (Global). You will work closely with engineering teams to implement high-impact systems using Cloud Security, Kubernetes, Terraform. Expert knowledge of Kubernetes, Cloud Security, GCP, Terraform, Microservices is required.",2026-08-05
JOB-1220,AI/ML Engineer,ByteCraft Inc,Maharashtra (Mumbai),Hybrid,Senior Level (5-8 yrs),1637148,4992162,3314655,INR,"Scikit-Learn, SQL, MLflow, Docker, Kubernetes, TensorFlow","We are seeking an experienced AI/ML Engineer at ByteCraft Inc in Maharashtra (Mumbai). You will work closely with engineering teams to implement high-impact systems using TensorFlow, Scikit-Learn, SQL, Docker. Expert knowledge of Scikit-Learn, SQL, MLflow, Docker, Kubernetes, TensorFlow is required.",2026-06-26
JOB-1221,Product Manager (Tech),Flipkart Labs,Punjab (Mohali / Chandigarh),Hybrid,Entry Level (0-2 yrs),1108764,2508017,1808390,INR,"Agile, Product Strategy, User Research, Figma, A/B Testing, Roadmapping","We are seeking an experienced Product Manager (Tech) at Flipkart Labs in Punjab (Mohali / Chandigarh). You will work closely with engineering teams to implement high-impact systems using Agile, User Research, Roadmapping, Product Strategy. Expert knowledge of Agile, Product Strategy, User Research, Figma, A/B Testing, Roadmapping is required.",2026-07-10
JOB-1222,DevOps & Cloud Engineer,Wipro Cloud,West Bengal (Kolkata),Onsite,Mid Level (2-5 yrs),1039229,3065006,2052117,INR,"CI/CD, Ansible, Terraform, Bash, Linux","Join Wipro Cloud (West Bengal (Kolkata)) as a DevOps & Cloud Engineer! In this role, you will lead the architecture, design, and execution of core digital products using CI/CD, Linux, Terraform and Bash, Ansible.",2026-07-06
JOB-1223,Data Analyst,Vanguard AI,Rajasthan (Jaipur),Hybrid,Mid Level (2-5 yrs),601381,1651953,1126667,INR,"Tableau, PowerBI, BigQuery, Snowflake, R, Google Analytics, Excel","Join Vanguard AI (Rajasthan (Jaipur)) as a Data Analyst! In this role, you will lead the architecture, design, and execution of core digital products using Excel, Tableau, PowerBI and Snowflake, Google Analytics, R, BigQuery.",2026-07-16
JOB-1224,Data Analyst,CyberShield Tech,Telangana (Hyderabad),Hybrid,Entry Level (0-2 yrs),442299,1209529,825914,INR,"Tableau, PowerBI, Looker, Google Analytics, Python, Excel","CyberShield Tech is expanding its engineering hub in Telangana (Hyderabad). We are hiring a Data Analyst with expertise in Tableau, PowerBI, Python, Excel and proficiency in Looker, Google Analytics.",2026-07-26
JOB-1225,Cloud Architect,TCS Innovation Labs,Karnataka (Bengaluru),Onsite,Mid Level (2-5 yrs),2126405,4649440,3387922,INR,"Serverless, IAM, Azure, Kubernetes, Cloud Security, GCP, Terraform, Networking","TCS Innovation Labs is expanding its engineering hub in Karnataka (Bengaluru). We are hiring a Cloud Architect with expertise in Cloud Security, Terraform, Kubernetes, Azure and proficiency in GCP, Networking, IAM, Serverless.",2026-08-06
JOB-1226,Product Manager (Tech),Pulse Analytics,Remote (Global),Remote,Mid Level (2-5 yrs),1572275,3971141,2771708,INR,"SQL, Product Strategy, Scrum, A/B Testing, Roadmapping","Pulse Analytics is expanding its engineering hub in Remote (Global). We are hiring a Product Manager (Tech) with expertise in Roadmapping, Product Strategy, SQL and proficiency in Scrum, A/B Testing.",2026-07-03
JOB-1227,Full Stack Developer,QuantVantage,Maharashtra (Pune),Remote,Mid Level (2-5 yrs),795285,2575868,1685576,INR,"SQL, Next.js, React, TailwindCSS, AWS, TypeScript, Node.js, Python, MongoDB","QuantVantage is expanding its engineering hub in Maharashtra (Pune). We are hiring a Full Stack Developer with expertise in React, Node.js, SQL, TypeScript, Python and proficiency in MongoDB, AWS, TailwindCSS, Next.js.",2026-07-14
JOB-1228,Data Engineer,OmniCloud Systems,Delhi NCR (Noida),Onsite,Entry Level (0-2 yrs),677973,2150979,1414476,INR,"SQL, Snowflake, PostgreSQL, Spark, AWS Redshift, Python, Airflow","Join OmniCloud Systems (Delhi NCR (Noida)) as a Data Engineer! In this role, you will lead the architecture, design, and execution of core digital products using Airflow, Snowflake, Spark, SQL, Python and PostgreSQL, AWS Redshift.",2026-08-11
JOB-1229,Cloud Architect,Infosys Digital,Maharashtra (Pune),Hybrid,Mid Level (2-5 yrs),2030511,4472097,3251304,INR,"Serverless, Kubernetes, Cloud Security, AWS, Networking, Microservices","We are seeking an experienced Cloud Architect at Infosys Digital in Maharashtra (Pune). You will work closely with engineering teams to implement high-impact systems using Cloud Security, AWS, Kubernetes. Expert knowledge of Serverless, Kubernetes, Cloud Security, AWS, Networking, Microservices is required.",2026-08-12
JOB-1230,Cybersecurity Specialist,Vanguard AI,Rajasthan (Jaipur),Hybrid,Lead / Principal (8+ yrs),1561962,4980031,3270996,INR,"SOC, AWS Security, Wireshark, CISSP, SIEM, Network Security, Penetration Testing, Linux","Vanguard AI is expanding its engineering hub in Rajasthan (Jaipur). We are hiring a Cybersecurity Specialist with expertise in Network Security, Penetration Testing, Linux, SIEM and proficiency in SOC, Wireshark, CISSP, AWS Security.",2026-07-05
JOB-1231,DevOps & Cloud Engineer,HCL Tech Solutions,Punjab (Mohali / Chandigarh),Hybrid,Entry Level (0-2 yrs),839063,2081489,1460276,INR,"Grafana, Kubernetes, AWS, CI/CD, Ansible, Linux","HCL Tech Solutions is expanding its engineering hub in Punjab (Mohali / Chandigarh). We are hiring a DevOps & Cloud Engineer with expertise in AWS, CI/CD, Kubernetes, Linux and proficiency in Ansible, Grafana.",2026-07-13
JOB-1232,Cloud Architect,Vanguard AI,Tamil Nadu (Chennai),Hybrid,Lead / Principal (8+ yrs),3868104,8225021,6046562,INR,"Docker, Azure, Kubernetes, Cloud Security, Terraform, Microservices","Vanguard AI is expanding its engineering hub in Tamil Nadu (Chennai). We are hiring a Cloud Architect with expertise in Cloud Security, Azure, Kubernetes, Terraform and proficiency in Docker, Microservices.",2026-08-19
JOB-1233,Full Stack Developer,DataStream Corp,Punjab (Mohali / Chandigarh),Onsite,Senior Level (5-8 yrs),1018804,3101810,2060307,INR,"Next.js, Redis, React, JavaScript, Node.js, Express, GraphQL","Join DataStream Corp (Punjab (Mohali / Chandigarh)) as a Full Stack Developer! In this role, you will lead the architecture, design, and execution of core digital products using Node.js, React, JavaScript and Next.js, Express, GraphQL, Redis.",2026-07-27
JOB-1234,Data Engineer,Swiggy Engineering,West Bengal (Kolkata),Hybrid,Senior Level (5-8 yrs),1429577,3635536,2532556,INR,"Docker, Databricks, Spark, dbt, Scala, Python","We are seeking an experienced Data Engineer at Swiggy Engineering in West Bengal (Kolkata). You will work closely with engineering teams to implement high-impact systems using Docker, Python, Spark. Expert knowledge of Docker, Databricks, Spark, dbt, Scala, Python is required.",2026-07-19
JOB-1235,Data Engineer,CyberShield Tech,Telangana (Hyderabad),Remote,Mid Level (2-5 yrs),999270,2636308,1817789,INR,"SQL, Docker, Snowflake, Databricks, PostgreSQL, Spark, Kafka, Airflow","Join CyberShield Tech (Telangana (Hyderabad)) as a Data Engineer! In this role, you will lead the architecture, design, and execution of core digital products using SQL, Spark, Docker, Airflow, Snowflake and PostgreSQL, Kafka, Databricks.",2026-07-30
JOB-1236,DevOps & Cloud Engineer,TechNova India,Karnataka (Bengaluru),Onsite,Entry Level (0-2 yrs),804428,1932542,1368485,INR,"Docker, ArgoCD, AWS, Terraform, Python","Join TechNova India (Karnataka (Bengaluru)) as a DevOps & Cloud Engineer! In this role, you will lead the architecture, design, and execution of core digital products using AWS, Terraform, Docker and ArgoCD, Python.",2026-07-10
JOB-1237,DevOps & Cloud Engineer,ByteCraft Inc,Kerala (Kochi),Hybrid,Mid Level (2-5 yrs),1015498,3210747,2113122,INR,"Docker, ArgoCD, Azure, Kubernetes, GCP, Linux","We are seeking an experienced DevOps & Cloud Engineer at ByteCraft Inc in Kerala (Kochi). You will work closely with engineering teams to implement high-impact systems using Docker, Linux, Kubernetes. Expert knowledge of Docker, ArgoCD, Azure, Kubernetes, GCP, Linux is required.",2026-08-20
JOB-1238,Full Stack Developer,Infosys Digital,Kerala (Thiruvananthapuram),Hybrid,Senior Level (5-8 yrs),1223557,3206671,2215114,INR,"SQL, Redis, React, TailwindCSS, JavaScript, TypeScript, Python","Join Infosys Digital (Kerala (Thiruvananthapuram)) as a Full Stack Developer! In this role, you will lead the architecture, design, and execution of core digital products using React, JavaScript, SQL, TypeScript, Python and TailwindCSS, Redis.",2026-07-07
JOB-1239,Product Manager (Tech),Vanguard AI,Delhi NCR (Gurugram),Remote,Entry Level (0-2 yrs),1108624,2719242,1913933,INR,"SQL, System Architecture, Growth Hacking, Agile, Product Strategy, User Research, Scrum, A/B Testing, Roadmapping","Vanguard AI is expanding its engineering hub in Delhi NCR (Gurugram). We are hiring a Product Manager (Tech) with expertise in Agile, Product Strategy, Roadmapping, SQL, User Research and proficiency in Growth Hacking, Scrum, A/B Testing, System Architecture.",2026-06-25
JOB-1240,Full Stack Developer,OmniCloud Systems,Remote (India),Remote,Entry Level (0-2 yrs),562779,1761857,1162318,INR,"Next.js, Redis, TailwindCSS, JavaScript, TypeScript, Node.js, Python, GraphQL","OmniCloud Systems is expanding its engineering hub in Remote (India). We are hiring a Full Stack Developer with expertise in Node.js, JavaScript, Python, TypeScript and proficiency in GraphQL, Next.js, Redis, TailwindCSS.",2026-07-15
JOB-1241,DevOps & Cloud Engineer,QuantVantage,Remote (Global),Remote,Mid Level (2-5 yrs),1174587,3035006,2104796,INR,"Azure, Kubernetes, GCP, AWS, CI/CD, Terraform, Python, Linux","QuantVantage is expanding its engineering hub in Remote (Global). We are hiring a DevOps & Cloud Engineer with expertise in AWS, Linux, Terraform, Kubernetes, CI/CD and proficiency in Azure, GCP, Python.",2026-08-17
JOB-1242,AI/ML Engineer,Infosys Digital,Remote (Global),Remote,Senior Level (5-8 yrs),1528917,4628252,3078584,INR,"Scikit-Learn, Docker, ONNX, Transformers, Python, PyTorch","Infosys Digital is expanding its engineering hub in Remote (Global). We are hiring a AI/ML Engineer with expertise in PyTorch, Python, Scikit-Learn, Docker and proficiency in ONNX, Transformers.",2026-07-27
JOB-1243,Cybersecurity Specialist,HCL Tech Solutions,Maharashtra (Pune),Hybrid,Mid Level (2-5 yrs),927607,2393374,1660490,INR,"SOC, Compliance, SIEM, Network Security, Python, Penetration Testing, Linux","Join HCL Tech Solutions (Maharashtra (Pune)) as a Cybersecurity Specialist! In this role, you will lead the architecture, design, and execution of core digital products using SIEM, Network Security, Python, Linux, Penetration Testing and Compliance, SOC.",2026-08-18
JOB-1244,AI/ML Engineer,Nexus AI,Kerala (Kochi),Onsite,Mid Level (2-5 yrs),1214436,3583830,2399133,INR,"Scikit-Learn, Docker, ONNX, AWS SageMaker, Python, TensorFlow, PyTorch","Join Nexus AI (Kerala (Kochi)) as a AI/ML Engineer! In this role, you will lead the architecture, design, and execution of core digital products using Docker, Scikit-Learn, TensorFlow, PyTorch, Python and AWS SageMaker, ONNX.",2026-07-06
JOB-1245,Cloud Architect,ByteCraft Inc,Telangana (Hyderabad),Remote,Senior Level (5-8 yrs),2913173,6109525,4511349,INR,"Serverless, Kubernetes, Cloud Security, System Design, AWS, Networking, Enterprise Architecture","We are seeking an experienced Cloud Architect at ByteCraft Inc in Telangana (Hyderabad). You will work closely with engineering teams to implement high-impact systems using AWS, Cloud Security, Kubernetes. Expert knowledge of Serverless, Kubernetes, Cloud Security, System Design, AWS, Networking, Enterprise Architecture is required.",2026-07-20
JOB-1246,Full Stack Developer,Vanguard AI,Telangana (Hyderabad),Hybrid,Senior Level (5-8 yrs),1177601,3055248,2116424,INR,"Next.js, PostgreSQL, JavaScript, TypeScript, Node.js, GraphQL","Vanguard AI is expanding its engineering hub in Telangana (Hyderabad). We are hiring a Full Stack Developer with expertise in JavaScript, Node.js, TypeScript and proficiency in PostgreSQL, GraphQL, Next.js.",2026-06-28
JOB-1247,Data Engineer,ByteCraft Inc,Uttar Pradesh (Lucknow),Onsite,Mid Level (2-5 yrs),1038363,2617244,1827803,INR,"SQL, Snowflake, Databricks, Spark, dbt, Scala, GCP BigQuery, Python, Airflow","We are seeking an experienced Data Engineer at ByteCraft Inc in Uttar Pradesh (Lucknow). You will work closely with engineering teams to implement high-impact systems using SQL, Airflow, Python, Spark, Snowflake. Expert knowledge of SQL, Snowflake, Databricks, Spark, dbt, Scala, GCP BigQuery, Python, Airflow is required.",2026-08-14
JOB-1248,Cybersecurity Specialist,Paytm Digital,Kerala (Thiruvananthapuram),Onsite,Senior Level (5-8 yrs),1168821,3714637,2441729,INR,"AWS Security, Firewalls, Incident Response, SIEM, Python, Penetration Testing, Linux","Paytm Digital is expanding its engineering hub in Kerala (Thiruvananthapuram). We are hiring a Cybersecurity Specialist with expertise in Penetration Testing, Python, SIEM, Linux and proficiency in AWS Security, Incident Response, Firewalls.",2026-07-19
JOB-1249,Data Analyst,Swiggy Engineering,Kerala (Thiruvananthapuram),Onsite,Senior Level (5-8 yrs),840654,2327051,1583852,INR,"Tableau, SQL, PowerBI, Pandas, BigQuery, Snowflake, Looker, Python, Excel","Join Swiggy Engineering (Kerala (Thiruvananthapuram)) as a Data Analyst! In this role, you will lead the architecture, design, and execution of core digital products using Python, PowerBI, SQL, Excel, Tableau and Looker, BigQuery, Snowflake, Pandas.",2026-07-06
JOB-1250,Data Engineer,Pulse Analytics,Remote (India),Remote,Mid Level (2-5 yrs),910612,2551698,1731155,INR,"SQL, Docker, Hive, Spark, dbt, Kafka, AWS Redshift, Python, Airflow","Join Pulse Analytics (Remote (India)) as a Data Engineer! In this role, you will lead the architecture, design, and execution of core digital products using Docker, Airflow, Spark, SQL, Python and dbt, Kafka, AWS Redshift, Hive.",2026-07-03
JOB-1251,Full Stack Developer,CyberShield Tech,West Bengal (Kolkata),Remote,Senior Level (5-8 yrs),1174300,3401173,2287736,INR,"SQL, Redis, React, PostgreSQL, JavaScript, TypeScript, Python","We are seeking an experienced Full Stack Developer at CyberShield Tech in West Bengal (Kolkata). You will work closely with engineering teams to implement high-impact systems using React, TypeScript, JavaScript, Python, SQL. Expert knowledge of SQL, Redis, React, PostgreSQL, JavaScript, TypeScript, Python is required.",2026-07-19
JOB-1252,Data Analyst,CloudScale Labs,Rajasthan (Jaipur),Hybrid,Mid Level (2-5 yrs),630612,1614916,1122764,INR,"Tableau, SQL, PowerBI, A/B Testing, Pandas, Snowflake, Looker, Python, Excel","CloudScale Labs is expanding its engineering hub in Rajasthan (Jaipur). We are hiring a Data Analyst with expertise in Tableau, SQL, Excel, Python, PowerBI and proficiency in A/B Testing, Snowflake, Pandas, Looker.",2026-08-08
JOB-1253,DevOps & Cloud Engineer,CyberShield Tech,Uttar Pradesh (Lucknow),Remote,Lead / Principal (8+ yrs),2058035,5139373,3598704,INR,"Docker, GCP, CI/CD, Ansible, Bash, Linux","CyberShield Tech is expanding its engineering hub in Uttar Pradesh (Lucknow). We are hiring a DevOps & Cloud Engineer with expertise in Docker, CI/CD, Linux and proficiency in Ansible, GCP, Bash.",2026-06-27
JOB-1254,Data Analyst,TechNova India,Kerala (Thiruvananthapuram),Hybrid,Senior Level (5-8 yrs),897647,2150917,1524282,INR,"SQL, BigQuery, Snowflake, R, Google Analytics, Python, Excel","TechNova India is expanding its engineering hub in Kerala (Thiruvananthapuram). We are hiring a Data Analyst with expertise in SQL, Python, Excel and proficiency in R, Snowflake, BigQuery, Google Analytics.",2026-07-16
JOB-1255,Cloud Architect,Nexus AI,Kerala (Thiruvananthapuram),Onsite,Mid Level (2-5 yrs),1888479,4524819,3206649,INR,"Serverless, Azure, Kubernetes, GCP, System Design, AWS","Join Nexus AI (Kerala (Thiruvananthapuram)) as a Cloud Architect! In this role, you will lead the architecture, design, and execution of core digital products using Kubernetes, AWS, Azure and Serverless, GCP, System Design.",2026-07-30
JOB-1256,Cloud Architect,CyberShield Tech,Delhi NCR (Noida),Onsite,Mid Level (2-5 yrs),2167442,4554074,3360758,INR,"Docker, IAM, Azure, Kubernetes, Cloud Security, AWS, Networking, Python","We are seeking an experienced Cloud Architect at CyberShield Tech in Delhi NCR (Noida). You will work closely with engineering teams to implement high-impact systems using Python, AWS, Kubernetes, Cloud Security, Azure. Expert knowledge of Docker, IAM, Azure, Kubernetes, Cloud Security, AWS, Networking, Python is required.",2026-07-08
JOB-1257,Cloud Architect,Hyperion Software,Telangana (Hyderabad),Hybrid,Mid Level (2-5 yrs),1877004,4813338,3345171,INR,"IAM, Azure, Cloud Security, GCP, System Design, AWS, Terraform, Python","We are seeking an experienced Cloud Architect at Hyperion Software in Telangana (Hyderabad). You will work closely with engineering teams to implement high-impact systems using Cloud Security, AWS, Python, Terraform, Azure. Expert knowledge of IAM, Azure, Cloud Security, GCP, System Design, AWS, Terraform, Python is required.",2026-08-10
JOB-1258,AI/ML Engineer,Nexus AI,Delhi NCR (Noida),Onsite,Senior Level (5-8 yrs),1729244,5330956,3530100,INR,"Scikit-Learn, LangChain, Docker, Ray, Python","Nexus AI is expanding its engineering hub in Delhi NCR (Noida). We are hiring a AI/ML Engineer with expertise in Docker, Scikit-Learn, Python and proficiency in LangChain, Ray.",2026-07-08
JOB-1259,Full Stack Developer,TechNova India,Uttar Pradesh (Lucknow),Onsite,Mid Level (2-5 yrs),851459,2597273,1724366,INR,"SQL, Redis, JavaScript, TypeScript, Express, MongoDB","Join TechNova India (Uttar Pradesh (Lucknow)) as a Full Stack Developer! In this role, you will lead the architecture, design, and execution of core digital products using JavaScript, SQL, TypeScript and Redis, Express, MongoDB.",2026-07-27
JOB-1260,Product Manager (Tech),Hyperion Software,Madhya Pradesh (Indore),Hybrid,Entry Level (0-2 yrs),1005865,2758887,1882376,INR,"SQL, System Architecture, Data Analytics, Growth Hacking, Agile, Product Strategy, User Research, Jira, Roadmapping","Hyperion Software is expanding its engineering hub in Madhya Pradesh (Indore). We are hiring a Product Manager (Tech) with expertise in Agile, Roadmapping, User Research, SQL, Product Strategy and proficiency in System Architecture, Jira, Data Analytics, Growth Hacking.",2026-08-15
JOB-1261,Data Analyst,ByteCraft Inc,Rajasthan (Jaipur),Hybrid,Senior Level (5-8 yrs),821686,2373273,1597479,INR,"Tableau, BigQuery, Looker, Python, Excel","ByteCraft Inc is expanding its engineering hub in Rajasthan (Jaipur). We are hiring a Data Analyst with expertise in Excel, Python, Tableau and proficiency in Looker, BigQuery.",2026-08-02
JOB-1262,Full Stack Developer,CyberShield Tech,Punjab (Mohali / Chandigarh),Remote,Mid Level (2-5 yrs),839727,2593702,1716714,INR,"SQL, Redis, Docker, JavaScript, AWS, TypeScript, Node.js, Python, Express","Join CyberShield Tech (Punjab (Mohali / Chandigarh)) as a Full Stack Developer! In this role, you will lead the architecture, design, and execution of core digital products using TypeScript, JavaScript, Python, Node.js, SQL and Redis, Express, Docker, AWS.",2026-08-07
JOB-1263,Cybersecurity Specialist,Zomato Tech,Tamil Nadu (Chennai),Remote,Entry Level (0-2 yrs),603622,1662520,1133071,INR,"SOC, Compliance, AWS Security, Wireshark, SIEM, Network Security, Python, Penetration Testing, Linux","We are seeking an experienced Cybersecurity Specialist at Zomato Tech in Tamil Nadu (Chennai). You will work closely with engineering teams to implement high-impact systems using Linux, Python, Network Security, Penetration Testing, SIEM. Expert knowledge of SOC, Compliance, AWS Security, Wireshark, SIEM, Network Security, Python, Penetration Testing, Linux is required.",2026-08-08
JOB-1264,Product Manager (Tech),QuantVantage,Punjab (Mohali / Chandigarh),Remote,Senior Level (5-8 yrs),2094061,5137360,3615710,INR,"SQL, Data Analytics, Agile, User Research, A/B Testing","QuantVantage is expanding its engineering hub in Punjab (Mohali / Chandigarh). We are hiring a Product Manager (Tech) with expertise in Agile, User Research, SQL and proficiency in A/B Testing, Data Analytics.",2026-08-01
JOB-1265,Full Stack Developer,Flipkart Labs,Punjab (Mohali / Chandigarh),Hybrid,Lead / Principal (8+ yrs),1580672,4115263,2847967,INR,"React, TailwindCSS, JavaScript, TypeScript, MongoDB","Flipkart Labs is expanding its engineering hub in Punjab (Mohali / Chandigarh). We are hiring a Full Stack Developer with expertise in JavaScript, React, TypeScript and proficiency in TailwindCSS, MongoDB.",2026-07-30
JOB-1266,Product Manager (Tech),ByteCraft Inc,Uttar Pradesh (Lucknow),Hybrid,Senior Level (5-8 yrs),1972501,5568491,3770496,INR,"SQL, System Architecture, Agile, User Research, Figma, A/B Testing, Roadmapping","ByteCraft Inc is expanding its engineering hub in Uttar Pradesh (Lucknow). We are hiring a Product Manager (Tech) with expertise in Roadmapping, Agile, SQL, User Research and proficiency in System Architecture, A/B Testing, Figma.",2026-08-16
JOB-1267,Data Engineer,TechNova India,Remote (Global),Remote,Senior Level (5-8 yrs),1362429,3703072,2532750,INR,"SQL, Docker, Hive, Snowflake, Kubernetes, dbt, Scala, Python, Airflow","TechNova India is expanding its engineering hub in Remote (Global). We are hiring a Data Engineer with expertise in Snowflake, Airflow, SQL, Python, Docker and proficiency in Hive, Scala, Kubernetes, dbt.",2026-07-05
JOB-1268,Data Analyst,TCS Innovation Labs,Uttar Pradesh (Lucknow),Onsite,Mid Level (2-5 yrs),593546,1497326,1045436,INR,"Tableau, SQL, PowerBI, Pandas, Snowflake, Looker, Google Analytics, Excel","TCS Innovation Labs is expanding its engineering hub in Uttar Pradesh (Lucknow). We are hiring a Data Analyst with expertise in Tableau, SQL, PowerBI, Excel and proficiency in Looker, Snowflake, Google Analytics, Pandas.",2026-07-09
JOB-1269,Full Stack Developer,OmniCloud Systems,Punjab (Mohali / Chandigarh),Remote,Mid Level (2-5 yrs),802861,2539901,1671381,INR,"SQL, Next.js, React, PostgreSQL, JavaScript, TypeScript","Join OmniCloud Systems (Punjab (Mohali / Chandigarh)) as a Full Stack Developer! In this role, you will lead the architecture, design, and execution of core digital products using TypeScript, JavaScript, React, SQL and Next.js, PostgreSQL.",2026-07-21
JOB-1270,Product Manager (Tech),CloudScale Labs,Maharashtra (Mumbai),Onsite,Mid Level (2-5 yrs),1526303,4102652,2814477,INR,"SQL, Data Analytics, Growth Hacking, Product Strategy, Agile, User Research, Scrum, Roadmapping","We are seeking an experienced Product Manager (Tech) at CloudScale Labs in Maharashtra (Mumbai). You will work closely with engineering teams to implement high-impact systems using Roadmapping, User Research, SQL, Product Strategy, Agile. Expert knowledge of SQL, Data Analytics, Growth Hacking, Product Strategy, Agile, User Research, Scrum, Roadmapping is required.",2026-07-18
JOB-1271,Data Analyst,Hyperion Software,Gujarat (Ahmedabad / GIFT City),Onsite,Mid Level (2-5 yrs),549250,1645912,1097581,INR,"Tableau, SQL, PowerBI, Pandas, BigQuery, Statistics, Looker, Excel","We are seeking an experienced Data Analyst at Hyperion Software in Gujarat (Ahmedabad / GIFT City). You will work closely with engineering teams to implement high-impact systems using Excel, PowerBI, Tableau, SQL. Expert knowledge of Tableau, SQL, PowerBI, Pandas, BigQuery, Statistics, Looker, Excel is required.",2026-08-11
JOB-1272,Full Stack Developer,Infosys Digital,Punjab (Mohali / Chandigarh),Onsite,Senior Level (5-8 yrs),1115254,3165593,2140423,INR,"SQL, AWS, TypeScript, Node.js, Express, GraphQL","We are seeking an experienced Full Stack Developer at Infosys Digital in Punjab (Mohali / Chandigarh). You will work closely with engineering teams to implement high-impact systems using SQL, TypeScript, Node.js. Expert knowledge of SQL, AWS, TypeScript, Node.js, Express, GraphQL is required.",2026-07-10
JOB-1273,Cybersecurity Specialist,TechNova India,Gujarat (Ahmedabad / GIFT City),Remote,Entry Level (0-2 yrs),683228,1826057,1254642,INR,"Compliance, CISSP, SIEM, Network Security, Python, Penetration Testing, Linux","Join TechNova India (Gujarat (Ahmedabad / GIFT City)) as a Cybersecurity Specialist! In this role, you will lead the architecture, design, and execution of core digital products using Python, Penetration Testing, Linux, Network Security, SIEM and CISSP, Compliance.",2026-07-13
JOB-1274,AI/ML Engineer,CyberShield Tech,Maharashtra (Pune),Remote,Mid Level (2-5 yrs),1202593,3267405,2234999,INR,"Scikit-Learn, SQL, LangChain, Docker, ONNX, Transformers, FastAPI, PyTorch","CyberShield Tech is expanding its engineering hub in Maharashtra (Pune). We are hiring a AI/ML Engineer with expertise in Scikit-Learn, PyTorch, SQL, Docker and proficiency in FastAPI, LangChain, Transformers, ONNX.",2026-07-30
JOB-1275,Product Manager (Tech),Paytm Digital,Maharashtra (Pune),Remote,Mid Level (2-5 yrs),1531653,3554840,2543246,INR,"SQL, System Architecture, Agile, Scrum, Figma, A/B Testing, Roadmapping","Paytm Digital is expanding its engineering hub in Maharashtra (Pune). We are hiring a Product Manager (Tech) with expertise in Agile, Roadmapping, SQL and proficiency in System Architecture, Figma, Scrum, A/B Testing.",2026-07-13
JOB-1276,AI/ML Engineer,Swiggy Engineering,Remote (Global),Remote,Senior Level (5-8 yrs),1746407,4830377,3288392,INR,"Scikit-Learn, LangChain, MLflow, Ray, FastAPI, Python, PyTorch","Join Swiggy Engineering (Remote (Global)) as a AI/ML Engineer! In this role, you will lead the architecture, design, and execution of core digital products using Scikit-Learn, PyTorch, Python and Ray, LangChain, FastAPI, MLflow.",2026-07-01
JOB-1277,Cybersecurity Specialist,Pulse Analytics,Telangana (Hyderabad),Hybrid,Entry Level (0-2 yrs),660699,1640589,1150644,INR,"SOC, Wireshark, Incident Response, Network Security, Python, Penetration Testing, Linux","Pulse Analytics is expanding its engineering hub in Telangana (Hyderabad). We are hiring a Cybersecurity Specialist with expertise in Python, Network Security, Penetration Testing, Linux and proficiency in Incident Response, Wireshark, SOC.",2026-08-13
JOB-1278,AI/ML Engineer,Hyperion Software,Delhi NCR (Noida),Onsite,Senior Level (5-8 yrs),1654316,4768331,3211323,INR,"Scikit-Learn, LangChain, Ray, AWS SageMaker, Transformers, Python, TensorFlow, PyTorch","Join Hyperion Software (Delhi NCR (Noida)) as a AI/ML Engineer! In this role, you will lead the architecture, design, and execution of core digital products using TensorFlow, Python, PyTorch, Scikit-Learn and Transformers, LangChain, Ray, AWS SageMaker.",2026-07-08
JOB-1279,Cybersecurity Specialist,Wipro Cloud,Madhya Pradesh (Indore),Onsite,Senior Level (5-8 yrs),1329097,3565838,2447467,INR,"AWS Security, Compliance, CISSP, SIEM, Python, Penetration Testing, Linux","We are seeking an experienced Cybersecurity Specialist at Wipro Cloud in Madhya Pradesh (Indore). You will work closely with engineering teams to implement high-impact systems using Python, Linux, SIEM, Penetration Testing. Expert knowledge of AWS Security, Compliance, CISSP, SIEM, Python, Penetration Testing, Linux is required.",2026-06-27
JOB-1280,Data Engineer,HCL Tech Solutions,Uttar Pradesh (Lucknow),Onsite,Lead / Principal (8+ yrs),1808968,5320768,3564868,INR,"SQL, Hive, Snowflake, dbt, Kafka, Airflow","We are seeking an experienced Data Engineer at HCL Tech Solutions in Uttar Pradesh (Lucknow). You will work closely with engineering teams to implement high-impact systems using SQL, Snowflake, Airflow. Expert knowledge of SQL, Hive, Snowflake, dbt, Kafka, Airflow is required.",2026-06-29
JOB-1281,Full Stack Developer,OmniCloud Systems,Madhya Pradesh (Indore),Remote,Entry Level (0-2 yrs),562352,1751099,1156725,INR,"Redis, React, TailwindCSS, JavaScript, Python, GraphQL, MongoDB","OmniCloud Systems is expanding its engineering hub in Madhya Pradesh (Indore). We are hiring a Full Stack Developer with expertise in React, JavaScript, Python and proficiency in TailwindCSS, Redis, MongoDB, GraphQL.",2026-08-17
JOB-1282,Full Stack Developer,OmniCloud Systems,Uttar Pradesh (Lucknow),Remote,Mid Level (2-5 yrs),824803,2628310,1726556,INR,"SQL, Next.js, Docker, Redis, React, JavaScript, TypeScript, Python, Express","We are seeking an experienced Full Stack Developer at OmniCloud Systems in Uttar Pradesh (Lucknow). You will work closely with engineering teams to implement high-impact systems using Python, React, TypeScript, JavaScript, SQL. Expert knowledge of SQL, Next.js, Docker, Redis, React, JavaScript, TypeScript, Python, Express is required.",2026-08-03
JOB-1283,Cybersecurity Specialist,Pulse Analytics,Rajasthan (Jaipur),Hybrid,Mid Level (2-5 yrs),983350,2576474,1779912,INR,"AWS Security, Compliance, Firewalls, SIEM, Network Security, Python, Penetration Testing, Linux","Join Pulse Analytics (Rajasthan (Jaipur)) as a Cybersecurity Specialist! In this role, you will lead the architecture, design, and execution of core digital products using Network Security, Penetration Testing, SIEM, Python, Linux and AWS Security, Firewalls, Compliance.",2026-07-15
JOB-1284,AI/ML Engineer,Apex Systems,Delhi NCR (Gurugram),Hybrid,Mid Level (2-5 yrs),1311853,3544218,2428035,INR,"SQL, LangChain, Docker, ONNX, Kubernetes, Transformers, Python, TensorFlow, PyTorch","We are seeking an experienced AI/ML Engineer at Apex Systems in Delhi NCR (Gurugram). You will work closely with engineering teams to implement high-impact systems using Python, SQL, TensorFlow, PyTorch, Docker. Expert knowledge of SQL, LangChain, Docker, ONNX, Kubernetes, Transformers, Python, TensorFlow, PyTorch is required.",2026-07-03
JOB-1285,Cloud Architect,ByteCraft Inc,Uttar Pradesh (Lucknow),Onsite,Senior Level (5-8 yrs),2968090,6602300,4785195,INR,"Serverless, Docker, IAM, Azure, Cloud Security, AWS, Python, Microservices","Join ByteCraft Inc (Uttar Pradesh (Lucknow)) as a Cloud Architect! In this role, you will lead the architecture, design, and execution of core digital products using AWS, Cloud Security, Python, Azure and Docker, IAM, Serverless, Microservices.",2026-07-18
JOB-1286,AI/ML Engineer,Apex Systems,Gujarat (Ahmedabad / GIFT City),Hybrid,Entry Level (0-2 yrs),906245,2336847,1621546,INR,"Scikit-Learn, SQL, LangChain, CUDA, Docker, ONNX, Python, TensorFlow","Apex Systems is expanding its engineering hub in Gujarat (Ahmedabad / GIFT City). We are hiring a AI/ML Engineer with expertise in Docker, TensorFlow, Python, SQL, Scikit-Learn and proficiency in ONNX, LangChain, CUDA.",2026-07-08
JOB-1287,DevOps & Cloud Engineer,OmniCloud Systems,Delhi NCR (Noida),Remote,Senior Level (5-8 yrs),1422922,3845929,2634425,INR,"Docker, Azure, GCP, AWS, CI/CD, Ansible, Bash, Linux","OmniCloud Systems is expanding its engineering hub in Delhi NCR (Noida). We are hiring a DevOps & Cloud Engineer with expertise in Docker, CI/CD, AWS, Linux and proficiency in Azure, Bash, GCP, Ansible.",2026-07-20
JOB-1288,AI/ML Engineer,Swiggy Engineering,Maharashtra (Mumbai),Hybrid,Mid Level (2-5 yrs),1175491,3675118,2425304,INR,"Scikit-Learn, LangChain, SQL, Transformers, TensorFlow, PyTorch","We are seeking an experienced AI/ML Engineer at Swiggy Engineering in Maharashtra (Mumbai). You will work closely with engineering teams to implement high-impact systems using Scikit-Learn, SQL, TensorFlow, PyTorch. Expert knowledge of Scikit-Learn, LangChain, SQL, Transformers, TensorFlow, PyTorch is required.",2026-08-17
JOB-1289,Cybersecurity Specialist,OmniCloud Systems,Maharashtra (Mumbai),Onsite,Mid Level (2-5 yrs),878297,2392388,1635342,INR,"SOC, Compliance, Wireshark, Firewalls, SIEM, Network Security, Python, Penetration Testing, Linux","Join OmniCloud Systems (Maharashtra (Mumbai)) as a Cybersecurity Specialist! In this role, you will lead the architecture, design, and execution of core digital products using Python, SIEM, Network Security, Penetration Testing, Linux and Wireshark, Compliance, SOC, Firewalls.",2026-07-12
JOB-1290,Data Analyst,Infosys Digital,West Bengal (Kolkata),Remote,Mid Level (2-5 yrs),630263,1556824,1093543,INR,"Tableau, SQL, PowerBI, BigQuery, Snowflake, Python, Excel","Join Infosys Digital (West Bengal (Kolkata)) as a Data Analyst! In this role, you will lead the architecture, design, and execution of core digital products using Tableau, PowerBI, SQL, Python, Excel and Snowflake, BigQuery.",2026-08-03
JOB-1291,Product Manager (Tech),Infosys Digital,Tamil Nadu (Chennai),Onsite,Senior Level (5-8 yrs),1951254,5808533,3879893,INR,"System Architecture, Product Strategy, Scrum, User Research, A/B Testing, Roadmapping","We are seeking an experienced Product Manager (Tech) at Infosys Digital in Tamil Nadu (Chennai). You will work closely with engineering teams to implement high-impact systems using User Research, Product Strategy, Roadmapping. Expert knowledge of System Architecture, Product Strategy, Scrum, User Research, A/B Testing, Roadmapping is required.",2026-07-21
JOB-1292,AI/ML Engineer,Infosys Digital,Madhya Pradesh (Indore),Hybrid,Entry Level (0-2 yrs),772627,2285037,1528832,INR,"Scikit-Learn, SQL, LangChain, MLflow, Docker, Kubernetes, TensorFlow, PyTorch","We are seeking an experienced AI/ML Engineer at Infosys Digital in Madhya Pradesh (Indore). You will work closely with engineering teams to implement high-impact systems using SQL, Docker, TensorFlow, PyTorch, Scikit-Learn. Expert knowledge of Scikit-Learn, SQL, LangChain, MLflow, Docker, Kubernetes, TensorFlow, PyTorch is required.",2026-06-29
JOB-1293,Data Analyst,OmniCloud Systems,Telangana (Hyderabad),Hybrid,Senior Level (5-8 yrs),814983,2320454,1567718,INR,"Tableau, PowerBI, A/B Testing, R, Statistics, Python, Excel","OmniCloud Systems is expanding its engineering hub in Telangana (Hyderabad). We are hiring a Data Analyst with expertise in Tableau, PowerBI, Excel, Python and proficiency in R, Statistics, A/B Testing.",2026-08-08
JOB-1294,Full Stack Developer,CyberShield Tech,Punjab (Mohali / Chandigarh),Hybrid,Senior Level (5-8 yrs),1202489,3454470,2328479,INR,"SQL, JavaScript, AWS, TypeScript, Node.js, Express, GraphQL, MongoDB","Join CyberShield Tech (Punjab (Mohali / Chandigarh)) as a Full Stack Developer! In this role, you will lead the architecture, design, and execution of core digital products using SQL, Node.js, JavaScript, TypeScript and MongoDB, AWS, GraphQL, Express.",2026-07-25
JOB-1295,Cybersecurity Specialist,Nexus AI,Maharashtra (Pune),Remote,Mid Level (2-5 yrs),944621,2610886,1777753,INR,"Compliance, Incident Response, CISSP, SIEM, Cryptography, Python, Penetration Testing, Linux","Join Nexus AI (Maharashtra (Pune)) as a Cybersecurity Specialist! In this role, you will lead the architecture, design, and execution of core digital products using Linux, Penetration Testing, SIEM, Python and Cryptography, CISSP, Incident Response, Compliance.",2026-07-25
JOB-1296,Full Stack Developer,Infosys Digital,Karnataka (Bengaluru),Remote,Senior Level (5-8 yrs),1217841,3341980,2279910,INR,"Redis, React, JavaScript, TypeScript, Node.js, Python, Express","We are seeking an experienced Full Stack Developer at Infosys Digital in Karnataka (Bengaluru). You will work closely with engineering teams to implement high-impact systems using React, JavaScript, TypeScript, Python, Node.js. Expert knowledge of Redis, React, JavaScript, TypeScript, Node.js, Python, Express is required.",2026-08-19
JOB-1297,Cybersecurity Specialist,Zomato Tech,Maharashtra (Pune),Remote,Mid Level (2-5 yrs),861151,2665769,1763460,INR,"SOC, Incident Response, SIEM, Network Security, Python","We are seeking an experienced Cybersecurity Specialist at Zomato Tech in Maharashtra (Pune). You will work closely with engineering teams to implement high-impact systems using Network Security, SIEM, Python. Expert knowledge of SOC, Incident Response, SIEM, Network Security, Python is required.",2026-07-18
JOB-1298,Full Stack Developer,TechNova India,Maharashtra (Mumbai),Onsite,Mid Level (2-5 yrs),815613,2462902,1639257,INR,"SQL, Docker, Redis, React, Node.js, Python, MongoDB","TechNova India is expanding its engineering hub in Maharashtra (Mumbai). We are hiring a Full Stack Developer with expertise in Node.js, SQL, React, Python and proficiency in Docker, Redis, MongoDB.",2026-06-25
JOB-1299,Cybersecurity Specialist,Zomato Tech,Kerala (Kochi),Hybrid,Mid Level (2-5 yrs),864643,2340048,1602345,INR,"Firewalls, CISSP, SIEM, Cryptography, Network Security, Python","We are seeking an experienced Cybersecurity Specialist at Zomato Tech in Kerala (Kochi). You will work closely with engineering teams to implement high-impact systems using Network Security, SIEM, Python. Expert knowledge of Firewalls, CISSP, SIEM, Cryptography, Network Security, Python is required.",2026-07-29
JOB-1300,Data Analyst,OmniCloud Systems,Karnataka (Bengaluru),Onsite,Lead / Principal (8+ yrs),1081948,2907747,1994847,INR,"Tableau, SQL, PowerBI, Snowflake, R, Statistics, Google Analytics, Python","OmniCloud Systems is expanding its engineering hub in Karnataka (Bengaluru). We are hiring a Data Analyst with expertise in Tableau, SQL, Python, PowerBI and proficiency in Statistics, Snowflake, R, Google Analytics.",2026-07-24
JOB-1301,Cybersecurity Specialist,HCL Tech Solutions,Delhi NCR (Gurugram),Onsite,Senior Level (5-8 yrs),1337508,3774418,2555963,INR,"AWS Security, Incident Response, SIEM, Cryptography, Network Security, Python, Penetration Testing","Join HCL Tech Solutions (Delhi NCR (Gurugram)) as a Cybersecurity Specialist! In this role, you will lead the architecture, design, and execution of core digital products using SIEM, Python, Penetration Testing, Network Security and Incident Response, AWS Security, Cryptography.",2026-07-10
JOB-1302,Data Analyst,Vanguard AI,Delhi NCR (Noida),Remote,Entry Level (0-2 yrs),379629,1019117,699373,INR,"Tableau, SQL, Python, Pandas, Looker, A/B Testing, Excel","Vanguard AI is expanding its engineering hub in Delhi NCR (Noida). We are hiring a Data Analyst with expertise in SQL, Excel, Tableau, Python and proficiency in A/B Testing, Pandas, Looker.",2026-08-19
JOB-1303,Full Stack Developer,DataStream Corp,Kerala (Kochi),Hybrid,Entry Level (0-2 yrs),528325,1653201,1090763,INR,"SQL, Next.js, JavaScript, AWS, TypeScript, Python","Join DataStream Corp (Kerala (Kochi)) as a Full Stack Developer! In this role, you will lead the architecture, design, and execution of core digital products using SQL, JavaScript, TypeScript, Python and Next.js, AWS.",2026-07-28
JOB-1304,Product Manager (Tech),CloudScale Labs,Kerala (Thiruvananthapuram),Remote,Senior Level (5-8 yrs),1966273,5741023,3853648,INR,"Agile, Product Strategy, Scrum, User Research, Figma","Join CloudScale Labs (Kerala (Thiruvananthapuram)) as a Product Manager (Tech)! In this role, you will lead the architecture, design, and execution of core digital products using Agile, User Research, Product Strategy and Figma, Scrum.",2026-06-29
JOB-1305,Cybersecurity Specialist,TechNova India,Telangana (Hyderabad),Onsite,Mid Level (2-5 yrs),895108,2694350,1794729,INR,"SOC, AWS Security, Compliance, Firewalls, SIEM, Network Security, Python, Penetration Testing","Join TechNova India (Telangana (Hyderabad)) as a Cybersecurity Specialist! In this role, you will lead the architecture, design, and execution of core digital products using Python, Network Security, SIEM, Penetration Testing and Firewalls, AWS Security, SOC, Compliance.",2026-06-22
JOB-1306,Cloud Architect,Infosys Digital,Maharashtra (Mumbai),Onsite,Lead / Principal (8+ yrs),3969106,8378791,6173948,INR,"IAM, Azure, Kubernetes, Cloud Security, GCP, AWS, Terraform","We are seeking an experienced Cloud Architect at Infosys Digital in Maharashtra (Mumbai). You will work closely with engineering teams to implement high-impact systems using AWS, Cloud Security, Terraform, Kubernetes, Azure. Expert knowledge of IAM, Azure, Kubernetes, Cloud Security, GCP, AWS, Terraform is required.",2026-08-05
JOB-1307,Cybersecurity Specialist,QuantVantage,Karnataka (Bengaluru),Remote,Senior Level (5-8 yrs),1227592,3341141,2284366,INR,"SOC, Compliance, AWS Security, Firewalls, SIEM, Network Security, Python, Penetration Testing, Linux","We are seeking an experienced Cybersecurity Specialist at QuantVantage in Karnataka (Bengaluru). You will work closely with engineering teams to implement high-impact systems using Network Security, SIEM, Penetration Testing, Linux, Python. Expert knowledge of SOC, Compliance, AWS Security, Firewalls, SIEM, Network Security, Python, Penetration Testing, Linux is required.",2026-07-20
JOB-1308,Data Engineer,Paytm Digital,Kerala (Thiruvananthapuram),Onsite,Entry Level (0-2 yrs),740398,2060625,1400511,INR,"SQL, Docker, Databricks, Kubernetes, AWS Redshift, Python, Airflow","Join Paytm Digital (Kerala (Thiruvananthapuram)) as a Data Engineer! In this role, you will lead the architecture, design, and execution of core digital products using Docker, SQL, Python, Airflow and AWS Redshift, Kubernetes, Databricks.",2026-07-05
JOB-1309,DevOps & Cloud Engineer,TechNova India,Rajasthan (Jaipur),Hybrid,Senior Level (5-8 yrs),1560544,4236641,2898592,INR,"GitLab CI, ArgoCD, Kubernetes, AWS, Terraform, Python, Linux","Join TechNova India (Rajasthan (Jaipur)) as a DevOps & Cloud Engineer! In this role, you will lead the architecture, design, and execution of core digital products using Linux, Terraform, AWS, Kubernetes and ArgoCD, GitLab CI, Python.",2026-07-05
JOB-1310,Product Manager (Tech),Apex Systems,Delhi NCR (Gurugram),Remote,Mid Level (2-5 yrs),1463713,3561006,2512359,INR,"SQL, Growth Hacking, Product Strategy, User Research, Jira, Figma, Roadmapping","We are seeking an experienced Product Manager (Tech) at Apex Systems in Delhi NCR (Gurugram). You will work closely with engineering teams to implement high-impact systems using User Research, Roadmapping, SQL, Product Strategy. Expert knowledge of SQL, Growth Hacking, Product Strategy, User Research, Jira, Figma, Roadmapping is required.",2026-07-12
JOB-1311,Cloud Architect,Paytm Digital,Gujarat (Ahmedabad / GIFT City),Hybrid,Senior Level (5-8 yrs),2749490,6480800,4615145,INR,"Enterprise Architecture, IAM, Azure, Kubernetes, Cloud Security, System Design, Terraform, Networking, Python","We are seeking an experienced Cloud Architect at Paytm Digital in Gujarat (Ahmedabad / GIFT City). You will work closely with engineering teams to implement high-impact systems using Kubernetes, Terraform, Azure, Cloud Security, Python. Expert knowledge of Enterprise Architecture, IAM, Azure, Kubernetes, Cloud Security, System Design, Terraform, Networking, Python is required.",2026-07-18
JOB-1312,Data Engineer,CloudScale Labs,Tamil Nadu (Chennai),Remote,Senior Level (5-8 yrs),1444217,3940243,2692230,INR,"SQL, Kafka, GCP BigQuery, Python, Airflow","CloudScale Labs is expanding its engineering hub in Tamil Nadu (Chennai). We are hiring a Data Engineer with expertise in Python, Airflow, SQL and proficiency in Kafka, GCP BigQuery.",2026-07-14
JOB-1313,Data Analyst,CloudScale Labs,Punjab (Mohali / Chandigarh),Remote,Senior Level (5-8 yrs),766197,2265992,1516094,INR,"Tableau, SQL, Pandas, BigQuery, Statistics, Python","Join CloudScale Labs (Punjab (Mohali / Chandigarh)) as a Data Analyst! In this role, you will lead the architecture, design, and execution of core digital products using SQL, Python, Tableau and Pandas, Statistics, BigQuery.",2026-06-29
JOB-1314,Cloud Architect,CloudScale Labs,West Bengal (Kolkata),Onsite,Entry Level (0-2 yrs),1408865,3151317,2280091,INR,"IAM, Azure, Cloud Security, GCP, AWS, Enterprise Architecture, Microservices","CloudScale Labs is expanding its engineering hub in West Bengal (Kolkata). We are hiring a Cloud Architect with expertise in Cloud Security, AWS, Azure and proficiency in Microservices, GCP, IAM, Enterprise Architecture.",2026-07-09
JOB-1315,DevOps & Cloud Engineer,Flipkart Labs,Delhi NCR (Gurugram),Onsite,Senior Level (5-8 yrs),1630078,4241970,2936024,INR,"GitLab CI, Kubernetes, GCP, CI/CD, Terraform, Python, Linux","Flipkart Labs is expanding its engineering hub in Delhi NCR (Gurugram). We are hiring a DevOps & Cloud Engineer with expertise in CI/CD, Linux, Kubernetes, Terraform and proficiency in GCP, Python, GitLab CI.",2026-07-30
JOB-1316,Full Stack Developer,Swiggy Engineering,Uttar Pradesh (Lucknow),Hybrid,Lead / Principal (8+ yrs),1395322,4675948,3035635,INR,"SQL, React, TailwindCSS, PostgreSQL, TypeScript, Node.js, Python, GraphQL, MongoDB","Swiggy Engineering is expanding its engineering hub in Uttar Pradesh (Lucknow). We are hiring a Full Stack Developer with expertise in React, SQL, Node.js, Python, TypeScript and proficiency in GraphQL, PostgreSQL, MongoDB, TailwindCSS.",2026-08-04
JOB-1317,Cloud Architect,ByteCraft Inc,Uttar Pradesh (Lucknow),Hybrid,Entry Level (0-2 yrs),1535630,3168360,2351995,INR,"Serverless, Kubernetes, Cloud Security, GCP, System Design, AWS, Enterprise Architecture","Join ByteCraft Inc (Uttar Pradesh (Lucknow)) as a Cloud Architect! In this role, you will lead the architecture, design, and execution of core digital products using Cloud Security, Kubernetes, AWS and System Design, Enterprise Architecture, GCP, Serverless.",2026-08-19
JOB-1318,Data Analyst,Swiggy Engineering,Remote (Global),Remote,Mid Level (2-5 yrs),584049,1626289,1105169,INR,"Tableau, SQL, PowerBI, A/B Testing, Looker, Python, Excel","We are seeking an experienced Data Analyst at Swiggy Engineering in Remote (Global). You will work closely with engineering teams to implement high-impact systems using Python, SQL, Excel, PowerBI, Tableau. Expert knowledge of Tableau, SQL, PowerBI, A/B Testing, Looker, Python, Excel is required.",2026-08-04
JOB-1319,Data Analyst,Nexus AI,Rajasthan (Jaipur),Onsite,Lead / Principal (8+ yrs),1007296,3142537,2074916,INR,"Tableau, SQL, PowerBI, Pandas, BigQuery, Looker, Google Analytics, Python, Excel","Join Nexus AI (Rajasthan (Jaipur)) as a Data Analyst! In this role, you will lead the architecture, design, and execution of core digital products using SQL, Tableau, Python, PowerBI, Excel and Pandas, Google Analytics, BigQuery, Looker.",2026-08-15
JOB-1320,AI/ML Engineer,QuantVantage,Punjab (Mohali / Chandigarh),Hybrid,Mid Level (2-5 yrs),1089883,3527950,2308916,INR,"SQL, MLflow, Ray, Transformers, FastAPI, Python, PyTorch","We are seeking an experienced AI/ML Engineer at QuantVantage in Punjab (Mohali / Chandigarh). You will work closely with engineering teams to implement high-impact systems using PyTorch, SQL, Python. Expert knowledge of SQL, MLflow, Ray, Transformers, FastAPI, Python, PyTorch is required.",2026-07-31
JOB-1321,DevOps & Cloud Engineer,TCS Innovation Labs,Maharashtra (Mumbai),Onsite,Senior Level (5-8 yrs),1426714,3849337,2638025,INR,"Grafana, GCP, AWS, CI/CD, Terraform, Python, Linux","TCS Innovation Labs is expanding its engineering hub in Maharashtra (Mumbai). We are hiring a DevOps & Cloud Engineer with expertise in Terraform, AWS, Linux, CI/CD and proficiency in Grafana, GCP, Python.",2026-07-04
JOB-1322,AI/ML Engineer,Swiggy Engineering,Rajasthan (Jaipur),Hybrid,Entry Level (0-2 yrs),859487,2565477,1712482,INR,"Scikit-Learn, SQL, Docker, Kubernetes, Ray, Transformers, Python, PyTorch","We are seeking an experienced AI/ML Engineer at Swiggy Engineering in Rajasthan (Jaipur). You will work closely with engineering teams to implement high-impact systems using Scikit-Learn, PyTorch, SQL, Docker, Python. Expert knowledge of Scikit-Learn, SQL, Docker, Kubernetes, Ray, Transformers, Python, PyTorch is required.",2026-08-05
JOB-1323,Data Engineer,Apex Systems,Madhya Pradesh (Indore),Hybrid,Senior Level (5-8 yrs),1426285,3546978,2486631,INR,"SQL, Docker, Kubernetes, PostgreSQL, Spark, AWS Redshift, Python, Airflow","Join Apex Systems (Madhya Pradesh (Indore)) as a Data Engineer! In this role, you will lead the architecture, design, and execution of core digital products using Python, Docker, Airflow, SQL, Spark and AWS Redshift, Kubernetes, PostgreSQL.",2026-08-10
JOB-1324,Cloud Architect,Paytm Digital,Uttar Pradesh (Lucknow),Onsite,Entry Level (0-2 yrs),1467082,3187328,2327205,INR,"Azure, Cloud Security, GCP, Python, Microservices","Paytm Digital is expanding its engineering hub in Uttar Pradesh (Lucknow). We are hiring a Cloud Architect with expertise in Azure, Python, Cloud Security and proficiency in Microservices, GCP.",2026-06-22
JOB-1325,Full Stack Developer,CyberShield Tech,Karnataka (Bengaluru),Hybrid,Senior Level (5-8 yrs),1173762,3166380,2170071,INR,"React, PostgreSQL, Node.js, Python, GraphQL","CyberShield Tech is expanding its engineering hub in Karnataka (Bengaluru). We are hiring a Full Stack Developer with expertise in React, Node.js, Python and proficiency in GraphQL, PostgreSQL.",2026-07-18
JOB-1326,Data Analyst,Swiggy Engineering,Remote (India),Remote,Senior Level (5-8 yrs),803714,2369556,1586635,INR,"Tableau, SQL, Pandas, R, Looker, A/B Testing, Excel","Swiggy Engineering is expanding its engineering hub in Remote (India). We are hiring a Data Analyst with expertise in SQL, Excel, Tableau and proficiency in R, Looker, Pandas, A/B Testing.",2026-08-03
JOB-1327,AI/ML Engineer,ByteCraft Inc,Karnataka (Bengaluru),Remote,Mid Level (2-5 yrs),1202049,3646782,2424415,INR,"Scikit-Learn, Docker, Kubernetes, Ray, AWS SageMaker, Python, TensorFlow","Join ByteCraft Inc (Karnataka (Bengaluru)) as a AI/ML Engineer! In this role, you will lead the architecture, design, and execution of core digital products using Docker, TensorFlow, Python, Scikit-Learn and Ray, Kubernetes, AWS SageMaker.",2026-07-20
JOB-1328,Data Engineer,Infosys Digital,Delhi NCR (Noida),Onsite,Lead / Principal (8+ yrs),1723091,5021263,3372177,INR,"SQL, Docker, Snowflake, Kubernetes, Scala, GCP BigQuery, Python, Airflow","Join Infosys Digital (Delhi NCR (Noida)) as a Data Engineer! In this role, you will lead the architecture, design, and execution of core digital products using Docker, Python, Snowflake, Airflow, SQL and Scala, GCP BigQuery, Kubernetes.",2026-07-29
JOB-1329,Data Analyst,HCL Tech Solutions,Remote (Global),Remote,Mid Level (2-5 yrs),647661,1650218,1148939,INR,"Tableau, SQL, Pandas, Snowflake, Looker, Google Analytics, Excel","We are seeking an experienced Data Analyst at HCL Tech Solutions in Remote (Global). You will work closely with engineering teams to implement high-impact systems using Tableau, Excel, SQL. Expert knowledge of Tableau, SQL, Pandas, Snowflake, Looker, Google Analytics, Excel is required.",2026-07-05
JOB-1330,Cybersecurity Specialist,Zomato Tech,Gujarat (Ahmedabad / GIFT City),Hybrid,Mid Level (2-5 yrs),847216,2412059,1629637,INR,"AWS Security, Compliance, Firewalls, SIEM, Penetration Testing, Linux","Zomato Tech is expanding its engineering hub in Gujarat (Ahmedabad / GIFT City). We are hiring a Cybersecurity Specialist with expertise in SIEM, Linux, Penetration Testing and proficiency in Compliance, AWS Security, Firewalls.",2026-07-08
JOB-1331,DevOps & Cloud Engineer,TCS Innovation Labs,Kerala (Kochi),Onsite,Senior Level (5-8 yrs),1483820,4518896,3001358,INR,"GitLab CI, Docker, ArgoCD, Kubernetes, CI/CD, Terraform, Python, Linux","TCS Innovation Labs is expanding its engineering hub in Kerala (Kochi). We are hiring a DevOps & Cloud Engineer with expertise in Docker, Terraform, CI/CD, Kubernetes, Linux and proficiency in Python, ArgoCD, GitLab CI.",2026-08-19
JOB-1332,Cloud Architect,Vanguard AI,Madhya Pradesh (Indore),Hybrid,Mid Level (2-5 yrs),2104978,4907502,3506240,INR,"Azure, Kubernetes, Cloud Security, GCP, System Design, AWS, Python","Join Vanguard AI (Madhya Pradesh (Indore)) as a Cloud Architect! In this role, you will lead the architecture, design, and execution of core digital products using Python, Cloud Security, Azure, AWS, Kubernetes and System Design, GCP.",2026-07-13
JOB-1333,DevOps & Cloud Engineer,Paytm Digital,Gujarat (Ahmedabad / GIFT City),Remote,Senior Level (5-8 yrs),1537365,3895510,2716437,INR,"GitLab CI, Docker, Azure, Kubernetes, Terraform, Python, Linux, Prometheus","We are seeking an experienced DevOps & Cloud Engineer at Paytm Digital in Gujarat (Ahmedabad / GIFT City). You will work closely with engineering teams to implement high-impact systems using Linux, Terraform, Docker, Kubernetes. Expert knowledge of GitLab CI, Docker, Azure, Kubernetes, Terraform, Python, Linux, Prometheus is required.",2026-08-06
JOB-1334,AI/ML Engineer,Vanguard AI,Karnataka (Bengaluru),Hybrid,Lead / Principal (8+ yrs),2383005,6461976,4422490,INR,"SQL, Docker, AWS SageMaker, FastAPI, PyTorch","Join Vanguard AI (Karnataka (Bengaluru)) as a AI/ML Engineer! In this role, you will lead the architecture, design, and execution of core digital products using Docker, PyTorch, SQL and FastAPI, AWS SageMaker.",2026-06-26
JOB-1335,Product Manager (Tech),HCL Tech Solutions,Madhya Pradesh (Indore),Hybrid,Senior Level (5-8 yrs),2107855,5208930,3658392,INR,"SQL, Product Strategy, Agile, User Research, Scrum, Jira, A/B Testing, Roadmapping","HCL Tech Solutions is expanding its engineering hub in Madhya Pradesh (Indore). We are hiring a Product Manager (Tech) with expertise in SQL, User Research, Product Strategy, Agile, Roadmapping and proficiency in Scrum, Jira, A/B Testing.",2026-08-18
JOB-1336,Cybersecurity Specialist,Zomato Tech,Maharashtra (Mumbai),Remote,Mid Level (2-5 yrs),934191,2809911,1872051,INR,"AWS Security, Compliance, Wireshark, Network Security, Python, Penetration Testing, Linux","Join Zomato Tech (Maharashtra (Mumbai)) as a Cybersecurity Specialist! In this role, you will lead the architecture, design, and execution of core digital products using Linux, Penetration Testing, Python, Network Security and AWS Security, Compliance, Wireshark.",2026-06-28
JOB-1337,Product Manager (Tech),Nexus AI,Remote (Global),Remote,Entry Level (0-2 yrs),1068966,2773121,1921043,INR,"SQL, Product Strategy, Agile, User Research, Jira, Scrum, A/B Testing, Roadmapping","We are seeking an experienced Product Manager (Tech) at Nexus AI in Remote (Global). You will work closely with engineering teams to implement high-impact systems using Roadmapping, Product Strategy, SQL, User Research, Agile. Expert knowledge of SQL, Product Strategy, Agile, User Research, Jira, Scrum, A/B Testing, Roadmapping is required.",2026-06-25
JOB-1338,Product Manager (Tech),Nexus AI,West Bengal (Kolkata),Hybrid,Senior Level (5-8 yrs),2195287,5825603,4010445,INR,"SQL, Data Analytics, Product Strategy, Agile, User Research, Jira, Figma, Scrum, Roadmapping","Nexus AI is expanding its engineering hub in West Bengal (Kolkata). We are hiring a Product Manager (Tech) with expertise in Product Strategy, Agile, SQL, User Research, Roadmapping and proficiency in Data Analytics, Jira, Figma, Scrum.",2026-06-21
JOB-1339,Full Stack Developer,Hyperion Software,Rajasthan (Jaipur),Remote,Senior Level (5-8 yrs),1077005,3514668,2295836,INR,"SQL, Next.js, TailwindCSS, JavaScript, TypeScript, Python","Join Hyperion Software (Rajasthan (Jaipur)) as a Full Stack Developer! In this role, you will lead the architecture, design, and execution of core digital products using Python, TypeScript, SQL, JavaScript and Next.js, TailwindCSS.",2026-08-02
JOB-1340,Full Stack Developer,DataStream Corp,Tamil Nadu (Chennai),Remote,Entry Level (0-2 yrs),569952,1671839,1120895,INR,"Next.js, TailwindCSS, JavaScript, AWS, TypeScript, Node.js, Python, Express","Join DataStream Corp (Tamil Nadu (Chennai)) as a Full Stack Developer! In this role, you will lead the architecture, design, and execution of core digital products using JavaScript, Node.js, Python, TypeScript and Next.js, AWS, Express, TailwindCSS.",2026-07-23
JOB-1341,Data Engineer,Paytm Digital,Karnataka (Bengaluru),Remote,Senior Level (5-8 yrs),1442917,3556789,2499853,INR,"SQL, Docker, Snowflake, PostgreSQL, Kafka, Python","We are seeking an experienced Data Engineer at Paytm Digital in Karnataka (Bengaluru). You will work closely with engineering teams to implement high-impact systems using Snowflake, Docker, SQL, Python. Expert knowledge of SQL, Docker, Snowflake, PostgreSQL, Kafka, Python is required.",2026-07-09
JOB-1342,Data Analyst,QuantVantage,Maharashtra (Pune),Remote,Entry Level (0-2 yrs),408255,1016028,712141,INR,"Tableau, BigQuery, Statistics, Looker, Google Analytics, Python, Excel","Join QuantVantage (Maharashtra (Pune)) as a Data Analyst! In this role, you will lead the architecture, design, and execution of core digital products using Python, Tableau, Excel and Looker, Statistics, BigQuery, Google Analytics.",2026-07-31
JOB-1343,Cloud Architect,Hyperion Software,Maharashtra (Pune),Hybrid,Senior Level (5-8 yrs),2815149,6753124,4784136,INR,"Azure, Cloud Security, System Design, Terraform, Networking","Hyperion Software is expanding its engineering hub in Maharashtra (Pune). We are hiring a Cloud Architect with expertise in Cloud Security, Terraform, Azure and proficiency in Networking, System Design.",2026-08-07
JOB-1344,AI/ML Engineer,DataStream Corp,Remote (Global),Remote,Lead / Principal (8+ yrs),2439790,6285740,4362765,INR,"SQL, Docker, ONNX, AWS SageMaker, Ray, Transformers, TensorFlow, PyTorch","We are seeking an experienced AI/ML Engineer at DataStream Corp in Remote (Global). You will work closely with engineering teams to implement high-impact systems using Docker, SQL, TensorFlow, PyTorch. Expert knowledge of SQL, Docker, ONNX, AWS SageMaker, Ray, Transformers, TensorFlow, PyTorch is required.",2026-07-12
JOB-1345,Product Manager (Tech),Zomato Tech,Remote (India),Remote,Mid Level (2-5 yrs),1357196,3895350,2626273,INR,"Growth Hacking, Product Strategy, Jira, User Research, A/B Testing, Roadmapping","We are seeking an experienced Product Manager (Tech) at Zomato Tech in Remote (India). You will work closely with engineering teams to implement high-impact systems using Roadmapping, Product Strategy, User Research. Expert knowledge of Growth Hacking, Product Strategy, Jira, User Research, A/B Testing, Roadmapping is required.",2026-07-04
JOB-1346,DevOps & Cloud Engineer,Paytm Digital,Madhya Pradesh (Indore),Hybrid,Entry Level (0-2 yrs),814690,2019264,1416977,INR,"Grafana, Docker, ArgoCD, Kubernetes, AWS, Linux","Paytm Digital is expanding its engineering hub in Madhya Pradesh (Indore). We are hiring a DevOps & Cloud Engineer with expertise in AWS, Docker, Linux, Kubernetes and proficiency in Grafana, ArgoCD.",2026-07-16
JOB-1347,Cloud Architect,TechNova India,Telangana (Hyderabad),Onsite,Mid Level (2-5 yrs),1935174,4965574,3450374,INR,"Serverless, IAM, Kubernetes, AWS, Terraform, Python","Join TechNova India (Telangana (Hyderabad)) as a Cloud Architect! In this role, you will lead the architecture, design, and execution of core digital products using Python, Kubernetes, AWS, Terraform and IAM, Serverless.",2026-06-30
JOB-1348,AI/ML Engineer,TCS Innovation Labs,Remote (India),Remote,Entry Level (0-2 yrs),869937,2477036,1673486,INR,"Scikit-Learn, SQL, MLflow, ONNX, AWS SageMaker, Transformers, TensorFlow, PyTorch","We are seeking an experienced AI/ML Engineer at TCS Innovation Labs in Remote (India). You will work closely with engineering teams to implement high-impact systems using SQL, TensorFlow, Scikit-Learn, PyTorch. Expert knowledge of Scikit-Learn, SQL, MLflow, ONNX, AWS SageMaker, Transformers, TensorFlow, PyTorch is required.",2026-08-07
JOB-1349,Cloud Architect,Pulse Analytics,Maharashtra (Pune),Remote,Mid Level (2-5 yrs),2145837,5041478,3593657,INR,"Serverless, Azure, Cloud Security, GCP, Terraform, Networking, Microservices","Pulse Analytics is expanding its engineering hub in Maharashtra (Pune). We are hiring a Cloud Architect with expertise in Cloud Security, Terraform, Azure and proficiency in Serverless, Microservices, Networking, GCP.",2026-06-27
JOB-1350,Cloud Architect,CloudScale Labs,West Bengal (Kolkata),Hybrid,Entry Level (0-2 yrs),1291424,3551482,2421453,INR,"Cloud Security, Terraform, Networking, Python, Microservices","We are seeking an experienced Cloud Architect at CloudScale Labs in West Bengal (Kolkata). You will work closely with engineering teams to implement high-impact systems using Cloud Security, Terraform, Python. Expert knowledge of Cloud Security, Terraform, Networking, Python, Microservices is required.",2026-06-23
JOB-1351,Data Engineer,ByteCraft Inc,Remote (Global),Remote,Entry Level (0-2 yrs),675827,2065636,1370731,INR,"SQL, Hive, Docker, Snowflake, Databricks, GCP BigQuery, Airflow","We are seeking an experienced Data Engineer at ByteCraft Inc in Remote (Global). You will work closely with engineering teams to implement high-impact systems using Snowflake, SQL, Docker, Airflow. Expert knowledge of SQL, Hive, Docker, Snowflake, Databricks, GCP BigQuery, Airflow is required.",2026-06-29
JOB-1352,Full Stack Developer,Wipro Cloud,Maharashtra (Mumbai),Hybrid,Mid Level (2-5 yrs),803292,2476312,1639802,INR,"SQL, Next.js, Redis, React, JavaScript, AWS, Node.js, Python","Join Wipro Cloud (Maharashtra (Mumbai)) as a Full Stack Developer! In this role, you will lead the architecture, design, and execution of core digital products using JavaScript, SQL, React, Python, Node.js and AWS, Next.js, Redis.",2026-08-19
JOB-1353,Data Analyst,Wipro Cloud,Kerala (Thiruvananthapuram),Remote,Entry Level (0-2 yrs),387614,1222658,805136,INR,"Tableau, SQL, PowerBI, Pandas, A/B Testing, Looker, Python","Wipro Cloud is expanding its engineering hub in Kerala (Thiruvananthapuram). We are hiring a Data Analyst with expertise in PowerBI, Tableau, Python, SQL and proficiency in Looker, Pandas, A/B Testing.",2026-07-19
JOB-1354,Data Engineer,Wipro Cloud,Punjab (Mohali / Chandigarh),Onsite,Mid Level (2-5 yrs),1022652,2709693,1866172,INR,"SQL, Docker, Databricks, Spark, dbt","Join Wipro Cloud (Punjab (Mohali / Chandigarh)) as a Data Engineer! In this role, you will lead the architecture, design, and execution of core digital products using Docker, Spark, SQL and dbt, Databricks.",2026-08-17
JOB-1355,Full Stack Developer,TechNova India,Remote (India),Remote,Lead / Principal (8+ yrs),1384978,4525355,2955166,INR,"SQL, Redis, TailwindCSS, JavaScript, Node.js","TechNova India is expanding its engineering hub in Remote (India). We are hiring a Full Stack Developer with expertise in JavaScript, Node.js, SQL and proficiency in TailwindCSS, Redis.",2026-07-11
JOB-1356,Product Manager (Tech),Paytm Digital,Punjab (Mohali / Chandigarh),Hybrid,Mid Level (2-5 yrs),1486675,3940203,2713439,INR,"Growth Hacking, Agile, Product Strategy, Jira, Scrum, A/B Testing, Roadmapping","Paytm Digital is expanding its engineering hub in Punjab (Mohali / Chandigarh). We are hiring a Product Manager (Tech) with expertise in Roadmapping, Agile, Product Strategy and proficiency in A/B Testing, Jira, Scrum, Growth Hacking.",2026-07-02
JOB-1357,Product Manager (Tech),OmniCloud Systems,Gujarat (Ahmedabad / GIFT City),Remote,Entry Level (0-2 yrs),958726,2454055,1706390,INR,"SQL, System Architecture, Product Strategy, Agile, User Research, Scrum, Jira, Roadmapping","Join OmniCloud Systems (Gujarat (Ahmedabad / GIFT City)) as a Product Manager (Tech)! In this role, you will lead the architecture, design, and execution of core digital products using User Research, Roadmapping, Product Strategy, Agile, SQL and Scrum, System Architecture, Jira.",2026-07-22
JOB-1358,Full Stack Developer,CyberShield Tech,Punjab (Mohali / Chandigarh),Onsite,Mid Level (2-5 yrs),814485,2274516,1544500,INR,"SQL, Redis, PostgreSQL, JavaScript, AWS, TypeScript, Node.js, Python","We are seeking an experienced Full Stack Developer at CyberShield Tech in Punjab (Mohali / Chandigarh). You will work closely with engineering teams to implement high-impact systems using JavaScript, Node.js, SQL, TypeScript, Python. Expert knowledge of SQL, Redis, PostgreSQL, JavaScript, AWS, TypeScript, Node.js, Python is required.",2026-07-16
JOB-1359,Full Stack Developer,OmniCloud Systems,Rajasthan (Jaipur),Remote,Mid Level (2-5 yrs),732463,2606814,1669638,INR,"SQL, Docker, React, TailwindCSS, PostgreSQL, TypeScript, Node.js, Python, GraphQL","OmniCloud Systems is expanding its engineering hub in Rajasthan (Jaipur). We are hiring a Full Stack Developer with expertise in Python, Node.js, SQL, React, TypeScript and proficiency in PostgreSQL, Docker, GraphQL, TailwindCSS.",2026-06-28
JOB-1360,Product Manager (Tech),DataStream Corp,Uttar Pradesh (Lucknow),Hybrid,Mid Level (2-5 yrs),1448222,3910191,2679206,INR,"Growth Hacking, Product Strategy, Agile, Jira, User Research, Figma, Scrum, Roadmapping","We are seeking an experienced Product Manager (Tech) at DataStream Corp in Uttar Pradesh (Lucknow). You will work closely with engineering teams to implement high-impact systems using Product Strategy, User Research, Roadmapping, Agile. Expert knowledge of Growth Hacking, Product Strategy, Agile, Jira, User Research, Figma, Scrum, Roadmapping is required.",2026-08-15
JOB-1361,DevOps & Cloud Engineer,TCS Innovation Labs,Karnataka (Bengaluru),Remote,Senior Level (5-8 yrs),1656247,4031777,2844012,INR,"GitLab CI, Azure, Kubernetes, AWS, CI/CD, Terraform, Python, Prometheus","TCS Innovation Labs is expanding its engineering hub in Karnataka (Bengaluru). We are hiring a DevOps & Cloud Engineer with expertise in AWS, Kubernetes, Terraform, CI/CD and proficiency in GitLab CI, Prometheus, Python, Azure.",2026-08-01
JOB-1362,Cybersecurity Specialist,Pulse Analytics,Maharashtra (Pune),Onsite,Entry Level (0-2 yrs),670414,1768765,1219589,INR,"SOC, Compliance, AWS Security, Wireshark, SIEM, Network Security, Python, Penetration Testing, Linux","Join Pulse Analytics (Maharashtra (Pune)) as a Cybersecurity Specialist! In this role, you will lead the architecture, design, and execution of core digital products using SIEM, Python, Penetration Testing, Network Security, Linux and Wireshark, Compliance, SOC, AWS Security.",2026-06-26
JOB-1363,AI/ML Engineer,HCL Tech Solutions,Madhya Pradesh (Indore),Onsite,Mid Level (2-5 yrs),1125174,3419216,2272195,INR,"Scikit-Learn, SQL, LangChain, CUDA, Docker, Kubernetes, FastAPI, TensorFlow, PyTorch","Join HCL Tech Solutions (Madhya Pradesh (Indore)) as a AI/ML Engineer! In this role, you will lead the architecture, design, and execution of core digital products using TensorFlow, Scikit-Learn, SQL, PyTorch, Docker and Kubernetes, FastAPI, LangChain, CUDA.",2026-06-28
JOB-1364,Cybersecurity Specialist,TCS Innovation Labs,Kerala (Kochi),Onsite,Entry Level (0-2 yrs),577667,1871776,1224721,INR,"SOC, Compliance, Firewalls, Incident Response, SIEM, Network Security, Penetration Testing","Join TCS Innovation Labs (Kerala (Kochi)) as a Cybersecurity Specialist! In this role, you will lead the architecture, design, and execution of core digital products using Network Security, Penetration Testing, SIEM and Compliance, SOC, Incident Response, Firewalls.",2026-06-26
JOB-1365,Product Manager (Tech),Paytm Digital,Madhya Pradesh (Indore),Onsite,Entry Level (0-2 yrs),946560,2659019,1802789,INR,"SQL, Product Strategy, Agile, User Research, Scrum, Figma, Roadmapping","Paytm Digital is expanding its engineering hub in Madhya Pradesh (Indore). We are hiring a Product Manager (Tech) with expertise in SQL, Roadmapping, Product Strategy, User Research, Agile and proficiency in Scrum, Figma.",2026-08-05
JOB-1366,Data Analyst,Vanguard AI,Punjab (Mohali / Chandigarh),Remote,Lead / Principal (8+ yrs),1113762,2973827,2043794,INR,"Tableau, SQL, PowerBI, Statistics, Google Analytics, Python, Excel","Vanguard AI is expanding its engineering hub in Punjab (Mohali / Chandigarh). We are hiring a Data Analyst with expertise in Excel, Tableau, SQL, Python, PowerBI and proficiency in Google Analytics, Statistics.",2026-08-15
JOB-1367,DevOps & Cloud Engineer,OmniCloud Systems,Maharashtra (Pune),Onsite,Senior Level (5-8 yrs),1612014,4133653,2872833,INR,"GitLab CI, Docker, Grafana, ArgoCD, Kubernetes, AWS, Terraform, Linux","Join OmniCloud Systems (Maharashtra (Pune)) as a DevOps & Cloud Engineer! In this role, you will lead the architecture, design, and execution of core digital products using Kubernetes, AWS, Linux, Docker, Terraform and GitLab CI, ArgoCD, Grafana.",2026-08-02
JOB-1368,Full Stack Developer,CloudScale Labs,Kerala (Kochi),Onsite,Senior Level (5-8 yrs),1072246,3079446,2075846,INR,"Next.js, React, JavaScript, TypeScript, Node.js, MongoDB","CloudScale Labs is expanding its engineering hub in Kerala (Kochi). We are hiring a Full Stack Developer with expertise in JavaScript, Node.js, TypeScript, React and proficiency in MongoDB, Next.js.",2026-08-16
JOB-1369,Data Analyst,Apex Systems,Tamil Nadu (Chennai),Onsite,Mid Level (2-5 yrs),636940,1523600,1080270,INR,"Tableau, SQL, PowerBI, BigQuery, Statistics, Looker, A/B Testing, Excel","Apex Systems is expanding its engineering hub in Tamil Nadu (Chennai). We are hiring a Data Analyst with expertise in SQL, PowerBI, Tableau, Excel and proficiency in Looker, BigQuery, Statistics, A/B Testing.",2026-08-05
JOB-1370,Product Manager (Tech),Infosys Digital,Remote (Global),Remote,Senior Level (5-8 yrs),1989937,5256356,3623146,INR,"System Architecture, Growth Hacking, Agile, Product Strategy, User Research, Scrum, Roadmapping","Infosys Digital is expanding its engineering hub in Remote (Global). We are hiring a Product Manager (Tech) with expertise in Agile, Product Strategy, User Research, Roadmapping and proficiency in System Architecture, Scrum, Growth Hacking.",2026-08-10
JOB-1371,DevOps & Cloud Engineer,Flipkart Labs,Punjab (Mohali / Chandigarh),Remote,Senior Level (5-8 yrs),1615814,4412039,3013926,INR,"Grafana, Docker, GitLab CI, Terraform, Linux, Prometheus","Flipkart Labs is expanding its engineering hub in Punjab (Mohali / Chandigarh). We are hiring a DevOps & Cloud Engineer with expertise in Linux, Docker, Terraform and proficiency in GitLab CI, Grafana, Prometheus.",2026-08-06
JOB-1372,Cybersecurity Specialist,Hyperion Software,Remote (India),Remote,Mid Level (2-5 yrs),827525,2616272,1721898,INR,"SOC, AWS Security, Compliance, Wireshark, SIEM, Network Security, Python, Penetration Testing, Linux","Join Hyperion Software (Remote (India)) as a Cybersecurity Specialist! In this role, you will lead the architecture, design, and execution of core digital products using SIEM, Network Security, Python, Linux, Penetration Testing and SOC, AWS Security, Compliance, Wireshark.",2026-06-27
JOB-1373,Cybersecurity Specialist,Paytm Digital,West Bengal (Kolkata),Hybrid,Mid Level (2-5 yrs),948689,2610375,1779532,INR,"SOC, AWS Security, Incident Response, SIEM, Cryptography, Python, Linux","Paytm Digital is expanding its engineering hub in West Bengal (Kolkata). We are hiring a Cybersecurity Specialist with expertise in Linux, SIEM, Python and proficiency in Incident Response, SOC, Cryptography, AWS Security.",2026-07-07
JOB-1374,Full Stack Developer,QuantVantage,Karnataka (Bengaluru),Onsite,Entry Level (0-2 yrs),585228,1596637,1090932,INR,"SQL, Docker, Redis, JavaScript, AWS, Node.js, Express","We are seeking an experienced Full Stack Developer at QuantVantage in Karnataka (Bengaluru). You will work closely with engineering teams to implement high-impact systems using JavaScript, Node.js, SQL. Expert knowledge of SQL, Docker, Redis, JavaScript, AWS, Node.js, Express is required.",2026-08-19
JOB-1375,Data Engineer,CloudScale Labs,Delhi NCR (Noida),Onsite,Senior Level (5-8 yrs),1342479,4045814,2694146,INR,"SQL, Docker, Snowflake, Databricks, PostgreSQL, Python, Airflow","We are seeking an experienced Data Engineer at CloudScale Labs in Delhi NCR (Noida). You will work closely with engineering teams to implement high-impact systems using Python, Docker, SQL, Airflow, Snowflake. Expert knowledge of SQL, Docker, Snowflake, Databricks, PostgreSQL, Python, Airflow is required.",2026-07-11
JOB-1376,Product Manager (Tech),Apex Systems,Madhya Pradesh (Indore),Onsite,Lead / Principal (8+ yrs),2682123,6411442,4546782,INR,"SQL, System Architecture, Product Strategy, Agile, Scrum, User Research","Join Apex Systems (Madhya Pradesh (Indore)) as a Product Manager (Tech)! In this role, you will lead the architecture, design, and execution of core digital products using User Research, Product Strategy, Agile, SQL and Scrum, System Architecture.",2026-08-09
JOB-1377,Product Manager (Tech),Nexus AI,Remote (India),Remote,Lead / Principal (8+ yrs),2618704,7231533,4925118,INR,"SQL, System Architecture, Agile, Scrum, Jira, A/B Testing, Roadmapping","Join Nexus AI (Remote (India)) as a Product Manager (Tech)! In this role, you will lead the architecture, design, and execution of core digital products using Roadmapping, SQL, Agile and Scrum, Jira, A/B Testing, System Architecture.",2026-07-06
JOB-1378,Data Analyst,DataStream Corp,Maharashtra (Mumbai),Remote,Entry Level (0-2 yrs),400380,1164812,782596,INR,"Tableau, SQL, PowerBI, A/B Testing, BigQuery, R, Statistics, Python, Excel","Join DataStream Corp (Maharashtra (Mumbai)) as a Data Analyst! In this role, you will lead the architecture, design, and execution of core digital products using Tableau, Excel, SQL, Python, PowerBI and R, A/B Testing, BigQuery, Statistics.",2026-07-15
JOB-1379,AI/ML Engineer,Zomato Tech,Remote (India),Remote,Mid Level (2-5 yrs),1208472,3844120,2526296,INR,"SQL, CUDA, Docker, AWS SageMaker, Transformers, Python, PyTorch","Join Zomato Tech (Remote (India)) as a AI/ML Engineer! In this role, you will lead the architecture, design, and execution of core digital products using Docker, Python, PyTorch, SQL and AWS SageMaker, CUDA, Transformers.",2026-07-08
JOB-1380,Data Analyst,Hyperion Software,Maharashtra (Mumbai),Onsite,Lead / Principal (8+ yrs),1038209,2687284,1862746,INR,"Tableau, SQL, PowerBI, Pandas, BigQuery, Google Analytics, Python, Excel","Join Hyperion Software (Maharashtra (Mumbai)) as a Data Analyst! In this role, you will lead the architecture, design, and execution of core digital products using SQL, Tableau, Excel, Python, PowerBI and Google Analytics, BigQuery, Pandas.",2026-07-09
JOB-1381,DevOps & Cloud Engineer,CyberShield Tech,Rajasthan (Jaipur),Remote,Senior Level (5-8 yrs),1445472,4384580,2915026,INR,"Kubernetes, CI/CD, Ansible, Terraform, Bash, Linux","CyberShield Tech is expanding its engineering hub in Rajasthan (Jaipur). We are hiring a DevOps & Cloud Engineer with expertise in Terraform, Linux, CI/CD, Kubernetes and proficiency in Bash, Ansible.",2026-08-05
JOB-1382,Product Manager (Tech),Hyperion Software,Maharashtra (Pune),Onsite,Senior Level (5-8 yrs),2060313,5013225,3536769,INR,"SQL, System Architecture, Data Analytics, Agile, User Research, Jira, Roadmapping","Hyperion Software is expanding its engineering hub in Maharashtra (Pune). We are hiring a Product Manager (Tech) with expertise in Roadmapping, SQL, Agile, User Research and proficiency in Jira, Data Analytics, System Architecture.",2026-07-09
JOB-1383,Product Manager (Tech),Swiggy Engineering,Tamil Nadu (Chennai),Onsite,Mid Level (2-5 yrs),1422804,3913077,2667940,INR,"SQL, System Architecture, Agile, Product Strategy, Jira, Scrum, Figma","We are seeking an experienced Product Manager (Tech) at Swiggy Engineering in Tamil Nadu (Chennai). You will work closely with engineering teams to implement high-impact systems using Agile, Product Strategy, SQL. Expert knowledge of SQL, System Architecture, Agile, Product Strategy, Jira, Scrum, Figma is required.",2026-08-09
JOB-1384,AI/ML Engineer,CyberShield Tech,Telangana (Hyderabad),Hybrid,Senior Level (5-8 yrs),1625347,5229178,3427262,INR,"Scikit-Learn, SQL, Docker, Kubernetes, Ray, Python, PyTorch","CyberShield Tech is expanding its engineering hub in Telangana (Hyderabad). We are hiring a AI/ML Engineer with expertise in Python, Docker, SQL, PyTorch, Scikit-Learn and proficiency in Kubernetes, Ray.",2026-07-08
JOB-1385,Cybersecurity Specialist,QuantVantage,Telangana (Hyderabad),Onsite,Mid Level (2-5 yrs),859300,2733926,1796613,INR,"SOC, Compliance, Wireshark, CISSP, Network Security, Python, Linux","We are seeking an experienced Cybersecurity Specialist at QuantVantage in Telangana (Hyderabad). You will work closely with engineering teams to implement high-impact systems using Linux, Python, Network Security. Expert knowledge of SOC, Compliance, Wireshark, CISSP, Network Security, Python, Linux is required.",2026-07-07
JOB-1386,Cloud Architect,Swiggy Engineering,Delhi NCR (Gurugram),Hybrid,Mid Level (2-5 yrs),1832289,4326935,3079612,INR,"Docker, Azure, Kubernetes, Cloud Security, GCP, AWS, Python","We are seeking an experienced Cloud Architect at Swiggy Engineering in Delhi NCR (Gurugram). You will work closely with engineering teams to implement high-impact systems using AWS, Azure, Python, Cloud Security, Kubernetes. Expert knowledge of Docker, Azure, Kubernetes, Cloud Security, GCP, AWS, Python is required.",2026-07-06
JOB-1387,Data Analyst,Vanguard AI,Remote (India),Remote,Senior Level (5-8 yrs),858570,2032854,1445712,INR,"Tableau, Pandas, A/B Testing, Snowflake, Python, Excel","We are seeking an experienced Data Analyst at Vanguard AI in Remote (India). You will work closely with engineering teams to implement high-impact systems using Python, Tableau, Excel. Expert knowledge of Tableau, Pandas, A/B Testing, Snowflake, Python, Excel is required.",2026-07-06
JOB-1388,Product Manager (Tech),Paytm Digital,Maharashtra (Pune),Onsite,Senior Level (5-8 yrs),2300252,5446531,3873391,INR,"SQL, Agile, User Research, Jira, Figma, Roadmapping","Paytm Digital is expanding its engineering hub in Maharashtra (Pune). We are hiring a Product Manager (Tech) with expertise in User Research, SQL, Agile, Roadmapping and proficiency in Jira, Figma.",2026-07-19
JOB-1389,DevOps & Cloud Engineer,ByteCraft Inc,Delhi NCR (Noida),Hybrid,Entry Level (0-2 yrs),701320,2042961,1372140,INR,"Docker, AWS, Ansible, Terraform, Bash","We are seeking an experienced DevOps & Cloud Engineer at ByteCraft Inc in Delhi NCR (Noida). You will work closely with engineering teams to implement high-impact systems using Docker, Terraform, AWS. Expert knowledge of Docker, AWS, Ansible, Terraform, Bash is required.",2026-07-24
JOB-1390,Data Analyst,QuantVantage,Uttar Pradesh (Lucknow),Remote,Entry Level (0-2 yrs),387749,1208497,798123,INR,"SQL, PowerBI, A/B Testing, Google Analytics, Python","QuantVantage is expanding its engineering hub in Uttar Pradesh (Lucknow). We are hiring a Data Analyst with expertise in PowerBI, Python, SQL and proficiency in A/B Testing, Google Analytics.",2026-07-23
JOB-1391,Cloud Architect,Vanguard AI,Delhi NCR (Noida),Onsite,Senior Level (5-8 yrs),2751053,6316740,4533896,INR,"Docker, IAM, Azure, Kubernetes, Cloud Security, AWS","We are seeking an experienced Cloud Architect at Vanguard AI in Delhi NCR (Noida). You will work closely with engineering teams to implement high-impact systems using Azure, AWS, Cloud Security, Kubernetes. Expert knowledge of Docker, IAM, Azure, Kubernetes, Cloud Security, AWS is required.",2026-08-16
JOB-1392,Product Manager (Tech),Flipkart Labs,Remote (India),Remote,Entry Level (0-2 yrs),973644,2776944,1875294,INR,"SQL, Data Analytics, Product Strategy, Scrum, User Research, Roadmapping","Flipkart Labs is expanding its engineering hub in Remote (India). We are hiring a Product Manager (Tech) with expertise in Product Strategy, Roadmapping, User Research, SQL and proficiency in Scrum, Data Analytics.",2026-07-29
JOB-1393,Data Analyst,Wipro Cloud,Kerala (Thiruvananthapuram),Remote,Entry Level (0-2 yrs),396467,1074116,735291,INR,"Tableau, SQL, PowerBI, Pandas, Snowflake, Looker, Python, Excel","We are seeking an experienced Data Analyst at Wipro Cloud in Kerala (Thiruvananthapuram). You will work closely with engineering teams to implement high-impact systems using SQL, Tableau, PowerBI, Excel, Python. Expert knowledge of Tableau, SQL, PowerBI, Pandas, Snowflake, Looker, Python, Excel is required.",2026-07-01
JOB-1394,Full Stack Developer,Flipkart Labs,Gujarat (Ahmedabad / GIFT City),Remote,Mid Level (2-5 yrs),759653,2368439,1564046,INR,"SQL, React, TailwindCSS, PostgreSQL, TypeScript, Node.js, Python","We are seeking an experienced Full Stack Developer at Flipkart Labs in Gujarat (Ahmedabad / GIFT City). You will work closely with engineering teams to implement high-impact systems using Node.js, TypeScript, SQL, Python, React. Expert knowledge of SQL, React, TailwindCSS, PostgreSQL, TypeScript, Node.js, Python is required.",2026-06-24
JOB-1395,Full Stack Developer,Flipkart Labs,Karnataka (Bengaluru),Hybrid,Lead / Principal (8+ yrs),1571676,4614628,3093152,INR,"Redis, TailwindCSS, PostgreSQL, JavaScript, Node.js, Python","We are seeking an experienced Full Stack Developer at Flipkart Labs in Karnataka (Bengaluru). You will work closely with engineering teams to implement high-impact systems using Node.js, Python, JavaScript. Expert knowledge of Redis, TailwindCSS, PostgreSQL, JavaScript, Node.js, Python is required.",2026-07-23
JOB-1396,Product Manager (Tech),HCL Tech Solutions,Maharashtra (Pune),Onsite,Senior Level (5-8 yrs),1896690,5499853,3698271,INR,"SQL, Growth Hacking, Product Strategy, Agile, User Research, Jira, Roadmapping","We are seeking an experienced Product Manager (Tech) at HCL Tech Solutions in Maharashtra (Pune). You will work closely with engineering teams to implement high-impact systems using SQL, Product Strategy, Agile, Roadmapping, User Research. Expert knowledge of SQL, Growth Hacking, Product Strategy, Agile, User Research, Jira, Roadmapping is required.",2026-07-06
JOB-1397,Product Manager (Tech),Flipkart Labs,Karnataka (Bengaluru),Hybrid,Mid Level (2-5 yrs),1465463,3944970,2705216,INR,"SQL, Growth Hacking, Product Strategy, Scrum, Jira, Figma, Roadmapping","Flipkart Labs is expanding its engineering hub in Karnataka (Bengaluru). We are hiring a Product Manager (Tech) with expertise in SQL, Product Strategy, Roadmapping and proficiency in Scrum, Growth Hacking, Jira, Figma.",2026-08-18
JOB-1398,Data Analyst,Vanguard AI,West Bengal (Kolkata),Onsite,Lead / Principal (8+ yrs),1196131,2729692,1962911,INR,"Tableau, SQL, PowerBI, BigQuery, R, Looker, Google Analytics, Python, Excel","Join Vanguard AI (West Bengal (Kolkata)) as a Data Analyst! In this role, you will lead the architecture, design, and execution of core digital products using PowerBI, Python, Tableau, SQL, Excel and R, Google Analytics, BigQuery, Looker.",2026-07-22
JOB-1399,AI/ML Engineer,Pulse Analytics,Punjab (Mohali / Chandigarh),Remote,Senior Level (5-8 yrs),1730076,5132632,3431354,INR,"Scikit-Learn, SQL, LangChain, CUDA, Docker, Python, PyTorch","Pulse Analytics is expanding its engineering hub in Punjab (Mohali / Chandigarh). We are hiring a AI/ML Engineer with expertise in Python, SQL, PyTorch, Docker, Scikit-Learn and proficiency in LangChain, CUDA.",2026-06-26
JOB-1400,DevOps & Cloud Engineer,HCL Tech Solutions,Kerala (Thiruvananthapuram),Hybrid,Senior Level (5-8 yrs),1540446,4476830,3008638,INR,"GitLab CI, Azure, Kubernetes, AWS, CI/CD, Terraform, Linux, Prometheus","Join HCL Tech Solutions (Kerala (Thiruvananthapuram)) as a DevOps & Cloud Engineer! In this role, you will lead the architecture, design, and execution of core digital products using CI/CD, Terraform, Kubernetes, Linux, AWS and Azure, GitLab CI, Prometheus.",2026-07-06
JOB-1401,Data Analyst,ByteCraft Inc,Punjab (Mohali / Chandigarh),Onsite,Lead / Principal (8+ yrs),1063018,3230323,2146670,INR,"SQL, Pandas, Snowflake, Python, Excel","We are seeking an experienced Data Analyst at ByteCraft Inc in Punjab (Mohali / Chandigarh). You will work closely with engineering teams to implement high-impact systems using Python, Excel, SQL. Expert knowledge of SQL, Pandas, Snowflake, Python, Excel is required.",2026-08-10
JOB-1402,Data Analyst,DataStream Corp,Tamil Nadu (Chennai),Hybrid,Entry Level (0-2 yrs),413290,1173246,793268,INR,"SQL, PowerBI, A/B Testing, Statistics, Looker, Python","We are seeking an experienced Data Analyst at DataStream Corp in Tamil Nadu (Chennai). You will work closely with engineering teams to implement high-impact systems using PowerBI, SQL, Python. Expert knowledge of SQL, PowerBI, A/B Testing, Statistics, Looker, Python is required.",2026-08-02
JOB-1403,DevOps & Cloud Engineer,Nexus AI,Karnataka (Bengaluru),Remote,Senior Level (5-8 yrs),1600633,4487202,3043917,INR,"GitLab CI, Docker, Grafana, ArgoCD, Azure, Kubernetes, AWS, CI/CD, Terraform","Join Nexus AI (Karnataka (Bengaluru)) as a DevOps & Cloud Engineer! In this role, you will lead the architecture, design, and execution of core digital products using CI/CD, Kubernetes, Terraform, AWS, Docker and Azure, GitLab CI, Grafana, ArgoCD.",2026-07-22
JOB-1404,Data Analyst,Flipkart Labs,Tamil Nadu (Chennai),Hybrid,Entry Level (0-2 yrs),401888,1222191,812039,INR,"Tableau, PowerBI, A/B Testing, Looker, Python, Excel","Flipkart Labs is expanding its engineering hub in Tamil Nadu (Chennai). We are hiring a Data Analyst with expertise in Python, Excel, PowerBI, Tableau and proficiency in Looker, A/B Testing.",2026-06-22
JOB-1405,Full Stack Developer,Swiggy Engineering,Kerala (Kochi),Remote,Lead / Principal (8+ yrs),1462503,4324268,2893385,INR,"SQL, Docker, React, JavaScript, TypeScript, Python, GraphQL","We are seeking an experienced Full Stack Developer at Swiggy Engineering in Kerala (Kochi). You will work closely with engineering teams to implement high-impact systems using SQL, TypeScript, Python, JavaScript, React. Expert knowledge of SQL, Docker, React, JavaScript, TypeScript, Python, GraphQL is required.",2026-07-16
JOB-1406,AI/ML Engineer,QuantVantage,Punjab (Mohali / Chandigarh),Remote,Mid Level (2-5 yrs),1302674,3259237,2280955,INR,"Scikit-Learn, SQL, Kubernetes, AWS SageMaker, FastAPI, Python, TensorFlow, PyTorch","QuantVantage is expanding its engineering hub in Punjab (Mohali / Chandigarh). We are hiring a AI/ML Engineer with expertise in PyTorch, SQL, TensorFlow, Python, Scikit-Learn and proficiency in AWS SageMaker, FastAPI, Kubernetes.",2026-07-17
JOB-1407,Cloud Architect,CyberShield Tech,Remote (India),Remote,Senior Level (5-8 yrs),2585450,6081325,4333387,INR,"Enterprise Architecture, Azure, Kubernetes, GCP, AWS, Terraform, Networking, Python, Microservices","CyberShield Tech is expanding its engineering hub in Remote (India). We are hiring a Cloud Architect with expertise in Python, Azure, Terraform, Kubernetes, AWS and proficiency in Enterprise Architecture, GCP, Microservices, Networking.",2026-06-28
JOB-1408,DevOps & Cloud Engineer,ByteCraft Inc,Punjab (Mohali / Chandigarh),Remote,Mid Level (2-5 yrs),1138953,3274574,2206763,INR,"GitLab CI, Docker, AWS, CI/CD, Terraform, Python, Linux","ByteCraft Inc is expanding its engineering hub in Punjab (Mohali / Chandigarh). We are hiring a DevOps & Cloud Engineer with expertise in CI/CD, Docker, AWS, Terraform, Linux and proficiency in Python, GitLab CI.",2026-07-26
JOB-1409,DevOps & Cloud Engineer,OmniCloud Systems,Kerala (Thiruvananthapuram),Onsite,Senior Level (5-8 yrs),1504922,3790240,2647581,INR,"Azure, Kubernetes, GCP, CI/CD, Terraform","Join OmniCloud Systems (Kerala (Thiruvananthapuram)) as a DevOps & Cloud Engineer! In this role, you will lead the architecture, design, and execution of core digital products using CI/CD, Kubernetes, Terraform and GCP, Azure.",2026-07-29
JOB-1410,Data Analyst,ByteCraft Inc,Maharashtra (Pune),Remote,Senior Level (5-8 yrs),896365,2283875,1590120,INR,"SQL, PowerBI, Pandas, BigQuery, Snowflake, Statistics, Python, Excel","We are seeking an experienced Data Analyst at ByteCraft Inc in Maharashtra (Pune). You will work closely with engineering teams to implement high-impact systems using Excel, PowerBI, Python, SQL. Expert knowledge of SQL, PowerBI, Pandas, BigQuery, Snowflake, Statistics, Python, Excel is required.",2026-08-07
JOB-1411,Data Analyst,OmniCloud Systems,Remote (Global),Remote,Lead / Principal (8+ yrs),1201999,2909392,2055695,INR,"SQL, PowerBI, BigQuery, Snowflake, Excel","OmniCloud Systems is expanding its engineering hub in Remote (Global). We are hiring a Data Analyst with expertise in PowerBI, Excel, SQL and proficiency in Snowflake, BigQuery.",2026-07-22
JOB-1412,Full Stack Developer,Wipro Cloud,Delhi NCR (Gurugram),Hybrid,Mid Level (2-5 yrs),744643,2304081,1524362,INR,"Next.js, React, TailwindCSS, PostgreSQL, JavaScript, AWS, TypeScript, Python","Wipro Cloud is expanding its engineering hub in Delhi NCR (Gurugram). We are hiring a Full Stack Developer with expertise in JavaScript, React, Python, TypeScript and proficiency in AWS, PostgreSQL, Next.js, TailwindCSS.",2026-06-28
JOB-1413,Product Manager (Tech),DataStream Corp,Kerala (Kochi),Hybrid,Entry Level (0-2 yrs),1020969,2649618,1835293,INR,"SQL, Growth Hacking, Product Strategy, Agile, User Research, Figma, Roadmapping","Join DataStream Corp (Kerala (Kochi)) as a Product Manager (Tech)! In this role, you will lead the architecture, design, and execution of core digital products using Product Strategy, Agile, SQL, Roadmapping, User Research and Figma, Growth Hacking.",2026-06-26
JOB-1414,Data Analyst,OmniCloud Systems,Telangana (Hyderabad),Hybrid,Mid Level (2-5 yrs),582886,1456924,1019905,INR,"Tableau, SQL, PowerBI, A/B Testing, Pandas, BigQuery, Python, Excel","Join OmniCloud Systems (Telangana (Hyderabad)) as a Data Analyst! In this role, you will lead the architecture, design, and execution of core digital products using SQL, Tableau, PowerBI, Excel, Python and A/B Testing, BigQuery, Pandas.",2026-07-25
JOB-1415,Cloud Architect,CloudScale Labs,Kerala (Kochi),Hybrid,Mid Level (2-5 yrs),1929042,4623562,3276302,INR,"Azure, Kubernetes, System Design, Networking, Python","CloudScale Labs is expanding its engineering hub in Kerala (Kochi). We are hiring a Cloud Architect with expertise in Kubernetes, Azure, Python and proficiency in System Design, Networking.",2026-06-30
JOB-1416,Data Analyst,Apex Systems,Punjab (Mohali / Chandigarh),Remote,Mid Level (2-5 yrs),650508,1492169,1071338,INR,"SQL, PowerBI, A/B Testing, Statistics, Looker, Python, Excel","We are seeking an experienced Data Analyst at Apex Systems in Punjab (Mohali / Chandigarh). You will work closely with engineering teams to implement high-impact systems using Python, SQL, Excel, PowerBI. Expert knowledge of SQL, PowerBI, A/B Testing, Statistics, Looker, Python, Excel is required.",2026-08-11
JOB-1417,DevOps & Cloud Engineer,Wipro Cloud,Remote (Global),Remote,Senior Level (5-8 yrs),1533691,4041721,2787706,INR,"Docker, AWS, CI/CD, Ansible, Terraform, Bash, Linux","Join Wipro Cloud (Remote (Global)) as a DevOps & Cloud Engineer! In this role, you will lead the architecture, design, and execution of core digital products using AWS, Linux, Terraform, Docker, CI/CD and Bash, Ansible.",2026-08-12
JOB-1418,Product Manager (Tech),Paytm Digital,Remote (Global),Remote,Senior Level (5-8 yrs),1949790,5029075,3489432,INR,"SQL, Growth Hacking, Product Strategy, Agile, User Research, A/B Testing","We are seeking an experienced Product Manager (Tech) at Paytm Digital in Remote (Global). You will work closely with engineering teams to implement high-impact systems using Product Strategy, User Research, Agile, SQL. Expert knowledge of SQL, Growth Hacking, Product Strategy, Agile, User Research, A/B Testing is required.",2026-08-07
JOB-1419,Full Stack Developer,Nexus AI,Madhya Pradesh (Indore),Onsite,Senior Level (5-8 yrs),1015345,3467378,2241361,INR,"SQL, Next.js, Redis, PostgreSQL, JavaScript, Node.js","Nexus AI is expanding its engineering hub in Madhya Pradesh (Indore). We are hiring a Full Stack Developer with expertise in JavaScript, SQL, Node.js and proficiency in Next.js, PostgreSQL, Redis.",2026-08-17
JOB-1420,Product Manager (Tech),DataStream Corp,West Bengal (Kolkata),Remote,Entry Level (0-2 yrs),951144,2471436,1711290,INR,"SQL, Data Analytics, Growth Hacking, Agile, Product Strategy, User Research, Roadmapping","DataStream Corp is expanding its engineering hub in West Bengal (Kolkata). We are hiring a Product Manager (Tech) with expertise in Agile, Roadmapping, SQL, User Research, Product Strategy and proficiency in Growth Hacking, Data Analytics.",2026-06-21
JOB-1421,Data Analyst,Flipkart Labs,Punjab (Mohali / Chandigarh),Hybrid,Entry Level (0-2 yrs),458998,1046477,752737,INR,"Tableau, SQL, PowerBI, Pandas, BigQuery, R, Google Analytics, Python, Excel","Flipkart Labs is expanding its engineering hub in Punjab (Mohali / Chandigarh). We are hiring a Data Analyst with expertise in PowerBI, Python, Tableau, SQL, Excel and proficiency in R, Google Analytics, Pandas, BigQuery.",2026-08-20
JOB-1422,Data Engineer,Wipro Cloud,Remote (Global),Remote,Senior Level (5-8 yrs),1534764,3860488,2697626,INR,"SQL, Snowflake, PostgreSQL, Spark, dbt, Scala, GCP BigQuery, Airflow","Wipro Cloud is expanding its engineering hub in Remote (Global). We are hiring a Data Engineer with expertise in Spark, Snowflake, SQL, Airflow and proficiency in dbt, PostgreSQL, GCP BigQuery, Scala.",2026-08-06
JOB-1423,Cybersecurity Specialist,DataStream Corp,Kerala (Thiruvananthapuram),Remote,Mid Level (2-5 yrs),830830,2487477,1659153,INR,"SOC, Incident Response, SIEM, Network Security, Python, Penetration Testing, Linux","DataStream Corp is expanding its engineering hub in Kerala (Thiruvananthapuram). We are hiring a Cybersecurity Specialist with expertise in Python, SIEM, Penetration Testing, Linux, Network Security and proficiency in SOC, Incident Response.",2026-07-04
JOB-1424,Data Analyst,ByteCraft Inc,Gujarat (Ahmedabad / GIFT City),Onsite,Mid Level (2-5 yrs),598997,1473655,1036326,INR,"Tableau, SQL, PowerBI, BigQuery, R, Python","Join ByteCraft Inc (Gujarat (Ahmedabad / GIFT City)) as a Data Analyst! In this role, you will lead the architecture, design, and execution of core digital products using Python, SQL, PowerBI, Tableau and R, BigQuery.",2026-07-18
JOB-1425,Data Engineer,DataStream Corp,Tamil Nadu (Chennai),Hybrid,Mid Level (2-5 yrs),946573,2757834,1852203,INR,"SQL, Docker, Snowflake, Kafka, GCP BigQuery, AWS Redshift, Python, Airflow","Join DataStream Corp (Tamil Nadu (Chennai)) as a Data Engineer! In this role, you will lead the architecture, design, and execution of core digital products using Python, SQL, Docker, Snowflake, Airflow and AWS Redshift, GCP BigQuery, Kafka.",2026-08-03
JOB-1426,Data Analyst,Hyperion Software,Punjab (Mohali / Chandigarh),Hybrid,Senior Level (5-8 yrs),838209,2119408,1478808,INR,"Tableau, SQL, Pandas, Looker, Python, Excel","We are seeking an experienced Data Analyst at Hyperion Software in Punjab (Mohali / Chandigarh). You will work closely with engineering teams to implement high-impact systems using Excel, Tableau, SQL, Python. Expert knowledge of Tableau, SQL, Pandas, Looker, Python, Excel is required.",2026-08-19
JOB-1427,Data Engineer,CloudScale Labs,Maharashtra (Pune),Hybrid,Senior Level (5-8 yrs),1472848,4046287,2759567,INR,"Snowflake, Databricks, Spark, dbt, Airflow","CloudScale Labs is expanding its engineering hub in Maharashtra (Pune). We are hiring a Data Engineer with expertise in Airflow, Snowflake, Spark and proficiency in Databricks, dbt.",2026-07-02
JOB-1428,Product Manager (Tech),ByteCraft Inc,Delhi NCR (Noida),Hybrid,Senior Level (5-8 yrs),2259652,4914758,3587205,INR,"SQL, Growth Hacking, Product Strategy, User Research, Jira, Figma, Scrum, Roadmapping","Join ByteCraft Inc (Delhi NCR (Noida)) as a Product Manager (Tech)! In this role, you will lead the architecture, design, and execution of core digital products using Roadmapping, User Research, SQL, Product Strategy and Figma, Jira, Growth Hacking, Scrum.",2026-07-31
JOB-1429,Cybersecurity Specialist,ByteCraft Inc,Uttar Pradesh (Lucknow),Remote,Entry Level (0-2 yrs),638675,1816561,1227618,INR,"Wireshark, Incident Response, SIEM, Cryptography, Network Security, Python, Penetration Testing, Linux","ByteCraft Inc is expanding its engineering hub in Uttar Pradesh (Lucknow). We are hiring a Cybersecurity Specialist with expertise in Linux, Python, SIEM, Penetration Testing, Network Security and proficiency in Cryptography, Incident Response, Wireshark.",2026-07-08
JOB-1430,Product Manager (Tech),OmniCloud Systems,Delhi NCR (Gurugram),Onsite,Entry Level (0-2 yrs),1068997,2462201,1765599,INR,"SQL, Data Analytics, Growth Hacking, Product Strategy, User Research, Jira, Roadmapping","Join OmniCloud Systems (Delhi NCR (Gurugram)) as a Product Manager (Tech)! In this role, you will lead the architecture, design, and execution of core digital products using SQL, Roadmapping, User Research, Product Strategy and Data Analytics, Jira, Growth Hacking.",2026-07-29
JOB-1431,AI/ML Engineer,QuantVantage,Rajasthan (Jaipur),Remote,Mid Level (2-5 yrs),1235539,3564772,2400155,INR,"Scikit-Learn, SQL, LangChain, Kubernetes, Python, TensorFlow","QuantVantage is expanding its engineering hub in Rajasthan (Jaipur). We are hiring a AI/ML Engineer with expertise in Scikit-Learn, TensorFlow, Python, SQL and proficiency in Kubernetes, LangChain.",2026-08-16
JOB-1432,Data Analyst,DataStream Corp,Kerala (Thiruvananthapuram),Remote,Entry Level (0-2 yrs),427391,1228811,828101,INR,"Tableau, SQL, Snowflake, R, Statistics, Looker, Python, Excel","Join DataStream Corp (Kerala (Thiruvananthapuram)) as a Data Analyst! In this role, you will lead the architecture, design, and execution of core digital products using SQL, Excel, Tableau, Python and Snowflake, Looker, R, Statistics.",2026-07-15
JOB-1433,Cybersecurity Specialist,QuantVantage,Telangana (Hyderabad),Hybrid,Entry Level (0-2 yrs),629615,1946429,1288022,INR,"AWS Security, Firewalls, Incident Response, CISSP, SIEM, Network Security, Python, Penetration Testing, Linux","We are seeking an experienced Cybersecurity Specialist at QuantVantage in Telangana (Hyderabad). You will work closely with engineering teams to implement high-impact systems using Python, Linux, Penetration Testing, SIEM, Network Security. Expert knowledge of AWS Security, Firewalls, Incident Response, CISSP, SIEM, Network Security, Python, Penetration Testing, Linux is required.",2026-06-28
JOB-1434,DevOps & Cloud Engineer,CyberShield Tech,West Bengal (Kolkata),Remote,Mid Level (2-5 yrs),1166260,2985161,2075710,INR,"Grafana, Docker, GitLab CI, Azure, Kubernetes, CI/CD, Ansible, Terraform, Linux","We are seeking an experienced DevOps & Cloud Engineer at CyberShield Tech in West Bengal (Kolkata). You will work closely with engineering teams to implement high-impact systems using Terraform, Docker, Linux, Kubernetes, CI/CD. Expert knowledge of Grafana, Docker, GitLab CI, Azure, Kubernetes, CI/CD, Ansible, Terraform, Linux is required.",2026-07-29
JOB-1435,Data Engineer,CyberShield Tech,Remote (Global),Remote,Senior Level (5-8 yrs),1404303,4054503,2729403,INR,"Docker, Snowflake, Databricks, Spark, Scala, GCP BigQuery, Python","CyberShield Tech is expanding its engineering hub in Remote (Global). We are hiring a Data Engineer with expertise in Docker, Snowflake, Spark, Python and proficiency in GCP BigQuery, Databricks, Scala.",2026-08-09
JOB-1436,AI/ML Engineer,Zomato Tech,Delhi NCR (Gurugram),Onsite,Mid Level (2-5 yrs),1115458,3255330,2185394,INR,"Scikit-Learn, SQL, MLflow, Docker, Kubernetes, AWS SageMaker, FastAPI, TensorFlow, PyTorch","Zomato Tech is expanding its engineering hub in Delhi NCR (Gurugram). We are hiring a AI/ML Engineer with expertise in Docker, Scikit-Learn, TensorFlow, SQL, PyTorch and proficiency in MLflow, Kubernetes, FastAPI, AWS SageMaker.",2026-07-03
JOB-1437,Data Analyst,Vanguard AI,Madhya Pradesh (Indore),Hybrid,Senior Level (5-8 yrs),857007,2197827,1527417,INR,"PowerBI, A/B Testing, BigQuery, Looker, Python, Excel","We are seeking an experienced Data Analyst at Vanguard AI in Madhya Pradesh (Indore). You will work closely with engineering teams to implement high-impact systems using Python, Excel, PowerBI. Expert knowledge of PowerBI, A/B Testing, BigQuery, Looker, Python, Excel is required.",2026-08-11
JOB-1438,DevOps & Cloud Engineer,TechNova India,Gujarat (Ahmedabad / GIFT City),Hybrid,Mid Level (2-5 yrs),1163727,2866663,2015195,INR,"ArgoCD, Kubernetes, AWS, CI/CD, Ansible, Terraform, Bash, Linux","TechNova India is expanding its engineering hub in Gujarat (Ahmedabad / GIFT City). We are hiring a DevOps & Cloud Engineer with expertise in Terraform, CI/CD, Linux, AWS, Kubernetes and proficiency in Bash, Ansible, ArgoCD.",2026-08-09
JOB-1439,AI/ML Engineer,OmniCloud Systems,Karnataka (Bengaluru),Remote,Senior Level (5-8 yrs),1737681,5278004,3507842,INR,"SQL, Docker, ONNX, Ray, TensorFlow","Join OmniCloud Systems (Karnataka (Bengaluru)) as a AI/ML Engineer! In this role, you will lead the architecture, design, and execution of core digital products using TensorFlow, SQL, Docker and Ray, ONNX.",2026-06-21
JOB-1440,Full Stack Developer,HCL Tech Solutions,Telangana (Hyderabad),Onsite,Senior Level (5-8 yrs),1035390,3566093,2300741,INR,"SQL, React, PostgreSQL, Python, Express, MongoDB","Join HCL Tech Solutions (Telangana (Hyderabad)) as a Full Stack Developer! In this role, you will lead the architecture, design, and execution of core digital products using Python, SQL, React and Express, PostgreSQL, MongoDB.",2026-06-28
JOB-1441,Cybersecurity Specialist,HCL Tech Solutions,Madhya Pradesh (Indore),Remote,Entry Level (0-2 yrs),574046,1832183,1203114,INR,"AWS Security, Compliance, Cryptography, Python, Penetration Testing, Linux","HCL Tech Solutions is expanding its engineering hub in Madhya Pradesh (Indore). We are hiring a Cybersecurity Specialist with expertise in Python, Linux, Penetration Testing and proficiency in AWS Security, Cryptography, Compliance.",2026-06-21
JOB-1442,Data Engineer,QuantVantage,Madhya Pradesh (Indore),Hybrid,Senior Level (5-8 yrs),1530705,4002958,2766831,INR,"SQL, Snowflake, Databricks, Kubernetes, Spark, Kafka, Airflow","QuantVantage is expanding its engineering hub in Madhya Pradesh (Indore). We are hiring a Data Engineer with expertise in SQL, Spark, Airflow, Snowflake and proficiency in Databricks, Kafka, Kubernetes.",2026-07-09
JOB-1443,AI/ML Engineer,HCL Tech Solutions,West Bengal (Kolkata),Onsite,Mid Level (2-5 yrs),1302601,3792548,2547574,INR,"Scikit-Learn, SQL, MLflow, Docker, Kubernetes, Ray, Python, TensorFlow","Join HCL Tech Solutions (West Bengal (Kolkata)) as a AI/ML Engineer! In this role, you will lead the architecture, design, and execution of core digital products using Docker, TensorFlow, Python, SQL, Scikit-Learn and Ray, MLflow, Kubernetes.",2026-08-15
JOB-1444,DevOps & Cloud Engineer,CyberShield Tech,Delhi NCR (Noida),Remote,Lead / Principal (8+ yrs),1966917,5463826,3715371,INR,"GitLab CI, Docker, ArgoCD, Kubernetes, GCP, AWS, Terraform, Linux","We are seeking an experienced DevOps & Cloud Engineer at CyberShield Tech in Delhi NCR (Noida). You will work closely with engineering teams to implement high-impact systems using Kubernetes, Terraform, Linux, Docker, AWS. Expert knowledge of GitLab CI, Docker, ArgoCD, Kubernetes, GCP, AWS, Terraform, Linux is required.",2026-06-29
JOB-1445,Full Stack Developer,Apex Systems,Remote (Global),Remote,Entry Level (0-2 yrs),524578,1660984,1092781,INR,"SQL, Next.js, Redis, React, TailwindCSS, TypeScript, Python, GraphQL","Apex Systems is expanding its engineering hub in Remote (Global). We are hiring a Full Stack Developer with expertise in Python, SQL, React, TypeScript and proficiency in Next.js, Redis, GraphQL, TailwindCSS.",2026-08-12
JOB-1446,AI/ML Engineer,Hyperion Software,Delhi NCR (Noida),Onsite,Mid Level (2-5 yrs),1289641,3243456,2266548,INR,"SQL, LangChain, Docker, ONNX, Kubernetes, Ray, Python, TensorFlow, PyTorch","We are seeking an experienced AI/ML Engineer at Hyperion Software in Delhi NCR (Noida). You will work closely with engineering teams to implement high-impact systems using Python, Docker, PyTorch, SQL, TensorFlow. Expert knowledge of SQL, LangChain, Docker, ONNX, Kubernetes, Ray, Python, TensorFlow, PyTorch is required.",2026-07-08
JOB-1447,Cloud Architect,CyberShield Tech,Delhi NCR (Noida),Remote,Mid Level (2-5 yrs),2058842,4921562,3490202,INR,"Azure, GCP, Terraform, Networking, Python","We are seeking an experienced Cloud Architect at CyberShield Tech in Delhi NCR (Noida). You will work closely with engineering teams to implement high-impact systems using Terraform, Python, Azure. Expert knowledge of Azure, GCP, Terraform, Networking, Python is required.",2026-07-22
JOB-1448,DevOps & Cloud Engineer,Apex Systems,Delhi NCR (Gurugram),Remote,Mid Level (2-5 yrs),1148088,2961095,2054591,INR,"Python, Docker, Kubernetes, AWS, Ansible, Bash, Linux","Join Apex Systems (Delhi NCR (Gurugram)) as a DevOps & Cloud Engineer! In this role, you will lead the architecture, design, and execution of core digital products using AWS, Kubernetes, Docker, Linux and Bash, Python, Ansible.",2026-06-29
JOB-1449,Product Manager (Tech),DataStream Corp,Gujarat (Ahmedabad / GIFT City),Onsite,Mid Level (2-5 yrs),1414669,4046307,2730488,INR,"SQL, System Architecture, Product Strategy, Agile, User Research, A/B Testing, Figma","DataStream Corp is expanding its engineering hub in Gujarat (Ahmedabad / GIFT City). We are hiring a Product Manager (Tech) with expertise in User Research, SQL, Product Strategy, Agile and proficiency in System Architecture, A/B Testing, Figma.",2026-07-08
JOB-1450,DevOps & Cloud Engineer,Vanguard AI,Delhi NCR (Gurugram),Hybrid,Senior Level (5-8 yrs),1596754,4164857,2880805,INR,"GitLab CI, Docker, Grafana, Kubernetes, CI/CD, Bash, Prometheus","We are seeking an experienced DevOps & Cloud Engineer at Vanguard AI in Delhi NCR (Gurugram). You will work closely with engineering teams to implement high-impact systems using Kubernetes, CI/CD, Docker. Expert knowledge of GitLab CI, Docker, Grafana, Kubernetes, CI/CD, Bash, Prometheus is required.",2026-07-21
JOB-1451,Full Stack Developer,QuantVantage,Rajasthan (Jaipur),Onsite,Mid Level (2-5 yrs),728338,2606911,1667624,INR,"SQL, Next.js, Redis, React, JavaScript, Node.js","Join QuantVantage (Rajasthan (Jaipur)) as a Full Stack Developer! In this role, you will lead the architecture, design, and execution of core digital products using SQL, Node.js, React, JavaScript and Redis, Next.js.",2026-06-23
JOB-1452,Cloud Architect,Paytm Digital,Maharashtra (Mumbai),Remote,Mid Level (2-5 yrs),1871748,4483071,3177409,INR,"Azure, Kubernetes, Cloud Security, GCP, Terraform, Networking, Python","Join Paytm Digital (Maharashtra (Mumbai)) as a Cloud Architect! In this role, you will lead the architecture, design, and execution of core digital products using Terraform, Cloud Security, Python, Kubernetes, Azure and GCP, Networking.",2026-06-22
JOB-1453,Cloud Architect,ByteCraft Inc,Tamil Nadu (Chennai),Remote,Mid Level (2-5 yrs),2148671,5121411,3635041,INR,"Docker, Azure, Kubernetes, Cloud Security, System Design, AWS, Terraform","ByteCraft Inc is expanding its engineering hub in Tamil Nadu (Chennai). We are hiring a Cloud Architect with expertise in Terraform, Azure, Cloud Security, AWS, Kubernetes and proficiency in System Design, Docker.",2026-07-28
JOB-1454,Cybersecurity Specialist,CyberShield Tech,West Bengal (Kolkata),Onsite,Senior Level (5-8 yrs),1274030,3947836,2610933,INR,"Compliance, Firewalls, Cryptography, Network Security, Python, Penetration Testing, Linux","CyberShield Tech is expanding its engineering hub in West Bengal (Kolkata). We are hiring a Cybersecurity Specialist with expertise in Penetration Testing, Linux, Python, Network Security and proficiency in Compliance, Cryptography, Firewalls.",2026-06-30
JOB-1455,Product Manager (Tech),CloudScale Labs,Delhi NCR (Noida),Remote,Entry Level (0-2 yrs),1036650,2923447,1980048,INR,"SQL, Growth Hacking, Agile, Product Strategy, Scrum","Join CloudScale Labs (Delhi NCR (Noida)) as a Product Manager (Tech)! In this role, you will lead the architecture, design, and execution of core digital products using Agile, SQL, Product Strategy and Growth Hacking, Scrum.",2026-08-18
JOB-1456,Product Manager (Tech),Pulse Analytics,Remote (India),Remote,Mid Level (2-5 yrs),1404196,3547904,2476050,INR,"Data Analytics, Product Strategy, Agile, A/B Testing, Roadmapping","Pulse Analytics is expanding its engineering hub in Remote (India). We are hiring a Product Manager (Tech) with expertise in Product Strategy, Agile, Roadmapping and proficiency in A/B Testing, Data Analytics.",2026-06-29
JOB-1457,Data Analyst,Flipkart Labs,Delhi NCR (Noida),Onsite,Lead / Principal (8+ yrs),1109580,2719828,1914704,INR,"PowerBI, Snowflake, Statistics, Python, Excel","Join Flipkart Labs (Delhi NCR (Noida)) as a Data Analyst! In this role, you will lead the architecture, design, and execution of core digital products using PowerBI, Python, Excel and Statistics, Snowflake.",2026-08-19
JOB-1458,Data Analyst,DataStream Corp,Rajasthan (Jaipur),Hybrid,Mid Level (2-5 yrs),624924,1593553,1109238,INR,"Tableau, SQL, A/B Testing, Snowflake, Python","DataStream Corp is expanding its engineering hub in Rajasthan (Jaipur). We are hiring a Data Analyst with expertise in Tableau, Python, SQL and proficiency in A/B Testing, Snowflake.",2026-08-03
JOB-1459,AI/ML Engineer,QuantVantage,Maharashtra (Mumbai),Onsite,Senior Level (5-8 yrs),1780177,5138923,3459550,INR,"SQL, ONNX, Transformers, Python, TensorFlow, PyTorch","QuantVantage is expanding its engineering hub in Maharashtra (Mumbai). We are hiring a AI/ML Engineer with expertise in TensorFlow, SQL, PyTorch, Python and proficiency in Transformers, ONNX.",2026-06-21
JOB-1460,Cybersecurity Specialist,Nexus AI,Rajasthan (Jaipur),Hybrid,Entry Level (0-2 yrs),661822,1876079,1268950,INR,"SOC, CISSP, SIEM, Cryptography, Network Security, Penetration Testing, Linux","We are seeking an experienced Cybersecurity Specialist at Nexus AI in Rajasthan (Jaipur). You will work closely with engineering teams to implement high-impact systems using Network Security, Penetration Testing, SIEM, Linux. Expert knowledge of SOC, CISSP, SIEM, Cryptography, Network Security, Penetration Testing, Linux is required.",2026-08-01
JOB-1461,Product Manager (Tech),Vanguard AI,Kerala (Kochi),Onsite,Senior Level (5-8 yrs),2002761,5426762,3714761,INR,"SQL, System Architecture, Growth Hacking, Agile, Scrum, User Research, Roadmapping","We are seeking an experienced Product Manager (Tech) at Vanguard AI in Kerala (Kochi). You will work closely with engineering teams to implement high-impact systems using Agile, User Research, SQL, Roadmapping. Expert knowledge of SQL, System Architecture, Growth Hacking, Agile, Scrum, User Research, Roadmapping is required.",2026-07-03
JOB-1462,Cybersecurity Specialist,Pulse Analytics,Delhi NCR (Gurugram),Hybrid,Senior Level (5-8 yrs),1368528,3659858,2514193,INR,"SOC, Firewalls, Incident Response, Cryptography, Network Security, Python, Linux","Pulse Analytics is expanding its engineering hub in Delhi NCR (Gurugram). We are hiring a Cybersecurity Specialist with expertise in Network Security, Linux, Python and proficiency in Incident Response, SOC, Cryptography, Firewalls.",2026-07-18
JOB-1463,Data Engineer,CyberShield Tech,Uttar Pradesh (Lucknow),Hybrid,Entry Level (0-2 yrs),709594,1979989,1344791,INR,"SQL, Docker, Snowflake, PostgreSQL, Spark, GCP BigQuery, AWS Redshift","We are seeking an experienced Data Engineer at CyberShield Tech in Uttar Pradesh (Lucknow). You will work closely with engineering teams to implement high-impact systems using Spark, SQL, Snowflake, Docker. Expert knowledge of SQL, Docker, Snowflake, PostgreSQL, Spark, GCP BigQuery, AWS Redshift is required.",2026-07-19
JOB-1464,Data Engineer,Zomato Tech,Madhya Pradesh (Indore),Hybrid,Entry Level (0-2 yrs),722620,1834384,1278502,INR,"SQL, Docker, Snowflake, Kubernetes, Spark, dbt, Kafka, Scala, Airflow","We are seeking an experienced Data Engineer at Zomato Tech in Madhya Pradesh (Indore). You will work closely with engineering teams to implement high-impact systems using Docker, Snowflake, Spark, SQL, Airflow. Expert knowledge of SQL, Docker, Snowflake, Kubernetes, Spark, dbt, Kafka, Scala, Airflow is required.",2026-06-28
JOB-1465,Cybersecurity Specialist,CloudScale Labs,Maharashtra (Pune),Hybrid,Senior Level (5-8 yrs),1180642,3819837,2500239,INR,"SOC, AWS Security, Firewalls, CISSP, SIEM, Python, Penetration Testing, Linux","CloudScale Labs is expanding its engineering hub in Maharashtra (Pune). We are hiring a Cybersecurity Specialist with expertise in Linux, SIEM, Penetration Testing, Python and proficiency in AWS Security, CISSP, Firewalls, SOC.",2026-08-04
JOB-1466,Data Engineer,Vanguard AI,Karnataka (Bengaluru),Remote,Mid Level (2-5 yrs),1062626,2865377,1964001,INR,"SQL, Snowflake, Databricks, PostgreSQL, Scala, GCP BigQuery, Airflow","Vanguard AI is expanding its engineering hub in Karnataka (Bengaluru). We are hiring a Data Engineer with expertise in SQL, Airflow, Snowflake and proficiency in GCP BigQuery, Scala, PostgreSQL, Databricks.",2026-07-08
JOB-1467,Cybersecurity Specialist,CyberShield Tech,Maharashtra (Pune),Remote,Entry Level (0-2 yrs),627620,1690836,1159228,INR,"Wireshark, Firewalls, Network Security, Penetration Testing, Linux","We are seeking an experienced Cybersecurity Specialist at CyberShield Tech in Maharashtra (Pune). You will work closely with engineering teams to implement high-impact systems using Network Security, Penetration Testing, Linux. Expert knowledge of Wireshark, Firewalls, Network Security, Penetration Testing, Linux is required.",2026-07-24
JOB-1468,DevOps & Cloud Engineer,Nexus AI,Kerala (Kochi),Hybrid,Entry Level (0-2 yrs),825408,2135795,1480601,INR,"GitLab CI, Docker, ArgoCD, AWS, CI/CD, Ansible, Linux, Prometheus","We are seeking an experienced DevOps & Cloud Engineer at Nexus AI in Kerala (Kochi). You will work closely with engineering teams to implement high-impact systems using Linux, CI/CD, Docker, AWS. Expert knowledge of GitLab CI, Docker, ArgoCD, AWS, CI/CD, Ansible, Linux, Prometheus is required.",2026-08-02
JOB-1469,Cybersecurity Specialist,CloudScale Labs,Kerala (Thiruvananthapuram),Remote,Entry Level (0-2 yrs),641470,1860584,1251027,INR,"AWS Security, Incident Response, SIEM, Cryptography, Network Security, Python, Penetration Testing, Linux","CloudScale Labs is expanding its engineering hub in Kerala (Thiruvananthapuram). We are hiring a Cybersecurity Specialist with expertise in SIEM, Penetration Testing, Python, Linux, Network Security and proficiency in Cryptography, Incident Response, AWS Security.",2026-06-24
JOB-1470,Product Manager (Tech),HCL Tech Solutions,Maharashtra (Mumbai),Onsite,Entry Level (0-2 yrs),1142182,2578478,1860330,INR,"SQL, Agile, Product Strategy, User Research, Scrum, Figma, Roadmapping","HCL Tech Solutions is expanding its engineering hub in Maharashtra (Mumbai). We are hiring a Product Manager (Tech) with expertise in User Research, Agile, Product Strategy, Roadmapping, SQL and proficiency in Scrum, Figma.",2026-07-24
JOB-1471,AI/ML Engineer,Infosys Digital,Kerala (Kochi),Onsite,Entry Level (0-2 yrs),877463,2396281,1636872,INR,"Scikit-Learn, SQL, CUDA, ONNX, AWS SageMaker, FastAPI, TensorFlow, PyTorch","Join Infosys Digital (Kerala (Kochi)) as a AI/ML Engineer! In this role, you will lead the architecture, design, and execution of core digital products using Scikit-Learn, PyTorch, SQL, TensorFlow and ONNX, AWS SageMaker, CUDA, FastAPI.",2026-06-28
JOB-1472,Cloud Architect,OmniCloud Systems,Delhi NCR (Gurugram),Onsite,Mid Level (2-5 yrs),1996874,5081743,3539308,INR,"Kubernetes, Cloud Security, System Design, AWS, Terraform, Networking, Python","Join OmniCloud Systems (Delhi NCR (Gurugram)) as a Cloud Architect! In this role, you will lead the architecture, design, and execution of core digital products using Python, AWS, Terraform, Kubernetes, Cloud Security and System Design, Networking.",2026-08-01
JOB-1473,DevOps & Cloud Engineer,Wipro Cloud,Maharashtra (Mumbai),Remote,Mid Level (2-5 yrs),1084736,3070537,2077636,INR,"Docker, Azure, Kubernetes, AWS, CI/CD, Python","We are seeking an experienced DevOps & Cloud Engineer at Wipro Cloud in Maharashtra (Mumbai). You will work closely with engineering teams to implement high-impact systems using Kubernetes, Docker, AWS, CI/CD. Expert knowledge of Docker, Azure, Kubernetes, AWS, CI/CD, Python is required.",2026-07-16
JOB-1474,DevOps & Cloud Engineer,OmniCloud Systems,West Bengal (Kolkata),Hybrid,Senior Level (5-8 yrs),1671402,4147774,2909588,INR,"Docker, ArgoCD, Azure, Kubernetes, AWS, Ansible, Python","Join OmniCloud Systems (West Bengal (Kolkata)) as a DevOps & Cloud Engineer! In this role, you will lead the architecture, design, and execution of core digital products using AWS, Kubernetes, Docker and ArgoCD, Python, Azure, Ansible.",2026-06-28
JOB-1475,Data Engineer,DataStream Corp,Telangana (Hyderabad),Onsite,Entry Level (0-2 yrs),691812,1962311,1327061,INR,"SQL, Docker, Databricks, Kubernetes, PostgreSQL, Python","DataStream Corp is expanding its engineering hub in Telangana (Hyderabad). We are hiring a Data Engineer with expertise in SQL, Python, Docker and proficiency in PostgreSQL, Databricks, Kubernetes.",2026-06-26
JOB-1476,Data Engineer,TCS Innovation Labs,Punjab (Mohali / Chandigarh),Hybrid,Senior Level (5-8 yrs),1355569,3923937,2639753,INR,"SQL, Snowflake, Scala, AWS Redshift, Airflow","We are seeking an experienced Data Engineer at TCS Innovation Labs in Punjab (Mohali / Chandigarh). You will work closely with engineering teams to implement high-impact systems using SQL, Airflow, Snowflake. Expert knowledge of SQL, Snowflake, Scala, AWS Redshift, Airflow is required.",2026-08-03
JOB-1477,Cloud Architect,Vanguard AI,Punjab (Mohali / Chandigarh),Onsite,Senior Level (5-8 yrs),3034091,7254999,5144545,INR,"Serverless, Docker, Azure, Kubernetes, Terraform","Vanguard AI is expanding its engineering hub in Punjab (Mohali / Chandigarh). We are hiring a Cloud Architect with expertise in Kubernetes, Terraform, Azure and proficiency in Serverless, Docker.",2026-07-01
JOB-1478,Cloud Architect,TechNova India,Uttar Pradesh (Lucknow),Remote,Senior Level (5-8 yrs),2740229,6097853,4419041,INR,"Docker, Azure, Kubernetes, Cloud Security, GCP, System Design, AWS, Python","TechNova India is expanding its engineering hub in Uttar Pradesh (Lucknow). We are hiring a Cloud Architect with expertise in Kubernetes, AWS, Python, Azure, Cloud Security and proficiency in System Design, Docker, GCP.",2026-08-11
JOB-1479,AI/ML Engineer,Zomato Tech,Kerala (Kochi),Hybrid,Mid Level (2-5 yrs),1226496,3252803,2239649,INR,"Scikit-Learn, SQL, MLflow, Docker, AWS SageMaker, Transformers, TensorFlow, PyTorch","Join Zomato Tech (Kerala (Kochi)) as a AI/ML Engineer! In this role, you will lead the architecture, design, and execution of core digital products using Docker, SQL, TensorFlow, Scikit-Learn, PyTorch and MLflow, Transformers, AWS SageMaker.",2026-07-23
JOB-1480,DevOps & Cloud Engineer,Swiggy Engineering,Uttar Pradesh (Lucknow),Onsite,Mid Level (2-5 yrs),1152811,2775603,1964207,INR,"GitLab CI, Docker, ArgoCD, Azure, Kubernetes, GCP, CI/CD, Terraform, Linux","Swiggy Engineering is expanding its engineering hub in Uttar Pradesh (Lucknow). We are hiring a DevOps & Cloud Engineer with expertise in Terraform, Docker, Kubernetes, Linux, CI/CD and proficiency in Azure, GCP, ArgoCD, GitLab CI.",2026-08-02
JOB-1481,DevOps & Cloud Engineer,Nexus AI,Remote (Global),Remote,Mid Level (2-5 yrs),1207130,2766265,1986697,INR,"Grafana, Docker, Kubernetes, GCP, AWS, Terraform, Linux","We are seeking an experienced DevOps & Cloud Engineer at Nexus AI in Remote (Global). You will work closely with engineering teams to implement high-impact systems using Kubernetes, Docker, Linux, Terraform, AWS. Expert knowledge of Grafana, Docker, Kubernetes, GCP, AWS, Terraform, Linux is required.",2026-06-28
JOB-1482,Cloud Architect,Apex Systems,Remote (Global),Remote,Mid Level (2-5 yrs),2193180,5093172,3643176,INR,"Docker, GCP, System Design, AWS, Terraform, Python","Apex Systems is expanding its engineering hub in Remote (Global). We are hiring a Cloud Architect with expertise in Python, AWS, Terraform and proficiency in GCP, Docker, System Design.",2026-07-15
JOB-1483,DevOps & Cloud Engineer,Pulse Analytics,Kerala (Kochi),Hybrid,Senior Level (5-8 yrs),1639435,4083464,2861449,INR,"Docker, Azure, Kubernetes, AWS, Terraform, Linux, Prometheus","We are seeking an experienced DevOps & Cloud Engineer at Pulse Analytics in Kerala (Kochi). You will work closely with engineering teams to implement high-impact systems using AWS, Docker, Terraform, Kubernetes, Linux. Expert knowledge of Docker, Azure, Kubernetes, AWS, Terraform, Linux, Prometheus is required.",2026-08-11
JOB-1484,Cybersecurity Specialist,Vanguard AI,Maharashtra (Pune),Remote,Entry Level (0-2 yrs),633308,1852119,1242713,INR,"SOC, Compliance, SIEM, Python, Penetration Testing","Vanguard AI is expanding its engineering hub in Maharashtra (Pune). We are hiring a Cybersecurity Specialist with expertise in SIEM, Python, Penetration Testing and proficiency in SOC, Compliance.",2026-07-02
JOB-1485,Cybersecurity Specialist,Apex Systems,Remote (India),Remote,Senior Level (5-8 yrs),1166605,3788893,2477749,INR,"SOC, Incident Response, CISSP, SIEM, Cryptography, Network Security, Penetration Testing, Linux","Apex Systems is expanding its engineering hub in Remote (India). We are hiring a Cybersecurity Specialist with expertise in SIEM, Penetration Testing, Network Security, Linux and proficiency in CISSP, Incident Response, SOC, Cryptography.",2026-08-13
JOB-1486,DevOps & Cloud Engineer,ByteCraft Inc,Remote (India),Remote,Entry Level (0-2 yrs),781051,1906918,1343984,INR,"Bash, Kubernetes, GCP, AWS, Ansible, Python, Linux","We are seeking an experienced DevOps & Cloud Engineer at ByteCraft Inc in Remote (India). You will work closely with engineering teams to implement high-impact systems using AWS, Kubernetes, Linux. Expert knowledge of Bash, Kubernetes, GCP, AWS, Ansible, Python, Linux is required.",2026-08-13
JOB-1487,Cloud Architect,CyberShield Tech,Punjab (Mohali / Chandigarh),Hybrid,Mid Level (2-5 yrs),1886232,5106360,3496296,INR,"Azure, System Design, Terraform, Networking, Python","Join CyberShield Tech (Punjab (Mohali / Chandigarh)) as a Cloud Architect! In this role, you will lead the architecture, design, and execution of core digital products using Azure, Python, Terraform and Networking, System Design.",2026-08-20
JOB-1488,Data Engineer,Swiggy Engineering,Punjab (Mohali / Chandigarh),Remote,Senior Level (5-8 yrs),1493648,4181607,2837627,INR,"Docker, Snowflake, Kubernetes, Spark, GCP BigQuery, AWS Redshift, Airflow","We are seeking an experienced Data Engineer at Swiggy Engineering in Punjab (Mohali / Chandigarh). You will work closely with engineering teams to implement high-impact systems using Airflow, Snowflake, Spark, Docker. Expert knowledge of Docker, Snowflake, Kubernetes, Spark, GCP BigQuery, AWS Redshift, Airflow is required.",2026-07-03
JOB-1489,Full Stack Developer,Zomato Tech,Uttar Pradesh (Lucknow),Hybrid,Senior Level (5-8 yrs),1083935,3054790,2069362,INR,"SQL, Redis, React, TailwindCSS, PostgreSQL, JavaScript, Express","Zomato Tech is expanding its engineering hub in Uttar Pradesh (Lucknow). We are hiring a Full Stack Developer with expertise in SQL, React, JavaScript and proficiency in TailwindCSS, Redis, Express, PostgreSQL.",2026-06-25
JOB-1490,Product Manager (Tech),Apex Systems,Maharashtra (Pune),Remote,Senior Level (5-8 yrs),2205234,5322807,3764020,INR,"SQL, System Architecture, Agile, Product Strategy, User Research, Jira, Figma, A/B Testing, Roadmapping","We are seeking an experienced Product Manager (Tech) at Apex Systems in Maharashtra (Pune). You will work closely with engineering teams to implement high-impact systems using User Research, Agile, Roadmapping, SQL, Product Strategy. Expert knowledge of SQL, System Architecture, Agile, Product Strategy, User Research, Jira, Figma, A/B Testing, Roadmapping is required.",2026-08-13
JOB-1491,Full Stack Developer,TechNova India,West Bengal (Kolkata),Remote,Mid Level (2-5 yrs),869415,2323179,1596297,INR,"Next.js, React, TailwindCSS, JavaScript, AWS, TypeScript, Node.js, Python","We are seeking an experienced Full Stack Developer at TechNova India in West Bengal (Kolkata). You will work closely with engineering teams to implement high-impact systems using Python, Node.js, JavaScript, React, TypeScript. Expert knowledge of Next.js, React, TailwindCSS, JavaScript, AWS, TypeScript, Node.js, Python is required.",2026-07-25
JOB-1492,AI/ML Engineer,Zomato Tech,Kerala (Thiruvananthapuram),Hybrid,Mid Level (2-5 yrs),1264393,3257959,2261176,INR,"LangChain, SQL, AWS SageMaker, FastAPI, Python, PyTorch","Join Zomato Tech (Kerala (Thiruvananthapuram)) as a AI/ML Engineer! In this role, you will lead the architecture, design, and execution of core digital products using Python, SQL, PyTorch and FastAPI, LangChain, AWS SageMaker.",2026-07-08
JOB-1493,Full Stack Developer,CloudScale Labs,Kerala (Thiruvananthapuram),Remote,Entry Level (0-2 yrs),532888,1828370,1180629,INR,"Docker, Redis, React, TailwindCSS, JavaScript, Node.js","We are seeking an experienced Full Stack Developer at CloudScale Labs in Kerala (Thiruvananthapuram). You will work closely with engineering teams to implement high-impact systems using React, Node.js, JavaScript. Expert knowledge of Docker, Redis, React, TailwindCSS, JavaScript, Node.js is required.",2026-08-17
JOB-1494,DevOps & Cloud Engineer,HCL Tech Solutions,Gujarat (Ahmedabad / GIFT City),Hybrid,Mid Level (2-5 yrs),1096517,2944496,2020506,INR,"Docker, ArgoCD, Kubernetes, GCP, AWS, Ansible, Terraform, Linux","We are seeking an experienced DevOps & Cloud Engineer at HCL Tech Solutions in Gujarat (Ahmedabad / GIFT City). You will work closely with engineering teams to implement high-impact systems using Terraform, Linux, Kubernetes, AWS, Docker. Expert knowledge of Docker, ArgoCD, Kubernetes, GCP, AWS, Ansible, Terraform, Linux is required.",2026-06-23
JOB-1495,AI/ML Engineer,Apex Systems,Telangana (Hyderabad),Remote,Senior Level (5-8 yrs),1637430,5375602,3506516,INR,"Scikit-Learn, LangChain, CUDA, Docker, Kubernetes, Ray, Python, TensorFlow, PyTorch","We are seeking an experienced AI/ML Engineer at Apex Systems in Telangana (Hyderabad). You will work closely with engineering teams to implement high-impact systems using PyTorch, TensorFlow, Scikit-Learn, Docker, Python. Expert knowledge of Scikit-Learn, LangChain, CUDA, Docker, Kubernetes, Ray, Python, TensorFlow, PyTorch is required.",2026-07-17
JOB-1496,Cybersecurity Specialist,Swiggy Engineering,Uttar Pradesh (Lucknow),Remote,Entry Level (0-2 yrs),601436,1729323,1165379,INR,"Wireshark, Incident Response, SIEM, Network Security, Penetration Testing, Linux","Swiggy Engineering is expanding its engineering hub in Uttar Pradesh (Lucknow). We are hiring a Cybersecurity Specialist with expertise in Penetration Testing, Linux, SIEM, Network Security and proficiency in Wireshark, Incident Response.",2026-07-27
JOB-1497,Cloud Architect,Wipro Cloud,Remote (Global),Remote,Mid Level (2-5 yrs),1849190,4454064,3151627,INR,"Docker, IAM, Kubernetes, AWS, Python, Microservices","Wipro Cloud is expanding its engineering hub in Remote (Global). We are hiring a Cloud Architect with expertise in Python, Kubernetes, AWS and proficiency in Microservices, Docker, IAM.",2026-08-03
JOB-1498,Cybersecurity Specialist,Wipro Cloud,Remote (Global),Remote,Lead / Principal (8+ yrs),1612262,4771326,3191794,INR,"SOC, Incident Response, CISSP, SIEM, Python, Penetration Testing, Linux","Wipro Cloud is expanding its engineering hub in Remote (Global). We are hiring a Cybersecurity Specialist with expertise in Linux, Penetration Testing, SIEM, Python and proficiency in Incident Response, SOC, CISSP.",2026-07-30
JOB-1499,AI/ML Engineer,TCS Innovation Labs,Karnataka (Bengaluru),Onsite,Mid Level (2-5 yrs),1268953,3604368,2436660,INR,"Scikit-Learn, MLflow, Docker, AWS SageMaker, Ray, Transformers, PyTorch","We are seeking an experienced AI/ML Engineer at TCS Innovation Labs in Karnataka (Bengaluru). You will work closely with engineering teams to implement high-impact systems using Docker, PyTorch, Scikit-Learn. Expert knowledge of Scikit-Learn, MLflow, Docker, AWS SageMaker, Ray, Transformers, PyTorch is required.",2026-07-17
JOB-1500,AI/ML Engineer,ByteCraft Inc,Telangana (Hyderabad),Hybrid,Lead / Principal (8+ yrs),2413694,6403228,4408461,INR,"Scikit-Learn, SQL, CUDA, MLflow, Kubernetes, FastAPI, Python, TensorFlow","We are seeking an experienced AI/ML Engineer at ByteCraft Inc in Telangana (Hyderabad). You will work closely with engineering teams to implement high-impact systems using SQL, TensorFlow, Scikit-Learn, Python. Expert knowledge of Scikit-Learn, SQL, CUDA, MLflow, Kubernetes, FastAPI, Python, TensorFlow is required.",2026-07-04
JOB-1501,AI/ML Engineer,Apex Systems,Punjab (Mohali / Chandigarh),Remote,Entry Level (0-2 yrs),907957,2551414,1729685,INR,"Scikit-Learn, MLflow, Docker, Kubernetes, Transformers, Python, TensorFlow, PyTorch","We are seeking an experienced AI/ML Engineer at Apex Systems in Punjab (Mohali / Chandigarh). You will work closely with engineering teams to implement high-impact systems using Docker, TensorFlow, PyTorch, Python, Scikit-Learn. Expert knowledge of Scikit-Learn, MLflow, Docker, Kubernetes, Transformers, Python, TensorFlow, PyTorch is required.",2026-08-20
JOB-1502,DevOps & Cloud Engineer,Hyperion Software,Telangana (Hyderabad),Hybrid,Mid Level (2-5 yrs),1154114,2776458,1965286,INR,"Python, Grafana, Docker, GitLab CI, Kubernetes, AWS, CI/CD, Bash","Hyperion Software is expanding its engineering hub in Telangana (Hyderabad). We are hiring a DevOps & Cloud Engineer with expertise in Docker, AWS, CI/CD, Kubernetes and proficiency in Bash, Python, Grafana, GitLab CI.",2026-06-27
JOB-1503,DevOps & Cloud Engineer,Zomato Tech,West Bengal (Kolkata),Remote,Senior Level (5-8 yrs),1583417,4572182,3077799,INR,"GitLab CI, ArgoCD, Kubernetes, AWS, CI/CD, Ansible, Prometheus","We are seeking an experienced DevOps & Cloud Engineer at Zomato Tech in West Bengal (Kolkata). You will work closely with engineering teams to implement high-impact systems using CI/CD, AWS, Kubernetes. Expert knowledge of GitLab CI, ArgoCD, Kubernetes, AWS, CI/CD, Ansible, Prometheus is required.",2026-06-27
JOB-1504,Cloud Architect,Vanguard AI,Madhya Pradesh (Indore),Hybrid,Entry Level (0-2 yrs),1409074,3236514,2322794,INR,"Enterprise Architecture, Docker, Kubernetes, Cloud Security, GCP, System Design, AWS, Terraform, Python","Join Vanguard AI (Madhya Pradesh (Indore)) as a Cloud Architect! In this role, you will lead the architecture, design, and execution of core digital products using Terraform, Python, Cloud Security, Kubernetes, AWS and Docker, GCP, System Design, Enterprise Architecture.",2026-08-08
JOB-1505,Cloud Architect,Nexus AI,Karnataka (Bengaluru),Onsite,Mid Level (2-5 yrs),2050117,4346757,3198437,INR,"IAM, Azure, Kubernetes, Cloud Security, GCP, AWS, Terraform, Networking","Join Nexus AI (Karnataka (Bengaluru)) as a Cloud Architect! In this role, you will lead the architecture, design, and execution of core digital products using Terraform, AWS, Azure, Kubernetes, Cloud Security and Networking, GCP, IAM.",2026-06-30
JOB-1506,AI/ML Engineer,Flipkart Labs,Kerala (Thiruvananthapuram),Hybrid,Mid Level (2-5 yrs),1228695,3684868,2456781,INR,"CUDA, Docker, Kubernetes, Ray, Transformers, Python, TensorFlow, PyTorch","Flipkart Labs is expanding its engineering hub in Kerala (Thiruvananthapuram). We are hiring a AI/ML Engineer with expertise in PyTorch, TensorFlow, Python, Docker and proficiency in Kubernetes, CUDA, Ray, Transformers.",2026-07-23
JOB-1507,Data Engineer,Nexus AI,Maharashtra (Mumbai),Remote,Mid Level (2-5 yrs),1035512,2833184,1934348,INR,"SQL, Docker, Snowflake, dbt, Kafka, GCP BigQuery, Python, Airflow","Join Nexus AI (Maharashtra (Mumbai)) as a Data Engineer! In this role, you will lead the architecture, design, and execution of core digital products using Python, SQL, Docker, Snowflake, Airflow and GCP BigQuery, dbt, Kafka.",2026-06-27
JOB-1508,Cybersecurity Specialist,Hyperion Software,Telangana (Hyderabad),Onsite,Senior Level (5-8 yrs),1355744,3726799,2541271,INR,"Compliance, Incident Response, Cryptography, Network Security, Python, Penetration Testing","Join Hyperion Software (Telangana (Hyderabad)) as a Cybersecurity Specialist! In this role, you will lead the architecture, design, and execution of core digital products using Penetration Testing, Network Security, Python and Compliance, Cryptography, Incident Response.",2026-07-10
JOB-1509,AI/ML Engineer,ByteCraft Inc,Remote (Global),Remote,Mid Level (2-5 yrs),1232967,3329400,2281183,INR,"SQL, CUDA, LangChain, Docker, Kubernetes, Transformers, Python","Join ByteCraft Inc (Remote (Global)) as a AI/ML Engineer! In this role, you will lead the architecture, design, and execution of core digital products using Python, Docker, SQL and CUDA, Kubernetes, Transformers, LangChain.",2026-07-21
JOB-1510,Product Manager (Tech),Infosys Digital,Gujarat (Ahmedabad / GIFT City),Remote,Senior Level (5-8 yrs),2020699,5729876,3875287,INR,"SQL, Data Analytics, Growth Hacking, Product Strategy, User Research, Figma","We are seeking an experienced Product Manager (Tech) at Infosys Digital in Gujarat (Ahmedabad / GIFT City). You will work closely with engineering teams to implement high-impact systems using Product Strategy, User Research, SQL. Expert knowledge of SQL, Data Analytics, Growth Hacking, Product Strategy, User Research, Figma is required.",2026-08-11
JOB-1511,Product Manager (Tech),CyberShield Tech,Kerala (Thiruvananthapuram),Hybrid,Mid Level (2-5 yrs),1607610,3740766,2674188,INR,"System Architecture, Product Strategy, Agile, Figma, Roadmapping","We are seeking an experienced Product Manager (Tech) at CyberShield Tech in Kerala (Thiruvananthapuram). You will work closely with engineering teams to implement high-impact systems using Roadmapping, Product Strategy, Agile. Expert knowledge of System Architecture, Product Strategy, Agile, Figma, Roadmapping is required.",2026-08-08
JOB-1512,DevOps & Cloud Engineer,Nexus AI,Kerala (Thiruvananthapuram),Remote,Senior Level (5-8 yrs),1418293,4515928,2967110,INR,"Python, Grafana, Docker, Kubernetes, GCP, AWS, CI/CD, Terraform, Bash","We are seeking an experienced DevOps & Cloud Engineer at Nexus AI in Kerala (Thiruvananthapuram). You will work closely with engineering teams to implement high-impact systems using CI/CD, Terraform, Kubernetes, AWS, Docker. Expert knowledge of Python, Grafana, Docker, Kubernetes, GCP, AWS, CI/CD, Terraform, Bash is required.",2026-07-20
JOB-1513,DevOps & Cloud Engineer,TechNova India,Gujarat (Ahmedabad / GIFT City),Onsite,Mid Level (2-5 yrs),1171738,2704035,1937886,INR,"GitLab CI, Docker, Kubernetes, GCP, AWS, CI/CD, Terraform, Python, Prometheus","We are seeking an experienced DevOps & Cloud Engineer at TechNova India in Gujarat (Ahmedabad / GIFT City). You will work closely with engineering teams to implement high-impact systems using Docker, CI/CD, Terraform, Kubernetes, AWS. Expert knowledge of GitLab CI, Docker, Kubernetes, GCP, AWS, CI/CD, Terraform, Python, Prometheus is required.",2026-08-16
JOB-1514,Cloud Architect,TechNova India,Telangana (Hyderabad),Remote,Mid Level (2-5 yrs),1879129,4487180,3183154,INR,"Kubernetes, Cloud Security, GCP, Python, Microservices","Join TechNova India (Telangana (Hyderabad)) as a Cloud Architect! In this role, you will lead the architecture, design, and execution of core digital products using Python, Kubernetes, Cloud Security and GCP, Microservices.",2026-07-05
JOB-1515,Full Stack Developer,QuantVantage,Gujarat (Ahmedabad / GIFT City),Remote,Entry Level (0-2 yrs),541898,1582639,1062268,INR,"Next.js, Docker, React, TailwindCSS, JavaScript, Python, GraphQL","Join QuantVantage (Gujarat (Ahmedabad / GIFT City)) as a Full Stack Developer! In this role, you will lead the architecture, design, and execution of core digital products using React, JavaScript, Python and Docker, TailwindCSS, GraphQL, Next.js.",2026-08-05
JOB-1516,Cloud Architect,Pulse Analytics,Delhi NCR (Gurugram),Onsite,Lead / Principal (8+ yrs),3609864,8656677,6133270,INR,"Docker, Kubernetes, Cloud Security, AWS, Terraform, Networking, Python","Pulse Analytics is expanding its engineering hub in Delhi NCR (Gurugram). We are hiring a Cloud Architect with expertise in Terraform, AWS, Kubernetes, Python, Cloud Security and proficiency in Docker, Networking.",2026-07-24
JOB-1517,DevOps & Cloud Engineer,CloudScale Labs,Delhi NCR (Noida),Onsite,Mid Level (2-5 yrs),1203044,3231500,2217272,INR,"Grafana, Docker, ArgoCD, Kubernetes, GCP, Bash, Linux","We are seeking an experienced DevOps & Cloud Engineer at CloudScale Labs in Delhi NCR (Noida). You will work closely with engineering teams to implement high-impact systems using Kubernetes, Docker, Linux. Expert knowledge of Grafana, Docker, ArgoCD, Kubernetes, GCP, Bash, Linux is required.",2026-07-05
JOB-1518,Data Engineer,OmniCloud Systems,Maharashtra (Pune),Remote,Mid Level (2-5 yrs),1005095,2790646,1897870,INR,"SQL, Docker, Hive, Snowflake, Kubernetes, Spark, Airflow","Join OmniCloud Systems (Maharashtra (Pune)) as a Data Engineer! In this role, you will lead the architecture, design, and execution of core digital products using Snowflake, Spark, Airflow, Docker, SQL and Kubernetes, Hive.",2026-07-21
JOB-1519,Data Analyst,Flipkart Labs,Rajasthan (Jaipur),Onsite,Lead / Principal (8+ yrs),1066931,3190115,2128523,INR,"Tableau, SQL, PowerBI, Pandas, Snowflake, Python, Excel","Flipkart Labs is expanding its engineering hub in Rajasthan (Jaipur). We are hiring a Data Analyst with expertise in SQL, Python, PowerBI, Tableau, Excel and proficiency in Snowflake, Pandas.",2026-08-10
JOB-1520,Cloud Architect,Apex Systems,Maharashtra (Pune),Remote,Senior Level (5-8 yrs),2708369,6654347,4681358,INR,"Docker, IAM, Kubernetes, Cloud Security, GCP, AWS, Terraform, Networking","Join Apex Systems (Maharashtra (Pune)) as a Cloud Architect! In this role, you will lead the architecture, design, and execution of core digital products using Terraform, Kubernetes, Cloud Security, AWS and GCP, Docker, Networking, IAM.",2026-07-25
JOB-1521,Cloud Architect,OmniCloud Systems,Kerala (Thiruvananthapuram),Hybrid,Mid Level (2-5 yrs),2137041,4812279,3474660,INR,"Serverless, Azure, Cloud Security, GCP, System Design, Terraform, Microservices","OmniCloud Systems is expanding its engineering hub in Kerala (Thiruvananthapuram). We are hiring a Cloud Architect with expertise in Terraform, Azure, Cloud Security and proficiency in Microservices, System Design, GCP, Serverless.",2026-08-15
JOB-1522,Data Analyst,HCL Tech Solutions,Telangana (Hyderabad),Remote,Entry Level (0-2 yrs),403428,1190686,797057,INR,"PowerBI, BigQuery, Looker, Python, Excel","HCL Tech Solutions is expanding its engineering hub in Telangana (Hyderabad). We are hiring a Data Analyst with expertise in PowerBI, Python, Excel and proficiency in BigQuery, Looker.",2026-06-27
JOB-1523,Data Analyst,Wipro Cloud,Tamil Nadu (Chennai),Onsite,Senior Level (5-8 yrs),883311,2021327,1452319,INR,"Tableau, SQL, A/B Testing, Snowflake, Google Analytics, Python, Excel","Wipro Cloud is expanding its engineering hub in Tamil Nadu (Chennai). We are hiring a Data Analyst with expertise in SQL, Tableau, Python, Excel and proficiency in Snowflake, A/B Testing, Google Analytics.",2026-07-19
JOB-1524,Full Stack Developer,Hyperion Software,Gujarat (Ahmedabad / GIFT City),Remote,Senior Level (5-8 yrs),1078128,3150232,2114180,INR,"SQL, Next.js, TailwindCSS, AWS, TypeScript, Node.js, GraphQL","Hyperion Software is expanding its engineering hub in Gujarat (Ahmedabad / GIFT City). We are hiring a Full Stack Developer with expertise in Node.js, TypeScript, SQL and proficiency in AWS, GraphQL, TailwindCSS, Next.js.",2026-07-25
JOB-1525,DevOps & Cloud Engineer,ByteCraft Inc,Uttar Pradesh (Lucknow),Onsite,Entry Level (0-2 yrs),821482,2032725,1427103,INR,"GitLab CI, Docker, Azure, Kubernetes, GCP, AWS, Ansible","Join ByteCraft Inc (Uttar Pradesh (Lucknow)) as a DevOps & Cloud Engineer! In this role, you will lead the architecture, design, and execution of core digital products using AWS, Docker, Kubernetes and Ansible, GitLab CI, GCP, Azure.",2026-07-24
JOB-1526,Cybersecurity Specialist,Swiggy Engineering,Kerala (Kochi),Hybrid,Mid Level (2-5 yrs),906208,2437936,1672072,INR,"Compliance, Wireshark, Incident Response, SIEM, Network Security, Python, Penetration Testing, Linux","We are seeking an experienced Cybersecurity Specialist at Swiggy Engineering in Kerala (Kochi). You will work closely with engineering teams to implement high-impact systems using Network Security, Python, Penetration Testing, SIEM, Linux. Expert knowledge of Compliance, Wireshark, Incident Response, SIEM, Network Security, Python, Penetration Testing, Linux is required.",2026-07-30
JOB-1527,Product Manager (Tech),CyberShield Tech,Maharashtra (Pune),Remote,Entry Level (0-2 yrs),1136382,2599295,1867838,INR,"SQL, Product Strategy, Agile, User Research, Jira, A/B Testing, Roadmapping","We are seeking an experienced Product Manager (Tech) at CyberShield Tech in Maharashtra (Pune). You will work closely with engineering teams to implement high-impact systems using Product Strategy, Agile, User Research, Roadmapping, SQL. Expert knowledge of SQL, Product Strategy, Agile, User Research, Jira, A/B Testing, Roadmapping is required.",2026-08-06
JOB-1528,Data Analyst,Zomato Tech,Maharashtra (Pune),Hybrid,Entry Level (0-2 yrs),423062,1115128,769095,INR,"Tableau, SQL, PowerBI, Pandas, A/B Testing, Python, Excel","We are seeking an experienced Data Analyst at Zomato Tech in Maharashtra (Pune). You will work closely with engineering teams to implement high-impact systems using SQL, Python, Excel, Tableau, PowerBI. Expert knowledge of Tableau, SQL, PowerBI, Pandas, A/B Testing, Python, Excel is required.",2026-07-27
JOB-1529,DevOps & Cloud Engineer,TCS Innovation Labs,Delhi NCR (Noida),Hybrid,Mid Level (2-5 yrs),991637,2785615,1888626,INR,"Python, GitLab CI, Docker, Kubernetes, AWS, CI/CD, Terraform, Bash, Prometheus","We are seeking an experienced DevOps & Cloud Engineer at TCS Innovation Labs in Delhi NCR (Noida). You will work closely with engineering teams to implement high-impact systems using CI/CD, Terraform, Docker, Kubernetes, AWS. Expert knowledge of Python, GitLab CI, Docker, Kubernetes, AWS, CI/CD, Terraform, Bash, Prometheus is required.",2026-06-29
JOB-1530,Cybersecurity Specialist,Paytm Digital,Gujarat (Ahmedabad / GIFT City),Onsite,Mid Level (2-5 yrs),961675,2752020,1856847,INR,"SOC, Compliance, CISSP, SIEM, Network Security, Python, Penetration Testing, Linux","Join Paytm Digital (Gujarat (Ahmedabad / GIFT City)) as a Cybersecurity Specialist! In this role, you will lead the architecture, design, and execution of core digital products using SIEM, Penetration Testing, Python, Network Security, Linux and Compliance, CISSP, SOC.",2026-07-12
JOB-1531,Full Stack Developer,Vanguard AI,Gujarat (Ahmedabad / GIFT City),Remote,Senior Level (5-8 yrs),1061691,3609002,2335346,INR,"SQL, Next.js, React, TailwindCSS, JavaScript, Node.js, Python, Express, GraphQL","Join Vanguard AI (Gujarat (Ahmedabad / GIFT City)) as a Full Stack Developer! In this role, you will lead the architecture, design, and execution of core digital products using Node.js, SQL, Python, React, JavaScript and Express, TailwindCSS, GraphQL, Next.js.",2026-06-25
JOB-1532,Data Analyst,Nexus AI,Delhi NCR (Noida),Hybrid,Mid Level (2-5 yrs),564884,1454283,1009583,INR,"Tableau, SQL, PowerBI, A/B Testing, Pandas, Looker, Python, Excel","We are seeking an experienced Data Analyst at Nexus AI in Delhi NCR (Noida). You will work closely with engineering teams to implement high-impact systems using SQL, Tableau, PowerBI, Excel, Python. Expert knowledge of Tableau, SQL, PowerBI, A/B Testing, Pandas, Looker, Python, Excel is required.",2026-08-16
JOB-1533,Product Manager (Tech),Hyperion Software,Kerala (Thiruvananthapuram),Onsite,Mid Level (2-5 yrs),1448133,3988993,2718563,INR,"SQL, Growth Hacking, Agile, Jira, A/B Testing, Roadmapping","Join Hyperion Software (Kerala (Thiruvananthapuram)) as a Product Manager (Tech)! In this role, you will lead the architecture, design, and execution of core digital products using SQL, Agile, Roadmapping and Jira, Growth Hacking, A/B Testing.",2026-07-22
JOB-1534,Data Engineer,Nexus AI,Gujarat (Ahmedabad / GIFT City),Onsite,Lead / Principal (8+ yrs),1730577,4790620,3260598,INR,"SQL, Spark, dbt, Kafka, Airflow","Nexus AI is expanding its engineering hub in Gujarat (Ahmedabad / GIFT City). We are hiring a Data Engineer with expertise in Airflow, Spark, SQL and proficiency in Kafka, dbt.",2026-07-26
JOB-1535,Full Stack Developer,Nexus AI,Karnataka (Bengaluru),Onsite,Mid Level (2-5 yrs),790729,2182922,1486825,INR,"SQL, Redis, React, PostgreSQL, TypeScript, Python","Nexus AI is expanding its engineering hub in Karnataka (Bengaluru). We are hiring a Full Stack Developer with expertise in React, TypeScript, Python, SQL and proficiency in Redis, PostgreSQL.",2026-06-30
JOB-1536,Data Engineer,Hyperion Software,Kerala (Kochi),Hybrid,Entry Level (0-2 yrs),657997,1770287,1214142,INR,"SQL, Kubernetes, AWS Redshift, Python, Airflow","We are seeking an experienced Data Engineer at Hyperion Software in Kerala (Kochi). You will work closely with engineering teams to implement high-impact systems using Python, Airflow, SQL. Expert knowledge of SQL, Kubernetes, AWS Redshift, Python, Airflow is required.",2026-08-20
JOB-1537,Cloud Architect,Wipro Cloud,Maharashtra (Pune),Remote,Lead / Principal (8+ yrs),3409686,8573003,5991344,INR,"Serverless, Azure, Kubernetes, Networking, Python","Wipro Cloud is expanding its engineering hub in Maharashtra (Pune). We are hiring a Cloud Architect with expertise in Python, Azure, Kubernetes and proficiency in Serverless, Networking.",2026-07-11
JOB-1538,DevOps & Cloud Engineer,Paytm Digital,Delhi NCR (Noida),Onsite,Mid Level (2-5 yrs),1078470,2889744,1984107,INR,"Docker, Azure, AWS, CI/CD, Ansible, Bash, Linux","Join Paytm Digital (Delhi NCR (Noida)) as a DevOps & Cloud Engineer! In this role, you will lead the architecture, design, and execution of core digital products using Linux, Docker, AWS, CI/CD and Azure, Bash, Ansible.",2026-08-07
JOB-1539,Product Manager (Tech),HCL Tech Solutions,Maharashtra (Pune),Onsite,Senior Level (5-8 yrs),2302903,4896329,3599616,INR,"SQL, Data Analytics, Agile, Product Strategy, User Research, Scrum, Figma, Roadmapping","HCL Tech Solutions is expanding its engineering hub in Maharashtra (Pune). We are hiring a Product Manager (Tech) with expertise in Roadmapping, User Research, Agile, SQL, Product Strategy and proficiency in Data Analytics, Figma, Scrum.",2026-07-01
JOB-1540,Full Stack Developer,Apex Systems,Telangana (Hyderabad),Onsite,Mid Level (2-5 yrs),722823,2597809,1660316,INR,"SQL, Next.js, Docker, JavaScript, AWS, TypeScript, Node.js, Python, GraphQL","Join Apex Systems (Telangana (Hyderabad)) as a Full Stack Developer! In this role, you will lead the architecture, design, and execution of core digital products using SQL, Node.js, TypeScript, Python, JavaScript and GraphQL, AWS, Next.js, Docker.",2026-07-27
JOB-1541,DevOps & Cloud Engineer,Zomato Tech,Karnataka (Bengaluru),Remote,Entry Level (0-2 yrs),714183,2099465,1406824,INR,"Docker, Kubernetes, Ansible, Terraform, Python","We are seeking an experienced DevOps & Cloud Engineer at Zomato Tech in Karnataka (Bengaluru). You will work closely with engineering teams to implement high-impact systems using Kubernetes, Docker, Terraform. Expert knowledge of Docker, Kubernetes, Ansible, Terraform, Python is required.",2026-08-11
JOB-1542,Cybersecurity Specialist,Wipro Cloud,Maharashtra (Mumbai),Remote,Lead / Principal (8+ yrs),1748433,4549307,3148870,INR,"AWS Security, Wireshark, Incident Response, CISSP, SIEM, Network Security, Python, Penetration Testing, Linux","Wipro Cloud is expanding its engineering hub in Maharashtra (Mumbai). We are hiring a Cybersecurity Specialist with expertise in SIEM, Linux, Network Security, Python, Penetration Testing and proficiency in Wireshark, AWS Security, Incident Response, CISSP.",2026-07-30
JOB-1543,Cloud Architect,HCL Tech Solutions,Delhi NCR (Noida),Onsite,Entry Level (0-2 yrs),1261691,3608550,2435120,INR,"Enterprise Architecture, IAM, Azure, Kubernetes, Cloud Security, Terraform, Python","We are seeking an experienced Cloud Architect at HCL Tech Solutions in Delhi NCR (Noida). You will work closely with engineering teams to implement high-impact systems using Azure, Python, Terraform, Cloud Security, Kubernetes. Expert knowledge of Enterprise Architecture, IAM, Azure, Kubernetes, Cloud Security, Terraform, Python is required.",2026-08-08
JOB-1544,AI/ML Engineer,TCS Innovation Labs,Delhi NCR (Noida),Remote,Entry Level (0-2 yrs),877241,2325013,1601127,INR,"SQL, CUDA, Docker, AWS SageMaker, Transformers, Python, TensorFlow, PyTorch","We are seeking an experienced AI/ML Engineer at TCS Innovation Labs in Delhi NCR (Noida). You will work closely with engineering teams to implement high-impact systems using SQL, PyTorch, Docker, TensorFlow, Python. Expert knowledge of SQL, CUDA, Docker, AWS SageMaker, Transformers, Python, TensorFlow, PyTorch is required.",2026-07-13
JOB-1545,DevOps & Cloud Engineer,CyberShield Tech,Kerala (Kochi),Onsite,Mid Level (2-5 yrs),1087102,3003175,2045138,INR,"Docker, Kubernetes, GCP, CI/CD, Terraform, Bash, Linux, Prometheus","CyberShield Tech is expanding its engineering hub in Kerala (Kochi). We are hiring a DevOps & Cloud Engineer with expertise in Docker, Kubernetes, Terraform, Linux, CI/CD and proficiency in GCP, Bash, Prometheus.",2026-07-24
JOB-1546,Full Stack Developer,OmniCloud Systems,Karnataka (Bengaluru),Hybrid,Mid Level (2-5 yrs),768935,2295948,1532441,INR,"Docker, React, TailwindCSS, PostgreSQL, TypeScript, Python, MongoDB","OmniCloud Systems is expanding its engineering hub in Karnataka (Bengaluru). We are hiring a Full Stack Developer with expertise in React, Python, TypeScript and proficiency in Docker, MongoDB, PostgreSQL, TailwindCSS.",2026-07-13
JOB-1547,Product Manager (Tech),Nexus AI,Kerala (Thiruvananthapuram),Remote,Senior Level (5-8 yrs),2196754,5186210,3691482,INR,"System Architecture, Product Strategy, Agile, Figma, Roadmapping","Join Nexus AI (Kerala (Thiruvananthapuram)) as a Product Manager (Tech)! In this role, you will lead the architecture, design, and execution of core digital products using Product Strategy, Roadmapping, Agile and System Architecture, Figma.",2026-06-22
JOB-1548,Cybersecurity Specialist,Hyperion Software,Punjab (Mohali / Chandigarh),Hybrid,Mid Level (2-5 yrs),982277,2741060,1861668,INR,"Firewalls, Incident Response, CISSP, SIEM, Network Security, Python, Penetration Testing, Linux","Hyperion Software is expanding its engineering hub in Punjab (Mohali / Chandigarh). We are hiring a Cybersecurity Specialist with expertise in Penetration Testing, Network Security, Python, SIEM, Linux and proficiency in CISSP, Firewalls, Incident Response.",2026-07-29
JOB-1549,Product Manager (Tech),Pulse Analytics,Maharashtra (Mumbai),Onsite,Mid Level (2-5 yrs),1559241,3910453,2734847,INR,"SQL, System Architecture, Growth Hacking, Product Strategy, Agile, Jira, Roadmapping","Join Pulse Analytics (Maharashtra (Mumbai)) as a Product Manager (Tech)! In this role, you will lead the architecture, design, and execution of core digital products using Product Strategy, Roadmapping, SQL, Agile and Growth Hacking, System Architecture, Jira.",2026-07-13
JOB-1550,Product Manager (Tech),TCS Innovation Labs,West Bengal (Kolkata),Remote,Senior Level (5-8 yrs),2107785,4988907,3548346,INR,"SQL, Growth Hacking, Product Strategy, Agile, User Research, Jira, Figma, Roadmapping","Join TCS Innovation Labs (West Bengal (Kolkata)) as a Product Manager (Tech)! In this role, you will lead the architecture, design, and execution of core digital products using Product Strategy, Agile, SQL, User Research, Roadmapping and Growth Hacking, Figma, Jira.",2026-08-10
JOB-1551,Cybersecurity Specialist,Apex Systems,Kerala (Kochi),Onsite,Lead / Principal (8+ yrs),1546023,5049278,3297650,INR,"SOC, SIEM, Cryptography, Network Security, Python, Penetration Testing, Linux","Apex Systems is expanding its engineering hub in Kerala (Kochi). We are hiring a Cybersecurity Specialist with expertise in SIEM, Linux, Penetration Testing, Python, Network Security and proficiency in SOC, Cryptography.",2026-07-26
JOB-1552,Data Analyst,TechNova India,Delhi NCR (Gurugram),Hybrid,Entry Level (0-2 yrs),409470,1165706,787588,INR,"Tableau, PowerBI, Pandas, Snowflake, A/B Testing, Excel","We are seeking an experienced Data Analyst at TechNova India in Delhi NCR (Gurugram). You will work closely with engineering teams to implement high-impact systems using Excel, PowerBI, Tableau. Expert knowledge of Tableau, PowerBI, Pandas, Snowflake, A/B Testing, Excel is required.",2026-07-20
JOB-1553,Full Stack Developer,Zomato Tech,Telangana (Hyderabad),Hybrid,Mid Level (2-5 yrs),790516,2598226,1694371,INR,"SQL, Docker, Redis, PostgreSQL, JavaScript, AWS, TypeScript","We are seeking an experienced Full Stack Developer at Zomato Tech in Telangana (Hyderabad). You will work closely with engineering teams to implement high-impact systems using TypeScript, SQL, JavaScript. Expert knowledge of SQL, Docker, Redis, PostgreSQL, JavaScript, AWS, TypeScript is required.",2026-06-26
JOB-1554,Full Stack Developer,Nexus AI,Kerala (Kochi),Remote,Mid Level (2-5 yrs),827648,2208388,1518018,INR,"SQL, Redis, React, JavaScript, AWS, Python","We are seeking an experienced Full Stack Developer at Nexus AI in Kerala (Kochi). You will work closely with engineering teams to implement high-impact systems using JavaScript, React, SQL, Python. Expert knowledge of SQL, Redis, React, JavaScript, AWS, Python is required.",2026-08-03
JOB-1555,AI/ML Engineer,Flipkart Labs,Maharashtra (Mumbai),Remote,Mid Level (2-5 yrs),1183068,3409549,2296308,INR,"Scikit-Learn, SQL, ONNX, AWS SageMaker, Transformers, TensorFlow","Join Flipkart Labs (Maharashtra (Mumbai)) as a AI/ML Engineer! In this role, you will lead the architecture, design, and execution of core digital products using Scikit-Learn, SQL, TensorFlow and AWS SageMaker, ONNX, Transformers.",2026-07-31
JOB-1556,DevOps & Cloud Engineer,Pulse Analytics,Rajasthan (Jaipur),Hybrid,Senior Level (5-8 yrs),1423851,4225728,2824789,INR,"Grafana, Docker, Kubernetes, GCP, AWS, Ansible, Bash, Linux","Pulse Analytics is expanding its engineering hub in Rajasthan (Jaipur). We are hiring a DevOps & Cloud Engineer with expertise in Kubernetes, Linux, AWS, Docker and proficiency in GCP, Bash, Ansible, Grafana.",2026-07-03
JOB-1557,DevOps & Cloud Engineer,Pulse Analytics,Uttar Pradesh (Lucknow),Onsite,Senior Level (5-8 yrs),1655017,4594461,3124739,INR,"Docker, ArgoCD, Azure, AWS, Ansible, Terraform, Bash, Linux","Pulse Analytics is expanding its engineering hub in Uttar Pradesh (Lucknow). We are hiring a DevOps & Cloud Engineer with expertise in AWS, Terraform, Docker, Linux and proficiency in Azure, Ansible, ArgoCD, Bash.",2026-07-31
JOB-1558,Product Manager (Tech),HCL Tech Solutions,Remote (India),Remote,Mid Level (2-5 yrs),1563582,4081092,2822337,INR,"SQL, Data Analytics, Agile, Product Strategy, User Research, Scrum, Figma, A/B Testing, Roadmapping","HCL Tech Solutions is expanding its engineering hub in Remote (India). We are hiring a Product Manager (Tech) with expertise in Agile, User Research, Product Strategy, SQL, Roadmapping and proficiency in Scrum, Data Analytics, Figma, A/B Testing.",2026-07-01
JOB-1559,AI/ML Engineer,TCS Innovation Labs,Remote (India),Remote,Senior Level (5-8 yrs),1693664,4648488,3171076,INR,"Scikit-Learn, SQL, CUDA, Docker, ONNX, AWS SageMaker, Python","We are seeking an experienced AI/ML Engineer at TCS Innovation Labs in Remote (India). You will work closely with engineering teams to implement high-impact systems using Docker, SQL, Scikit-Learn, Python. Expert knowledge of Scikit-Learn, SQL, CUDA, Docker, ONNX, AWS SageMaker, Python is required.",2026-07-03
JOB-1560,Data Engineer,DataStream Corp,Madhya Pradesh (Indore),Onsite,Entry Level (0-2 yrs),649005,1973540,1311272,INR,"SQL, Snowflake, Kubernetes, Spark, dbt, Scala, Airflow","DataStream Corp is expanding its engineering hub in Madhya Pradesh (Indore). We are hiring a Data Engineer with expertise in Airflow, Spark, SQL, Snowflake and proficiency in Scala, dbt, Kubernetes.",2026-07-20
JOB-1561,Data Engineer,QuantVantage,Gujarat (Ahmedabad / GIFT City),Onsite,Senior Level (5-8 yrs),1322594,3618700,2470647,INR,"SQL, Hive, Snowflake, Spark, dbt, Scala, GCP BigQuery, Python, Airflow","We are seeking an experienced Data Engineer at QuantVantage in Gujarat (Ahmedabad / GIFT City). You will work closely with engineering teams to implement high-impact systems using Python, Spark, Airflow, Snowflake, SQL. Expert knowledge of SQL, Hive, Snowflake, Spark, dbt, Scala, GCP BigQuery, Python, Airflow is required.",2026-08-13
JOB-1562,Data Engineer,QuantVantage,Delhi NCR (Noida),Onsite,Lead / Principal (8+ yrs),1808613,5100951,3454782,INR,"SQL, Docker, Snowflake, Spark, Kafka, GCP BigQuery, AWS Redshift, Python","Join QuantVantage (Delhi NCR (Noida)) as a Data Engineer! In this role, you will lead the architecture, design, and execution of core digital products using Spark, SQL, Docker, Snowflake, Python and Kafka, AWS Redshift, GCP BigQuery.",2026-06-30
JOB-1563,Full Stack Developer,Zomato Tech,Gujarat (Ahmedabad / GIFT City),Remote,Mid Level (2-5 yrs),765342,2518588,1641965,INR,"SQL, Docker, React, JavaScript, AWS, TypeScript, Node.js, MongoDB","Zomato Tech is expanding its engineering hub in Gujarat (Ahmedabad / GIFT City). We are hiring a Full Stack Developer with expertise in Node.js, React, TypeScript, SQL, JavaScript and proficiency in AWS, Docker, MongoDB.",2026-08-18
JOB-1564,Cloud Architect,CyberShield Tech,Remote (Global),Remote,Lead / Principal (8+ yrs),3373521,9430933,6402227,INR,"Serverless, Docker, Kubernetes, Cloud Security, System Design, Terraform, Enterprise Architecture","We are seeking an experienced Cloud Architect at CyberShield Tech in Remote (Global). You will work closely with engineering teams to implement high-impact systems using Cloud Security, Kubernetes, Terraform. Expert knowledge of Serverless, Docker, Kubernetes, Cloud Security, System Design, Terraform, Enterprise Architecture is required.",2026-06-29
JOB-1565,DevOps & Cloud Engineer,HCL Tech Solutions,Maharashtra (Mumbai),Remote,Senior Level (5-8 yrs),1619375,4108492,2863933,INR,"GitLab CI, Docker, Kubernetes, GCP, CI/CD, Terraform, Bash, Linux","HCL Tech Solutions is expanding its engineering hub in Maharashtra (Mumbai). We are hiring a DevOps & Cloud Engineer with expertise in Terraform, Kubernetes, Docker, Linux, CI/CD and proficiency in GCP, GitLab CI, Bash.",2026-07-05
JOB-1566,Data Analyst,CyberShield Tech,Delhi NCR (Noida),Onsite,Senior Level (5-8 yrs),852962,2213963,1533462,INR,"SQL, PowerBI, Pandas, BigQuery, Statistics, Google Analytics, Python, Excel","Join CyberShield Tech (Delhi NCR (Noida)) as a Data Analyst! In this role, you will lead the architecture, design, and execution of core digital products using SQL, Python, Excel, PowerBI and Google Analytics, Statistics, BigQuery, Pandas.",2026-08-02
JOB-1567,Full Stack Developer,Wipro Cloud,Delhi NCR (Noida),Onsite,Entry Level (0-2 yrs),514757,1839317,1177037,INR,"SQL, Next.js, Docker, React, TailwindCSS, JavaScript, Node.js, Python","We are seeking an experienced Full Stack Developer at Wipro Cloud in Delhi NCR (Noida). You will work closely with engineering teams to implement high-impact systems using JavaScript, React, SQL, Python, Node.js. Expert knowledge of SQL, Next.js, Docker, React, TailwindCSS, JavaScript, Node.js, Python is required.",2026-06-21
JOB-1568,AI/ML Engineer,DataStream Corp,Remote (Global),Remote,Senior Level (5-8 yrs),1676178,5084224,3380201,INR,"Scikit-Learn, Docker, Kubernetes, Ray, Python, TensorFlow, PyTorch","We are seeking an experienced AI/ML Engineer at DataStream Corp in Remote (Global). You will work closely with engineering teams to implement high-impact systems using Scikit-Learn, PyTorch, Docker, Python, TensorFlow. Expert knowledge of Scikit-Learn, Docker, Kubernetes, Ray, Python, TensorFlow, PyTorch is required.",2026-07-10
JOB-1569,Cybersecurity Specialist,Nexus AI,Uttar Pradesh (Lucknow),Onsite,Mid Level (2-5 yrs),925453,2812408,1868930,INR,"Firewalls, Incident Response, SIEM, Network Security, Python, Penetration Testing, Linux","We are seeking an experienced Cybersecurity Specialist at Nexus AI in Uttar Pradesh (Lucknow). You will work closely with engineering teams to implement high-impact systems using SIEM, Linux, Network Security, Penetration Testing, Python. Expert knowledge of Firewalls, Incident Response, SIEM, Network Security, Python, Penetration Testing, Linux is required.",2026-08-19
JOB-1570,Product Manager (Tech),Apex Systems,Telangana (Hyderabad),Onsite,Entry Level (0-2 yrs),1094891,2852695,1973793,INR,"SQL, Data Analytics, Agile, User Research, Jira, Roadmapping","Apex Systems is expanding its engineering hub in Telangana (Hyderabad). We are hiring a Product Manager (Tech) with expertise in SQL, User Research, Roadmapping, Agile and proficiency in Data Analytics, Jira.",2026-08-09
JOB-1571,Cybersecurity Specialist,TechNova India,Rajasthan (Jaipur),Onsite,Senior Level (5-8 yrs),1135341,3601585,2368463,INR,"Compliance, AWS Security, Firewalls, SIEM, Cryptography, Network Security, Python, Penetration Testing, Linux","Join TechNova India (Rajasthan (Jaipur)) as a Cybersecurity Specialist! In this role, you will lead the architecture, design, and execution of core digital products using SIEM, Network Security, Linux, Penetration Testing, Python and Firewalls, Compliance, AWS Security, Cryptography.",2026-08-13
JOB-1572,AI/ML Engineer,TCS Innovation Labs,Delhi NCR (Noida),Onsite,Entry Level (0-2 yrs),920153,2527498,1723825,INR,"Scikit-Learn, SQL, LangChain, Kubernetes, FastAPI, Python, TensorFlow, PyTorch","We are seeking an experienced AI/ML Engineer at TCS Innovation Labs in Delhi NCR (Noida). You will work closely with engineering teams to implement high-impact systems using TensorFlow, Python, SQL, Scikit-Learn, PyTorch. Expert knowledge of Scikit-Learn, SQL, LangChain, Kubernetes, FastAPI, Python, TensorFlow, PyTorch is required.",2026-08-01
JOB-1573,AI/ML Engineer,Zomato Tech,Kerala (Kochi),Onsite,Mid Level (2-5 yrs),1239028,3181314,2210171,INR,"Scikit-Learn, SQL, LangChain, MLflow, ONNX, Kubernetes, TensorFlow","We are seeking an experienced AI/ML Engineer at Zomato Tech in Kerala (Kochi). You will work closely with engineering teams to implement high-impact systems using SQL, Scikit-Learn, TensorFlow. Expert knowledge of Scikit-Learn, SQL, LangChain, MLflow, ONNX, Kubernetes, TensorFlow is required.",2026-08-08
JOB-1574,Full Stack Developer,CyberShield Tech,Delhi NCR (Noida),Remote,Senior Level (5-8 yrs),1131166,3199173,2165169,INR,"SQL, React, TailwindCSS, Python, Express","CyberShield Tech is expanding its engineering hub in Delhi NCR (Noida). We are hiring a Full Stack Developer with expertise in Python, React, SQL and proficiency in TailwindCSS, Express.",2026-06-24
JOB-1575,Full Stack Developer,Hyperion Software,Uttar Pradesh (Lucknow),Remote,Lead / Principal (8+ yrs),1523740,4450147,2986943,INR,"SQL, PostgreSQL, JavaScript, AWS, TypeScript, Node.js, Python, GraphQL, MongoDB","We are seeking an experienced Full Stack Developer at Hyperion Software in Uttar Pradesh (Lucknow). You will work closely with engineering teams to implement high-impact systems using Node.js, TypeScript, Python, JavaScript, SQL. Expert knowledge of SQL, PostgreSQL, JavaScript, AWS, TypeScript, Node.js, Python, GraphQL, MongoDB is required.",2026-07-25
JOB-1576,Full Stack Developer,QuantVantage,Madhya Pradesh (Indore),Hybrid,Entry Level (0-2 yrs),575699,1633907,1104803,INR,"Next.js, Redis, Docker, React, TailwindCSS, JavaScript, TypeScript, Node.js, Python","Join QuantVantage (Madhya Pradesh (Indore)) as a Full Stack Developer! In this role, you will lead the architecture, design, and execution of core digital products using TypeScript, JavaScript, React, Python, Node.js and Redis, TailwindCSS, Next.js, Docker.",2026-07-02
JOB-1577,Data Analyst,TCS Innovation Labs,Gujarat (Ahmedabad / GIFT City),Hybrid,Entry Level (0-2 yrs),446992,1117674,782333,INR,"Tableau, SQL, A/B Testing, Google Analytics, Python, Excel","TCS Innovation Labs is expanding its engineering hub in Gujarat (Ahmedabad / GIFT City). We are hiring a Data Analyst with expertise in Python, Excel, SQL, Tableau and proficiency in Google Analytics, A/B Testing.",2026-07-29
JOB-1578,Data Analyst,Swiggy Engineering,West Bengal (Kolkata),Onsite,Entry Level (0-2 yrs),440268,1224832,832550,INR,"Tableau, PowerBI, BigQuery, Snowflake, Python","Swiggy Engineering is expanding its engineering hub in West Bengal (Kolkata). We are hiring a Data Analyst with expertise in Python, Tableau, PowerBI and proficiency in BigQuery, Snowflake.",2026-07-16
JOB-1579,Cybersecurity Specialist,OmniCloud Systems,Tamil Nadu (Chennai),Hybrid,Entry Level (0-2 yrs),664968,1884870,1274919,INR,"SOC, Compliance, SIEM, Network Security, Python, Penetration Testing, Linux","Join OmniCloud Systems (Tamil Nadu (Chennai)) as a Cybersecurity Specialist! In this role, you will lead the architecture, design, and execution of core digital products using Python, Penetration Testing, Network Security, SIEM, Linux and SOC, Compliance.",2026-07-06
JOB-1580,Product Manager (Tech),Infosys Digital,Uttar Pradesh (Lucknow),Hybrid,Senior Level (5-8 yrs),2213642,5687341,3950491,INR,"SQL, System Architecture, Data Analytics, Product Strategy, Agile, User Research, Jira, Scrum, Roadmapping","Infosys Digital is expanding its engineering hub in Uttar Pradesh (Lucknow). We are hiring a Product Manager (Tech) with expertise in User Research, Roadmapping, Product Strategy, Agile, SQL and proficiency in System Architecture, Jira, Data Analytics, Scrum.",2026-08-15
JOB-1581,Data Engineer,HCL Tech Solutions,Maharashtra (Pune),Remote,Mid Level (2-5 yrs),995931,2808406,1902168,INR,"Docker, PostgreSQL, Spark, GCP BigQuery, Airflow","HCL Tech Solutions is expanding its engineering hub in Maharashtra (Pune). We are hiring a Data Engineer with expertise in Docker, Spark, Airflow and proficiency in GCP BigQuery, PostgreSQL.",2026-06-25
JOB-1582,Data Engineer,Hyperion Software,Karnataka (Bengaluru),Onsite,Entry Level (0-2 yrs),756531,1832527,1294529,INR,"Docker, Snowflake, Databricks, Kubernetes, PostgreSQL, Spark, Scala, Python, Airflow","Join Hyperion Software (Karnataka (Bengaluru)) as a Data Engineer! In this role, you will lead the architecture, design, and execution of core digital products using Python, Airflow, Spark, Docker, Snowflake and Scala, PostgreSQL, Kubernetes, Databricks.",2026-06-28
JOB-1583,Full Stack Developer,Zomato Tech,Punjab (Mohali / Chandigarh),Remote,Mid Level (2-5 yrs),797299,2287080,1542189,INR,"SQL, Docker, React, TailwindCSS, PostgreSQL, JavaScript, TypeScript, Express","We are seeking an experienced Full Stack Developer at Zomato Tech in Punjab (Mohali / Chandigarh). You will work closely with engineering teams to implement high-impact systems using TypeScript, React, JavaScript, SQL. Expert knowledge of SQL, Docker, React, TailwindCSS, PostgreSQL, JavaScript, TypeScript, Express is required.",2026-07-04
JOB-1584,Cybersecurity Specialist,Wipro Cloud,Kerala (Kochi),Onsite,Mid Level (2-5 yrs),869139,2524024,1696581,INR,"AWS Security, Wireshark, Incident Response, SIEM, Network Security, Penetration Testing","We are seeking an experienced Cybersecurity Specialist at Wipro Cloud in Kerala (Kochi). You will work closely with engineering teams to implement high-impact systems using SIEM, Penetration Testing, Network Security. Expert knowledge of AWS Security, Wireshark, Incident Response, SIEM, Network Security, Penetration Testing is required.",2026-07-29
JOB-1585,Full Stack Developer,Hyperion Software,Punjab (Mohali / Chandigarh),Remote,Entry Level (0-2 yrs),521430,1732628,1127029,INR,"SQL, Next.js, JavaScript, AWS, TypeScript, Node.js","We are seeking an experienced Full Stack Developer at Hyperion Software in Punjab (Mohali / Chandigarh). You will work closely with engineering teams to implement high-impact systems using TypeScript, JavaScript, SQL, Node.js. Expert knowledge of SQL, Next.js, JavaScript, AWS, TypeScript, Node.js is required.",2026-07-21
JOB-1586,Cybersecurity Specialist,Pulse Analytics,Kerala (Kochi),Hybrid,Mid Level (2-5 yrs),873672,2565659,1719665,INR,"Compliance, Firewalls, Cryptography, Network Security, Penetration Testing, Linux","Join Pulse Analytics (Kerala (Kochi)) as a Cybersecurity Specialist! In this role, you will lead the architecture, design, and execution of core digital products using Penetration Testing, Linux, Network Security and Compliance, Firewalls, Cryptography.",2026-06-25
JOB-1587,DevOps & Cloud Engineer,DataStream Corp,Delhi NCR (Noida),Hybrid,Entry Level (0-2 yrs),711294,2095408,1403351,INR,"GitLab CI, Azure, Kubernetes, CI/CD, Terraform, Bash, Linux, Prometheus","Join DataStream Corp (Delhi NCR (Noida)) as a DevOps & Cloud Engineer! In this role, you will lead the architecture, design, and execution of core digital products using Terraform, Kubernetes, Linux, CI/CD and Prometheus, GitLab CI, Azure, Bash.",2026-06-30
JOB-1588,Full Stack Developer,QuantVantage,Rajasthan (Jaipur),Onsite,Senior Level (5-8 yrs),1120000,3539682,2329841,INR,"SQL, Docker, React, JavaScript, TypeScript, Node.js, GraphQL","We are seeking an experienced Full Stack Developer at QuantVantage in Rajasthan (Jaipur). You will work closely with engineering teams to implement high-impact systems using Node.js, TypeScript, JavaScript, SQL, React. Expert knowledge of SQL, Docker, React, JavaScript, TypeScript, Node.js, GraphQL is required.",2026-08-17
JOB-1589,Cloud Architect,Vanguard AI,Karnataka (Bengaluru),Hybrid,Mid Level (2-5 yrs),1899786,5056058,3477922,INR,"IAM, Kubernetes, System Design, AWS, Terraform, Networking, Python, Microservices","Join Vanguard AI (Karnataka (Bengaluru)) as a Cloud Architect! In this role, you will lead the architecture, design, and execution of core digital products using Terraform, AWS, Python, Kubernetes and System Design, IAM, Networking, Microservices.",2026-07-07
JOB-1590,DevOps & Cloud Engineer,Vanguard AI,Delhi NCR (Noida),Hybrid,Senior Level (5-8 yrs),1423102,4117077,2770089,INR,"Docker, AWS, CI/CD, Bash, Prometheus","Join Vanguard AI (Delhi NCR (Noida)) as a DevOps & Cloud Engineer! In this role, you will lead the architecture, design, and execution of core digital products using CI/CD, AWS, Docker and Bash, Prometheus.",2026-08-08
JOB-1591,Full Stack Developer,Vanguard AI,Karnataka (Bengaluru),Onsite,Entry Level (0-2 yrs),557669,1683314,1120491,INR,"SQL, Redis, Docker, React, PostgreSQL, AWS, Node.js","Vanguard AI is expanding its engineering hub in Karnataka (Bengaluru). We are hiring a Full Stack Developer with expertise in Node.js, SQL, React and proficiency in PostgreSQL, Redis, Docker, AWS.",2026-08-17
JOB-1592,Data Analyst,DataStream Corp,West Bengal (Kolkata),Hybrid,Mid Level (2-5 yrs),546255,1678321,1112288,INR,"SQL, PowerBI, A/B Testing, R, Python, Excel","We are seeking an experienced Data Analyst at DataStream Corp in West Bengal (Kolkata). You will work closely with engineering teams to implement high-impact systems using Excel, Python, PowerBI, SQL. Expert knowledge of SQL, PowerBI, A/B Testing, R, Python, Excel is required.",2026-08-02
JOB-1593,Product Manager (Tech),Apex Systems,Telangana (Hyderabad),Hybrid,Entry Level (0-2 yrs),1088421,2803886,1946153,INR,"Growth Hacking, Product Strategy, Agile, User Research, Jira, Roadmapping","We are seeking an experienced Product Manager (Tech) at Apex Systems in Telangana (Hyderabad). You will work closely with engineering teams to implement high-impact systems using User Research, Roadmapping, Product Strategy, Agile. Expert knowledge of Growth Hacking, Product Strategy, Agile, User Research, Jira, Roadmapping is required.",2026-07-30
JOB-1594,Cloud Architect,Pulse Analytics,Remote (Global),Remote,Senior Level (5-8 yrs),2872552,6856866,4864709,INR,"Enterprise Architecture, Serverless, Azure, Cloud Security, GCP, Python, Microservices","We are seeking an experienced Cloud Architect at Pulse Analytics in Remote (Global). You will work closely with engineering teams to implement high-impact systems using Python, Cloud Security, Azure. Expert knowledge of Enterprise Architecture, Serverless, Azure, Cloud Security, GCP, Python, Microservices is required.",2026-07-14
JOB-1595,DevOps & Cloud Engineer,Wipro Cloud,Uttar Pradesh (Lucknow),Remote,Entry Level (0-2 yrs),699746,1970516,1335131,INR,"Docker, ArgoCD, Kubernetes, AWS, CI/CD, Terraform, Bash","Wipro Cloud is expanding its engineering hub in Uttar Pradesh (Lucknow). We are hiring a DevOps & Cloud Engineer with expertise in AWS, Kubernetes, CI/CD, Terraform, Docker and proficiency in ArgoCD, Bash.",2026-07-06
JOB-1596,Data Analyst,Swiggy Engineering,Punjab (Mohali / Chandigarh),Hybrid,Mid Level (2-5 yrs),623604,1481258,1052431,INR,"Tableau, SQL, PowerBI, Pandas, R, Looker, Google Analytics, Python, Excel","We are seeking an experienced Data Analyst at Swiggy Engineering in Punjab (Mohali / Chandigarh). You will work closely with engineering teams to implement high-impact systems using SQL, Excel, PowerBI, Python, Tableau. Expert knowledge of Tableau, SQL, PowerBI, Pandas, R, Looker, Google Analytics, Python, Excel is required.",2026-07-15
JOB-1597,AI/ML Engineer,Wipro Cloud,Rajasthan (Jaipur),Hybrid,Senior Level (5-8 yrs),1581526,4413528,2997527,INR,"Scikit-Learn, SQL, LangChain, Ray, Transformers, FastAPI, Python, TensorFlow, PyTorch","Wipro Cloud is expanding its engineering hub in Rajasthan (Jaipur). We are hiring a AI/ML Engineer with expertise in Python, PyTorch, Scikit-Learn, TensorFlow, SQL and proficiency in Ray, LangChain, Transformers, FastAPI.",2026-08-07
JOB-1598,AI/ML Engineer,Zomato Tech,Uttar Pradesh (Lucknow),Onsite,Senior Level (5-8 yrs),1691278,4696006,3193642,INR,"Scikit-Learn, SQL, CUDA, LangChain, Docker, MLflow, FastAPI, TensorFlow, PyTorch","Zomato Tech is expanding its engineering hub in Uttar Pradesh (Lucknow). We are hiring a AI/ML Engineer with expertise in TensorFlow, Docker, PyTorch, Scikit-Learn, SQL and proficiency in CUDA, FastAPI, LangChain, MLflow.",2026-08-11
JOB-1599,Data Analyst,TCS Innovation Labs,West Bengal (Kolkata),Remote,Senior Level (5-8 yrs),810526,2439999,1625262,INR,"SQL, A/B Testing, BigQuery, Looker, Google Analytics, Python, Excel","TCS Innovation Labs is expanding its engineering hub in West Bengal (Kolkata). We are hiring a Data Analyst with expertise in Python, SQL, Excel and proficiency in BigQuery, A/B Testing, Google Analytics, Looker.",2026-08-04
JOB-1600,Full Stack Developer,Vanguard AI,Kerala (Kochi),Hybrid,Lead / Principal (8+ yrs),1491067,4865140,3178103,INR,"Next.js, React, JavaScript, TypeScript, Node.js, Python, MongoDB","Vanguard AI is expanding its engineering hub in Kerala (Kochi). We are hiring a Full Stack Developer with expertise in JavaScript, React, TypeScript, Python, Node.js and proficiency in MongoDB, Next.js.",2026-08-14
JOB-1601,Cybersecurity Specialist,Apex Systems,Delhi NCR (Noida),Hybrid,Mid Level (2-5 yrs),836700,2589083,1712891,INR,"CISSP, Cryptography, SIEM, Network Security, Python, Penetration Testing","Join Apex Systems (Delhi NCR (Noida)) as a Cybersecurity Specialist! In this role, you will lead the architecture, design, and execution of core digital products using Python, SIEM, Network Security, Penetration Testing and Cryptography, CISSP.",2026-08-09
JOB-1602,Product Manager (Tech),Infosys Digital,Delhi NCR (Gurugram),Remote,Mid Level (2-5 yrs),1556210,3562764,2559487,INR,"SQL, System Architecture, Product Strategy, Agile, User Research, Scrum, Roadmapping","We are seeking an experienced Product Manager (Tech) at Infosys Digital in Delhi NCR (Gurugram). You will work closely with engineering teams to implement high-impact systems using Product Strategy, User Research, Agile, Roadmapping, SQL. Expert knowledge of SQL, System Architecture, Product Strategy, Agile, User Research, Scrum, Roadmapping is required.",2026-08-16
JOB-1603,Cybersecurity Specialist,HCL Tech Solutions,Uttar Pradesh (Lucknow),Onsite,Lead / Principal (8+ yrs),1626368,4434854,3030611,INR,"Firewalls, Incident Response, Python, Penetration Testing, Linux","We are seeking an experienced Cybersecurity Specialist at HCL Tech Solutions in Uttar Pradesh (Lucknow). You will work closely with engineering teams to implement high-impact systems using Penetration Testing, Python, Linux. Expert knowledge of Firewalls, Incident Response, Python, Penetration Testing, Linux is required.",2026-07-03
JOB-1604,AI/ML Engineer,TCS Innovation Labs,Gujarat (Ahmedabad / GIFT City),Remote,Mid Level (2-5 yrs),1262321,3774673,2518497,INR,"Scikit-Learn, SQL, CUDA, LangChain, Docker, Kubernetes, AWS SageMaker, Python, PyTorch","We are seeking an experienced AI/ML Engineer at TCS Innovation Labs in Gujarat (Ahmedabad / GIFT City). You will work closely with engineering teams to implement high-impact systems using SQL, Python, Docker, Scikit-Learn, PyTorch. Expert knowledge of Scikit-Learn, SQL, CUDA, LangChain, Docker, Kubernetes, AWS SageMaker, Python, PyTorch is required.",2026-08-01
JOB-1605,Cloud Architect,OmniCloud Systems,Tamil Nadu (Chennai),Remote,Entry Level (0-2 yrs),1403231,3586116,2494673,INR,"Kubernetes, Cloud Security, GCP, AWS, Terraform, Networking, Python","We are seeking an experienced Cloud Architect at OmniCloud Systems in Tamil Nadu (Chennai). You will work closely with engineering teams to implement high-impact systems using Cloud Security, Kubernetes, AWS, Terraform, Python. Expert knowledge of Kubernetes, Cloud Security, GCP, AWS, Terraform, Networking, Python is required.",2026-08-20
JOB-1606,DevOps & Cloud Engineer,TechNova India,Gujarat (Ahmedabad / GIFT City),Hybrid,Mid Level (2-5 yrs),1207968,2834713,2021340,INR,"GitLab CI, Docker, ArgoCD, Kubernetes, AWS, CI/CD, Python","Join TechNova India (Gujarat (Ahmedabad / GIFT City)) as a DevOps & Cloud Engineer! In this role, you will lead the architecture, design, and execution of core digital products using CI/CD, Kubernetes, Docker, AWS and Python, GitLab CI, ArgoCD.",2026-07-29
JOB-1607,Data Engineer,Paytm Digital,Kerala (Thiruvananthapuram),Remote,Mid Level (2-5 yrs),1019922,2900482,1960202,INR,"SQL, Snowflake, Kubernetes, GCP BigQuery, Python","We are seeking an experienced Data Engineer at Paytm Digital in Kerala (Thiruvananthapuram). You will work closely with engineering teams to implement high-impact systems using Python, Snowflake, SQL. Expert knowledge of SQL, Snowflake, Kubernetes, GCP BigQuery, Python is required.",2026-06-24
JOB-1608,Data Analyst,Paytm Digital,Kerala (Kochi),Hybrid,Senior Level (5-8 yrs),866183,2159474,1512828,INR,"Tableau, SQL, Snowflake, Looker, Python, Excel","Join Paytm Digital (Kerala (Kochi)) as a Data Analyst! In this role, you will lead the architecture, design, and execution of core digital products using Excel, Tableau, Python, SQL and Looker, Snowflake.",2026-07-23
JOB-1609,Product Manager (Tech),Nexus AI,Telangana (Hyderabad),Onsite,Mid Level (2-5 yrs),1455782,3795596,2625689,INR,"SQL, System Architecture, Product Strategy, Agile, User Research, Scrum, Roadmapping","Join Nexus AI (Telangana (Hyderabad)) as a Product Manager (Tech)! In this role, you will lead the architecture, design, and execution of core digital products using User Research, Product Strategy, Agile, SQL, Roadmapping and System Architecture, Scrum.",2026-07-07
JOB-1610,Cybersecurity Specialist,Paytm Digital,Kerala (Thiruvananthapuram),Remote,Senior Level (5-8 yrs),1314160,3659616,2486888,INR,"Compliance, AWS Security, Wireshark, Incident Response, SIEM, Network Security, Python, Penetration Testing, Linux","Paytm Digital is expanding its engineering hub in Kerala (Thiruvananthapuram). We are hiring a Cybersecurity Specialist with expertise in Python, SIEM, Penetration Testing, Linux, Network Security and proficiency in Incident Response, Compliance, Wireshark, AWS Security.",2026-06-30
JOB-1611,DevOps & Cloud Engineer,Nexus AI,Gujarat (Ahmedabad / GIFT City),Hybrid,Entry Level (0-2 yrs),833349,2041560,1437454,INR,"Kubernetes, AWS, Ansible, Terraform, Python","We are seeking an experienced DevOps & Cloud Engineer at Nexus AI in Gujarat (Ahmedabad / GIFT City). You will work closely with engineering teams to implement high-impact systems using Kubernetes, AWS, Terraform. Expert knowledge of Kubernetes, AWS, Ansible, Terraform, Python is required.",2026-08-02
JOB-1612,Product Manager (Tech),TCS Innovation Labs,Madhya Pradesh (Indore),Remote,Mid Level (2-5 yrs),1558836,3742778,2650807,INR,"Growth Hacking, Agile, Product Strategy, Scrum, Jira, A/B Testing, Roadmapping","We are seeking an experienced Product Manager (Tech) at TCS Innovation Labs in Madhya Pradesh (Indore). You will work closely with engineering teams to implement high-impact systems using Agile, Product Strategy, Roadmapping. Expert knowledge of Growth Hacking, Agile, Product Strategy, Scrum, Jira, A/B Testing, Roadmapping is required.",2026-07-07
JOB-1613,Data Engineer,Flipkart Labs,Maharashtra (Pune),Hybrid,Senior Level (5-8 yrs),1281578,3974239,2627908,INR,"SQL, Spark, dbt, AWS Redshift, Python","Join Flipkart Labs (Maharashtra (Pune)) as a Data Engineer! In this role, you will lead the architecture, design, and execution of core digital products using Python, SQL, Spark and dbt, AWS Redshift.",2026-08-11
JOB-1614,Full Stack Developer,OmniCloud Systems,Tamil Nadu (Chennai),Onsite,Mid Level (2-5 yrs),729600,2468378,1598989,INR,"SQL, Next.js, Redis, React, TypeScript, Node.js, Express, MongoDB","OmniCloud Systems is expanding its engineering hub in Tamil Nadu (Chennai). We are hiring a Full Stack Developer with expertise in Node.js, SQL, React, TypeScript and proficiency in Next.js, MongoDB, Redis, Express.",2026-07-03
JOB-1615,Full Stack Developer,Zomato Tech,Delhi NCR (Gurugram),Remote,Mid Level (2-5 yrs),763492,2204129,1483810,INR,"SQL, React, PostgreSQL, AWS, Node.js, Python, Express, MongoDB","Join Zomato Tech (Delhi NCR (Gurugram)) as a Full Stack Developer! In this role, you will lead the architecture, design, and execution of core digital products using SQL, Node.js, React, Python and MongoDB, PostgreSQL, AWS, Express.",2026-06-21
JOB-1616,Full Stack Developer,Wipro Cloud,Rajasthan (Jaipur),Onsite,Entry Level (0-2 yrs),575891,1789957,1182924,INR,"Redis, React, JavaScript, AWS, TypeScript, Python, GraphQL","We are seeking an experienced Full Stack Developer at Wipro Cloud in Rajasthan (Jaipur). You will work closely with engineering teams to implement high-impact systems using TypeScript, Python, JavaScript, React. Expert knowledge of Redis, React, JavaScript, AWS, TypeScript, Python, GraphQL is required.",2026-08-17
JOB-1617,Cloud Architect,Vanguard AI,Delhi NCR (Noida),Hybrid,Entry Level (0-2 yrs),1305572,3095544,2200558,INR,"Docker, Kubernetes, Cloud Security, System Design, Python","We are seeking an experienced Cloud Architect at Vanguard AI in Delhi NCR (Noida). You will work closely with engineering teams to implement high-impact systems using Cloud Security, Kubernetes, Python. Expert knowledge of Docker, Kubernetes, Cloud Security, System Design, Python is required.",2026-07-13
JOB-1618,AI/ML Engineer,CyberShield Tech,Delhi NCR (Noida),Onsite,Mid Level (2-5 yrs),1155499,3810456,2482977,INR,"LangChain, MLflow, AWS SageMaker, Ray, Python, TensorFlow, PyTorch","We are seeking an experienced AI/ML Engineer at CyberShield Tech in Delhi NCR (Noida). You will work closely with engineering teams to implement high-impact systems using PyTorch, TensorFlow, Python. Expert knowledge of LangChain, MLflow, AWS SageMaker, Ray, Python, TensorFlow, PyTorch is required.",2026-07-29
JOB-1619,Data Analyst,Hyperion Software,Remote (Global),Remote,Entry Level (0-2 yrs),386484,1188878,787681,INR,"Tableau, SQL, PowerBI, BigQuery, Snowflake, Google Analytics, Python","We are seeking an experienced Data Analyst at Hyperion Software in Remote (Global). You will work closely with engineering teams to implement high-impact systems using Tableau, Python, PowerBI, SQL. Expert knowledge of Tableau, SQL, PowerBI, BigQuery, Snowflake, Google Analytics, Python is required.",2026-08-19
JOB-1620,Cybersecurity Specialist,OmniCloud Systems,Maharashtra (Mumbai),Hybrid,Entry Level (0-2 yrs),657537,1999603,1328570,INR,"CISSP, SIEM, Cryptography, Network Security, Python, Penetration Testing, Linux","OmniCloud Systems is expanding its engineering hub in Maharashtra (Mumbai). We are hiring a Cybersecurity Specialist with expertise in SIEM, Network Security, Linux, Penetration Testing, Python and proficiency in CISSP, Cryptography.",2026-07-18
JOB-1621,Cloud Architect,ByteCraft Inc,Tamil Nadu (Chennai),Hybrid,Mid Level (2-5 yrs),1838962,4334344,3086653,INR,"Enterprise Architecture, Docker, Kubernetes, Cloud Security, AWS, Terraform, Networking, Python, Microservices","Join ByteCraft Inc (Tamil Nadu (Chennai)) as a Cloud Architect! In this role, you will lead the architecture, design, and execution of core digital products using Terraform, AWS, Python, Kubernetes, Cloud Security and Microservices, Enterprise Architecture, Networking, Docker.",2026-07-16
JOB-1622,Data Engineer,OmniCloud Systems,Telangana (Hyderabad),Hybrid,Mid Level (2-5 yrs),935837,2952286,1944061,INR,"SQL, Kubernetes, Spark, dbt, Kafka, Python, Airflow","Join OmniCloud Systems (Telangana (Hyderabad)) as a Data Engineer! In this role, you will lead the architecture, design, and execution of core digital products using SQL, Python, Spark, Airflow and Kubernetes, dbt, Kafka.",2026-07-21
JOB-1623,Data Analyst,ByteCraft Inc,Tamil Nadu (Chennai),Remote,Lead / Principal (8+ yrs),1112770,3033782,2073276,INR,"Tableau, SQL, A/B Testing, Statistics, Looker, Python, Excel","Join ByteCraft Inc (Tamil Nadu (Chennai)) as a Data Analyst! In this role, you will lead the architecture, design, and execution of core digital products using SQL, Tableau, Python, Excel and Looker, Statistics, A/B Testing.",2026-07-28
JOB-1624,Data Engineer,Vanguard AI,Remote (Global),Remote,Mid Level (2-5 yrs),958132,2608595,1783363,INR,"Docker, Hive, Snowflake, Spark, dbt, Kafka, Scala, Python, Airflow","Join Vanguard AI (Remote (Global)) as a Data Engineer! In this role, you will lead the architecture, design, and execution of core digital products using Python, Snowflake, Docker, Spark, Airflow and Hive, Kafka, dbt, Scala.",2026-06-27
JOB-1625,Data Engineer,HCL Tech Solutions,Rajasthan (Jaipur),Hybrid,Senior Level (5-8 yrs),1516888,4251232,2884060,INR,"Docker, Snowflake, PostgreSQL, dbt, Python, Airflow","Join HCL Tech Solutions (Rajasthan (Jaipur)) as a Data Engineer! In this role, you will lead the architecture, design, and execution of core digital products using Airflow, Docker, Snowflake, Python and PostgreSQL, dbt.",2026-08-08
JOB-1626,Cybersecurity Specialist,QuantVantage,Maharashtra (Pune),Hybrid,Mid Level (2-5 yrs),838033,2584383,1711208,INR,"Compliance, AWS Security, Wireshark, SIEM, Network Security, Python, Penetration Testing, Linux","QuantVantage is expanding its engineering hub in Maharashtra (Pune). We are hiring a Cybersecurity Specialist with expertise in SIEM, Python, Linux, Penetration Testing, Network Security and proficiency in Compliance, Wireshark, AWS Security.",2026-08-07
JOB-1627,Cloud Architect,Flipkart Labs,Maharashtra (Mumbai),Onsite,Senior Level (5-8 yrs),3006091,7328354,5167222,INR,"Kubernetes, Cloud Security, GCP, Terraform, Microservices","Flipkart Labs is expanding its engineering hub in Maharashtra (Mumbai). We are hiring a Cloud Architect with expertise in Cloud Security, Terraform, Kubernetes and proficiency in GCP, Microservices.",2026-07-24
JOB-1628,Data Analyst,Apex Systems,Delhi NCR (Gurugram),Remote,Entry Level (0-2 yrs),393462,1020038,706750,INR,"Tableau, SQL, BigQuery, Statistics, Looker, Python, Excel","Join Apex Systems (Delhi NCR (Gurugram)) as a Data Analyst! In this role, you will lead the architecture, design, and execution of core digital products using Excel, SQL, Python, Tableau and Statistics, BigQuery, Looker.",2026-07-30
JOB-1629,Data Analyst,Infosys Digital,Delhi NCR (Noida),Hybrid,Lead / Principal (8+ yrs),1123521,3193117,2158319,INR,"Tableau, PowerBI, A/B Testing, Snowflake, R, Python, Excel","We are seeking an experienced Data Analyst at Infosys Digital in Delhi NCR (Noida). You will work closely with engineering teams to implement high-impact systems using Excel, Python, Tableau, PowerBI. Expert knowledge of Tableau, PowerBI, A/B Testing, Snowflake, R, Python, Excel is required.",2026-08-16
JOB-1630,Full Stack Developer,QuantVantage,Kerala (Thiruvananthapuram),Remote,Entry Level (0-2 yrs),504411,1663387,1083899,INR,"React, TailwindCSS, JavaScript, AWS, TypeScript, Node.js, GraphQL, MongoDB","We are seeking an experienced Full Stack Developer at QuantVantage in Kerala (Thiruvananthapuram). You will work closely with engineering teams to implement high-impact systems using TypeScript, Node.js, React, JavaScript. Expert knowledge of React, TailwindCSS, JavaScript, AWS, TypeScript, Node.js, GraphQL, MongoDB is required.",2026-07-11
JOB-1631,Product Manager (Tech),Flipkart Labs,Telangana (Hyderabad),Remote,Mid Level (2-5 yrs),1635713,4158525,2897119,INR,"SQL, System Architecture, Data Analytics, Product Strategy, User Research, A/B Testing","Flipkart Labs is expanding its engineering hub in Telangana (Hyderabad). We are hiring a Product Manager (Tech) with expertise in SQL, Product Strategy, User Research and proficiency in A/B Testing, Data Analytics, System Architecture.",2026-08-20
JOB-1632,Cloud Architect,Pulse Analytics,Karnataka (Bengaluru),Hybrid,Senior Level (5-8 yrs),2758475,7357150,5057812,INR,"Serverless, IAM, Azure, Kubernetes, Cloud Security, AWS, Terraform, Networking","Join Pulse Analytics (Karnataka (Bengaluru)) as a Cloud Architect! In this role, you will lead the architecture, design, and execution of core digital products using AWS, Terraform, Kubernetes, Azure, Cloud Security and IAM, Serverless, Networking.",2026-08-13
JOB-1633,Full Stack Developer,ByteCraft Inc,Madhya Pradesh (Indore),Hybrid,Entry Level (0-2 yrs),609044,1816376,1212710,INR,"SQL, React, TailwindCSS, AWS, TypeScript, Node.js, Python, GraphQL, MongoDB","We are seeking an experienced Full Stack Developer at ByteCraft Inc in Madhya Pradesh (Indore). You will work closely with engineering teams to implement high-impact systems using TypeScript, Python, Node.js, SQL, React. Expert knowledge of SQL, React, TailwindCSS, AWS, TypeScript, Node.js, Python, GraphQL, MongoDB is required.",2026-08-15
JOB-1634,Data Engineer,Nexus AI,Karnataka (Bengaluru),Onsite,Lead / Principal (8+ yrs),1980130,4881498,3430814,INR,"Snowflake, Kubernetes, PostgreSQL, Scala, Kafka, Python, Airflow","Join Nexus AI (Karnataka (Bengaluru)) as a Data Engineer! In this role, you will lead the architecture, design, and execution of core digital products using Airflow, Snowflake, Python and Scala, Kafka, Kubernetes, PostgreSQL.",2026-07-16
JOB-1635,Cybersecurity Specialist,DataStream Corp,Delhi NCR (Noida),Hybrid,Lead / Principal (8+ yrs),1573070,4601827,3087448,INR,"SOC, SIEM, Cryptography, Python, Penetration Testing, Linux","DataStream Corp is expanding its engineering hub in Delhi NCR (Noida). We are hiring a Cybersecurity Specialist with expertise in SIEM, Penetration Testing, Linux, Python and proficiency in SOC, Cryptography.",2026-08-04
JOB-1636,Data Analyst,Vanguard AI,Gujarat (Ahmedabad / GIFT City),Remote,Lead / Principal (8+ yrs),1211933,3251754,2231843,INR,"Tableau, SQL, PowerBI, Pandas, BigQuery, Looker, Excel","We are seeking an experienced Data Analyst at Vanguard AI in Gujarat (Ahmedabad / GIFT City). You will work closely with engineering teams to implement high-impact systems using SQL, PowerBI, Excel, Tableau. Expert knowledge of Tableau, SQL, PowerBI, Pandas, BigQuery, Looker, Excel is required.",2026-07-16
JOB-1637,Cybersecurity Specialist,Wipro Cloud,Rajasthan (Jaipur),Remote,Senior Level (5-8 yrs),1244225,3348492,2296358,INR,"SOC, AWS Security, Firewalls, SIEM, Network Security, Python, Penetration Testing, Linux","We are seeking an experienced Cybersecurity Specialist at Wipro Cloud in Rajasthan (Jaipur). You will work closely with engineering teams to implement high-impact systems using SIEM, Python, Linux, Penetration Testing, Network Security. Expert knowledge of SOC, AWS Security, Firewalls, SIEM, Network Security, Python, Penetration Testing, Linux is required.",2026-07-19
JOB-1638,Data Engineer,Flipkart Labs,Rajasthan (Jaipur),Onsite,Lead / Principal (8+ yrs),1897690,5276646,3587168,INR,"SQL, Docker, Snowflake, Spark, Kafka, GCP BigQuery, Python","We are seeking an experienced Data Engineer at Flipkart Labs in Rajasthan (Jaipur). You will work closely with engineering teams to implement high-impact systems using SQL, Spark, Docker, Python, Snowflake. Expert knowledge of SQL, Docker, Snowflake, Spark, Kafka, GCP BigQuery, Python is required.",2026-07-12
JOB-1639,Data Engineer,Flipkart Labs,Rajasthan (Jaipur),Remote,Senior Level (5-8 yrs),1314272,4186918,2750595,INR,"SQL, Databricks, Spark, AWS Redshift, Airflow","Flipkart Labs is expanding its engineering hub in Rajasthan (Jaipur). We are hiring a Data Engineer with expertise in Airflow, Spark, SQL and proficiency in AWS Redshift, Databricks.",2026-07-02
JOB-1640,Cybersecurity Specialist,Apex Systems,Maharashtra (Mumbai),Hybrid,Entry Level (0-2 yrs),602590,1963636,1283113,INR,"Compliance, Wireshark, Firewalls, SIEM, Network Security, Penetration Testing","We are seeking an experienced Cybersecurity Specialist at Apex Systems in Maharashtra (Mumbai). You will work closely with engineering teams to implement high-impact systems using Network Security, Penetration Testing, SIEM. Expert knowledge of Compliance, Wireshark, Firewalls, SIEM, Network Security, Penetration Testing is required.",2026-08-16
JOB-1641,Product Manager (Tech),Pulse Analytics,Delhi NCR (Noida),Hybrid,Entry Level (0-2 yrs),1131839,2731049,1931444,INR,"SQL, Agile, Product Strategy, Jira, Scrum, A/B Testing, Figma","Join Pulse Analytics (Delhi NCR (Noida)) as a Product Manager (Tech)! In this role, you will lead the architecture, design, and execution of core digital products using SQL, Agile, Product Strategy and Jira, A/B Testing, Scrum, Figma.",2026-06-30
JOB-1642,Full Stack Developer,Infosys Digital,Kerala (Kochi),Remote,Lead / Principal (8+ yrs),1486437,4221996,2854216,INR,"SQL, Next.js, JavaScript, AWS, TypeScript, Node.js, Python, Express","We are seeking an experienced Full Stack Developer at Infosys Digital in Kerala (Kochi). You will work closely with engineering teams to implement high-impact systems using Python, SQL, JavaScript, Node.js, TypeScript. Expert knowledge of SQL, Next.js, JavaScript, AWS, TypeScript, Node.js, Python, Express is required.",2026-08-08
JOB-1643,AI/ML Engineer,Swiggy Engineering,Karnataka (Bengaluru),Onsite,Mid Level (2-5 yrs),1113255,3208409,2160832,INR,"MLflow, ONNX, Python, TensorFlow, PyTorch","Swiggy Engineering is expanding its engineering hub in Karnataka (Bengaluru). We are hiring a AI/ML Engineer with expertise in PyTorch, TensorFlow, Python and proficiency in MLflow, ONNX.",2026-06-21
JOB-1644,Full Stack Developer,Apex Systems,West Bengal (Kolkata),Hybrid,Entry Level (0-2 yrs),609990,1821908,1215949,INR,"SQL, React, TailwindCSS, AWS, Python, MongoDB","Join Apex Systems (West Bengal (Kolkata)) as a Full Stack Developer! In this role, you will lead the architecture, design, and execution of core digital products using React, Python, SQL and AWS, TailwindCSS, MongoDB.",2026-08-09
JOB-1645,DevOps & Cloud Engineer,Apex Systems,Rajasthan (Jaipur),Remote,Mid Level (2-5 yrs),1154357,3189535,2171946,INR,"GitLab CI, Docker, Grafana, Kubernetes, GCP, AWS, CI/CD, Terraform","Apex Systems is expanding its engineering hub in Rajasthan (Jaipur). We are hiring a DevOps & Cloud Engineer with expertise in Kubernetes, Docker, AWS, CI/CD, Terraform and proficiency in GitLab CI, GCP, Grafana.",2026-08-14
JOB-1646,Cybersecurity Specialist,Vanguard AI,Delhi NCR (Noida),Onsite,Mid Level (2-5 yrs),873405,2355568,1614486,INR,"SOC, AWS Security, CISSP, SIEM, Cryptography, Network Security, Python, Penetration Testing, Linux","We are seeking an experienced Cybersecurity Specialist at Vanguard AI in Delhi NCR (Noida). You will work closely with engineering teams to implement high-impact systems using Network Security, SIEM, Penetration Testing, Linux, Python. Expert knowledge of SOC, AWS Security, CISSP, SIEM, Cryptography, Network Security, Python, Penetration Testing, Linux is required.",2026-06-30
JOB-1647,Cloud Architect,Vanguard AI,Delhi NCR (Gurugram),Hybrid,Mid Level (2-5 yrs),1803853,4980760,3392306,INR,"IAM, Kubernetes, Cloud Security, GCP, Python","Vanguard AI is expanding its engineering hub in Delhi NCR (Gurugram). We are hiring a Cloud Architect with expertise in Python, Cloud Security, Kubernetes and proficiency in IAM, GCP.",2026-07-30
JOB-1648,DevOps & Cloud Engineer,ByteCraft Inc,Kerala (Thiruvananthapuram),Remote,Mid Level (2-5 yrs),1147578,3267762,2207670,INR,"Grafana, Docker, Kubernetes, AWS, CI/CD, Python","ByteCraft Inc is expanding its engineering hub in Kerala (Thiruvananthapuram). We are hiring a DevOps & Cloud Engineer with expertise in Kubernetes, AWS, Docker, CI/CD and proficiency in Python, Grafana.",2026-08-16
JOB-1649,Cybersecurity Specialist,Vanguard AI,Kerala (Thiruvananthapuram),Hybrid,Entry Level (0-2 yrs),624050,1856920,1240485,INR,"Compliance, Wireshark, SIEM, Cryptography, Network Security, Penetration Testing","Vanguard AI is expanding its engineering hub in Kerala (Thiruvananthapuram). We are hiring a Cybersecurity Specialist with expertise in SIEM, Penetration Testing, Network Security and proficiency in Cryptography, Wireshark, Compliance.",2026-07-27
JOB-1650,DevOps & Cloud Engineer,Flipkart Labs,Karnataka (Bengaluru),Hybrid,Entry Level (0-2 yrs),744958,1896834,1320896,INR,"Docker, ArgoCD, Kubernetes, CI/CD, Ansible, Terraform, Linux","Join Flipkart Labs (Karnataka (Bengaluru)) as a DevOps & Cloud Engineer! In this role, you will lead the architecture, design, and execution of core digital products using Linux, Terraform, Kubernetes, CI/CD, Docker and ArgoCD, Ansible.",2026-08-14
JOB-1651,Cybersecurity Specialist,CyberShield Tech,West Bengal (Kolkata),Hybrid,Senior Level (5-8 yrs),1258320,3742718,2500519,INR,"SOC, AWS Security, Incident Response, Network Security, Python, Penetration Testing, Linux","We are seeking an experienced Cybersecurity Specialist at CyberShield Tech in West Bengal (Kolkata). You will work closely with engineering teams to implement high-impact systems using Network Security, Linux, Python, Penetration Testing. Expert knowledge of SOC, AWS Security, Incident Response, Network Security, Python, Penetration Testing, Linux is required.",2026-06-28
JOB-1652,Cloud Architect,Paytm Digital,Telangana (Hyderabad),Remote,Mid Level (2-5 yrs),1876463,5186185,3531324,INR,"Serverless, Azure, Cloud Security, GCP, AWS, Enterprise Architecture, Microservices","Join Paytm Digital (Telangana (Hyderabad)) as a Cloud Architect! In this role, you will lead the architecture, design, and execution of core digital products using Azure, AWS, Cloud Security and Serverless, Microservices, Enterprise Architecture, GCP.",2026-06-29
JOB-1653,AI/ML Engineer,CloudScale Labs,West Bengal (Kolkata),Remote,Entry Level (0-2 yrs),911376,2490892,1701134,INR,"Scikit-Learn, SQL, CUDA, ONNX, Ray, Transformers, Python, TensorFlow","We are seeking an experienced AI/ML Engineer at CloudScale Labs in West Bengal (Kolkata). You will work closely with engineering teams to implement high-impact systems using Python, TensorFlow, SQL, Scikit-Learn. Expert knowledge of Scikit-Learn, SQL, CUDA, ONNX, Ray, Transformers, Python, TensorFlow is required.",2026-08-12
JOB-1654,Cloud Architect,TCS Innovation Labs,Madhya Pradesh (Indore),Onsite,Mid Level (2-5 yrs),1928764,5021629,3475196,INR,"Enterprise Architecture, Docker, IAM, Azure, Kubernetes, System Design, Python","We are seeking an experienced Cloud Architect at TCS Innovation Labs in Madhya Pradesh (Indore). You will work closely with engineering teams to implement high-impact systems using Kubernetes, Python, Azure. Expert knowledge of Enterprise Architecture, Docker, IAM, Azure, Kubernetes, System Design, Python is required.",2026-08-15
JOB-1655,Data Analyst,CyberShield Tech,Maharashtra (Pune),Hybrid,Mid Level (2-5 yrs),620459,1589808,1105133,INR,"SQL, Pandas, A/B Testing, R, Python, Excel","Join CyberShield Tech (Maharashtra (Pune)) as a Data Analyst! In this role, you will lead the architecture, design, and execution of core digital products using Python, SQL, Excel and R, Pandas, A/B Testing.",2026-08-08
JOB-1656,Product Manager (Tech),DataStream Corp,Kerala (Thiruvananthapuram),Remote,Senior Level (5-8 yrs),2051941,5269387,3660664,INR,"SQL, Data Analytics, Growth Hacking, Product Strategy, Agile, User Research, Jira, A/B Testing, Roadmapping","DataStream Corp is expanding its engineering hub in Kerala (Thiruvananthapuram). We are hiring a Product Manager (Tech) with expertise in Roadmapping, User Research, Product Strategy, SQL, Agile and proficiency in Jira, A/B Testing, Growth Hacking, Data Analytics.",2026-07-19
JOB-1657,DevOps & Cloud Engineer,Hyperion Software,Delhi NCR (Noida),Remote,Mid Level (2-5 yrs),1153905,2844337,1999121,INR,"GitLab CI, Kubernetes, CI/CD, Python, Linux","Join Hyperion Software (Delhi NCR (Noida)) as a DevOps & Cloud Engineer! In this role, you will lead the architecture, design, and execution of core digital products using CI/CD, Kubernetes, Linux and GitLab CI, Python.",2026-08-09
JOB-1658,Data Analyst,TechNova India,Remote (India),Remote,Senior Level (5-8 yrs),822683,2209020,1515851,INR,"Tableau, SQL, PowerBI, Pandas, Snowflake, A/B Testing, Excel","Join TechNova India (Remote (India)) as a Data Analyst! In this role, you will lead the architecture, design, and execution of core digital products using Tableau, PowerBI, SQL, Excel and Snowflake, Pandas, A/B Testing.",2026-08-17
JOB-1659,Product Manager (Tech),Apex Systems,Punjab (Mohali / Chandigarh),Remote,Entry Level (0-2 yrs),1056208,2656603,1856405,INR,"SQL, Data Analytics, Product Strategy, Agile, Figma, A/B Testing, Roadmapping","Join Apex Systems (Punjab (Mohali / Chandigarh)) as a Product Manager (Tech)! In this role, you will lead the architecture, design, and execution of core digital products using SQL, Product Strategy, Roadmapping, Agile and A/B Testing, Figma, Data Analytics.",2026-08-14
JOB-1660,AI/ML Engineer,HCL Tech Solutions,Telangana (Hyderabad),Remote,Entry Level (0-2 yrs),802277,2637474,1719875,INR,"LangChain, SQL, CUDA, TensorFlow, PyTorch","HCL Tech Solutions is expanding its engineering hub in Telangana (Hyderabad). We are hiring a AI/ML Engineer with expertise in SQL, TensorFlow, PyTorch and proficiency in LangChain, CUDA.",2026-07-06
JOB-1661,Cybersecurity Specialist,Hyperion Software,Rajasthan (Jaipur),Remote,Mid Level (2-5 yrs),861836,2341615,1601725,INR,"SOC, AWS Security, Compliance, SIEM, Network Security, Python, Penetration Testing, Linux","We are seeking an experienced Cybersecurity Specialist at Hyperion Software in Rajasthan (Jaipur). You will work closely with engineering teams to implement high-impact systems using Linux, SIEM, Network Security, Penetration Testing, Python. Expert knowledge of SOC, AWS Security, Compliance, SIEM, Network Security, Python, Penetration Testing, Linux is required.",2026-07-19
JOB-1662,Product Manager (Tech),CyberShield Tech,Gujarat (Ahmedabad / GIFT City),Remote,Mid Level (2-5 yrs),1478376,3435828,2457102,INR,"SQL, Product Strategy, Jira, Scrum, A/B Testing, Roadmapping","Join CyberShield Tech (Gujarat (Ahmedabad / GIFT City)) as a Product Manager (Tech)! In this role, you will lead the architecture, design, and execution of core digital products using Product Strategy, Roadmapping, SQL and A/B Testing, Jira, Scrum.",2026-06-25
JOB-1663,Data Engineer,Infosys Digital,Karnataka (Bengaluru),Onsite,Mid Level (2-5 yrs),903478,2900825,1902151,INR,"Docker, Snowflake, dbt, Kafka, GCP BigQuery, Python, Airflow","Join Infosys Digital (Karnataka (Bengaluru)) as a Data Engineer! In this role, you will lead the architecture, design, and execution of core digital products using Snowflake, Python, Airflow, Docker and dbt, Kafka, GCP BigQuery.",2026-06-28
JOB-1664,DevOps & Cloud Engineer,Zomato Tech,Remote (Global),Remote,Entry Level (0-2 yrs),747020,2119200,1433110,INR,"GitLab CI, ArgoCD, Azure, Kubernetes, CI/CD, Linux, Prometheus","Zomato Tech is expanding its engineering hub in Remote (Global). We are hiring a DevOps & Cloud Engineer with expertise in Linux, CI/CD, Kubernetes and proficiency in Azure, GitLab CI, Prometheus, ArgoCD.",2026-07-20
JOB-1665,Data Analyst,Pulse Analytics,Uttar Pradesh (Lucknow),Remote,Senior Level (5-8 yrs),866773,2079451,1473112,INR,"Tableau, SQL, Pandas, Snowflake, R, Statistics, Python, Excel","Join Pulse Analytics (Uttar Pradesh (Lucknow)) as a Data Analyst! In this role, you will lead the architecture, design, and execution of core digital products using Tableau, Excel, SQL, Python and R, Pandas, Statistics, Snowflake.",2026-08-19
JOB-1666,DevOps & Cloud Engineer,Flipkart Labs,Madhya Pradesh (Indore),Hybrid,Mid Level (2-5 yrs),1028489,3246196,2137342,INR,"GitLab CI, Docker, Grafana, ArgoCD, Terraform, Linux","Join Flipkart Labs (Madhya Pradesh (Indore)) as a DevOps & Cloud Engineer! In this role, you will lead the architecture, design, and execution of core digital products using Docker, Terraform, Linux and ArgoCD, GitLab CI, Grafana.",2026-06-25
JOB-1667,Cloud Architect,Hyperion Software,Madhya Pradesh (Indore),Hybrid,Mid Level (2-5 yrs),2187261,5080646,3633953,INR,"Serverless, Docker, Kubernetes, Cloud Security, Networking, Python, Microservices","Join Hyperion Software (Madhya Pradesh (Indore)) as a Cloud Architect! In this role, you will lead the architecture, design, and execution of core digital products using Kubernetes, Python, Cloud Security and Microservices, Docker, Serverless, Networking.",2026-08-13
JOB-1668,AI/ML Engineer,OmniCloud Systems,Tamil Nadu (Chennai),Hybrid,Senior Level (5-8 yrs),1664496,4622978,3143737,INR,"Scikit-Learn, SQL, CUDA, MLflow, Docker, Transformers, TensorFlow, PyTorch","OmniCloud Systems is expanding its engineering hub in Tamil Nadu (Chennai). We are hiring a AI/ML Engineer with expertise in TensorFlow, SQL, PyTorch, Scikit-Learn, Docker and proficiency in CUDA, Transformers, MLflow.",2026-08-13
JOB-1669,AI/ML Engineer,OmniCloud Systems,Kerala (Kochi),Remote,Mid Level (2-5 yrs),1251167,3249850,2250508,INR,"SQL, LangChain, MLflow, Docker, FastAPI, Python, TensorFlow, PyTorch","OmniCloud Systems is expanding its engineering hub in Kerala (Kochi). We are hiring a AI/ML Engineer with expertise in Python, Docker, TensorFlow, SQL, PyTorch and proficiency in LangChain, FastAPI, MLflow.",2026-08-08
JOB-1670,Cybersecurity Specialist,Flipkart Labs,Maharashtra (Pune),Hybrid,Mid Level (2-5 yrs),975634,2650460,1813047,INR,"Wireshark, CISSP, Cryptography, SIEM, Python, Penetration Testing, Linux","We are seeking an experienced Cybersecurity Specialist at Flipkart Labs in Maharashtra (Pune). You will work closely with engineering teams to implement high-impact systems using Linux, Python, Penetration Testing, SIEM. Expert knowledge of Wireshark, CISSP, Cryptography, SIEM, Python, Penetration Testing, Linux is required.",2026-07-15
JOB-1671,Cybersecurity Specialist,QuantVantage,Tamil Nadu (Chennai),Onsite,Senior Level (5-8 yrs),1276799,3733416,2505107,INR,"AWS Security, Wireshark, CISSP, SIEM, Network Security, Python, Linux","QuantVantage is expanding its engineering hub in Tamil Nadu (Chennai). We are hiring a Cybersecurity Specialist with expertise in Python, SIEM, Linux, Network Security and proficiency in AWS Security, Wireshark, CISSP.",2026-08-09
JOB-1672,Cybersecurity Specialist,Vanguard AI,Telangana (Hyderabad),Remote,Mid Level (2-5 yrs),814981,2630632,1722806,INR,"Compliance, Incident Response, SIEM, Cryptography, Network Security, Python, Penetration Testing, Linux","Join Vanguard AI (Telangana (Hyderabad)) as a Cybersecurity Specialist! In this role, you will lead the architecture, design, and execution of core digital products using Linux, Penetration Testing, Python, SIEM, Network Security and Cryptography, Incident Response, Compliance.",2026-08-15
JOB-1673,Full Stack Developer,Paytm Digital,Kerala (Kochi),Remote,Mid Level (2-5 yrs),720952,2547590,1634271,INR,"Docker, React, TailwindCSS, JavaScript, TypeScript, Python, GraphQL","Paytm Digital is expanding its engineering hub in Kerala (Kochi). We are hiring a Full Stack Developer with expertise in TypeScript, Python, React, JavaScript and proficiency in Docker, TailwindCSS, GraphQL.",2026-07-22
JOB-1674,AI/ML Engineer,Nexus AI,Maharashtra (Mumbai),Hybrid,Senior Level (5-8 yrs),1708431,4910604,3309517,INR,"SQL, LangChain, MLflow, Docker, ONNX, AWS SageMaker, Python, TensorFlow, PyTorch","Nexus AI is expanding its engineering hub in Maharashtra (Mumbai). We are hiring a AI/ML Engineer with expertise in Python, TensorFlow, Docker, PyTorch, SQL and proficiency in ONNX, MLflow, AWS SageMaker, LangChain.",2026-08-17
JOB-1675,DevOps & Cloud Engineer,Zomato Tech,Tamil Nadu (Chennai),Onsite,Senior Level (5-8 yrs),1578088,3948587,2763337,INR,"Grafana, Docker, GCP, AWS, CI/CD, Ansible, Terraform, Prometheus","We are seeking an experienced DevOps & Cloud Engineer at Zomato Tech in Tamil Nadu (Chennai). You will work closely with engineering teams to implement high-impact systems using Docker, CI/CD, AWS, Terraform. Expert knowledge of Grafana, Docker, GCP, AWS, CI/CD, Ansible, Terraform, Prometheus is required.",2026-08-20
JOB-1676,Full Stack Developer,Paytm Digital,Telangana (Hyderabad),Onsite,Entry Level (0-2 yrs),537591,1674529,1106060,INR,"SQL, Next.js, Redis, TailwindCSS, JavaScript, AWS, Node.js","We are seeking an experienced Full Stack Developer at Paytm Digital in Telangana (Hyderabad). You will work closely with engineering teams to implement high-impact systems using JavaScript, Node.js, SQL. Expert knowledge of SQL, Next.js, Redis, TailwindCSS, JavaScript, AWS, Node.js is required.",2026-06-29
JOB-1677,DevOps & Cloud Engineer,Swiggy Engineering,West Bengal (Kolkata),Onsite,Senior Level (5-8 yrs),1438598,4402998,2920798,INR,"Kubernetes, AWS, CI/CD, Terraform, Bash, Linux, Prometheus","Swiggy Engineering is expanding its engineering hub in West Bengal (Kolkata). We are hiring a DevOps & Cloud Engineer with expertise in AWS, Linux, Terraform, CI/CD, Kubernetes and proficiency in Bash, Prometheus.",2026-08-08
JOB-1678,Product Manager (Tech),OmniCloud Systems,Kerala (Kochi),Hybrid,Senior Level (5-8 yrs),2065096,5240022,3652559,INR,"SQL, Growth Hacking, Product Strategy, Agile, User Research, Jira, Scrum, Roadmapping","We are seeking an experienced Product Manager (Tech) at OmniCloud Systems in Kerala (Kochi). You will work closely with engineering teams to implement high-impact systems using SQL, User Research, Roadmapping, Product Strategy, Agile. Expert knowledge of SQL, Growth Hacking, Product Strategy, Agile, User Research, Jira, Scrum, Roadmapping is required.",2026-08-02
JOB-1679,Product Manager (Tech),DataStream Corp,Rajasthan (Jaipur),Remote,Mid Level (2-5 yrs),1433071,4166132,2799601,INR,"SQL, Growth Hacking, Agile, Scrum, A/B Testing, Roadmapping","Join DataStream Corp (Rajasthan (Jaipur)) as a Product Manager (Tech)! In this role, you will lead the architecture, design, and execution of core digital products using Roadmapping, SQL, Agile and A/B Testing, Scrum, Growth Hacking.",2026-07-19
JOB-1680,DevOps & Cloud Engineer,Pulse Analytics,Remote (Global),Remote,Mid Level (2-5 yrs),1051234,3157564,2104399,INR,"GitLab CI, Docker, ArgoCD, Azure, Kubernetes, CI/CD, Python","Join Pulse Analytics (Remote (Global)) as a DevOps & Cloud Engineer! In this role, you will lead the architecture, design, and execution of core digital products using Docker, CI/CD, Kubernetes and Azure, GitLab CI, ArgoCD, Python.",2026-06-22
JOB-1681,Cybersecurity Specialist,Nexus AI,Remote (India),Remote,Mid Level (2-5 yrs),981935,2521009,1751472,INR,"SOC, AWS Security, SIEM, Python, Penetration Testing, Linux","Nexus AI is expanding its engineering hub in Remote (India). We are hiring a Cybersecurity Specialist with expertise in Penetration Testing, Python, Linux, SIEM and proficiency in SOC, AWS Security.",2026-06-28
JOB-1682,Cybersecurity Specialist,Nexus AI,Maharashtra (Mumbai),Remote,Senior Level (5-8 yrs),1254056,3829213,2541634,INR,"SOC, Compliance, Network Security, Python, Linux","Nexus AI is expanding its engineering hub in Maharashtra (Mumbai). We are hiring a Cybersecurity Specialist with expertise in Python, Network Security, Linux and proficiency in Compliance, SOC.",2026-07-01
JOB-1683,DevOps & Cloud Engineer,DataStream Corp,Delhi NCR (Gurugram),Onsite,Senior Level (5-8 yrs),1621112,4289487,2955299,INR,"GitLab CI, Kubernetes, AWS, CI/CD, Python, Linux","We are seeking an experienced DevOps & Cloud Engineer at DataStream Corp in Delhi NCR (Gurugram). You will work closely with engineering teams to implement high-impact systems using Linux, CI/CD, Kubernetes, AWS. Expert knowledge of GitLab CI, Kubernetes, AWS, CI/CD, Python, Linux is required.",2026-06-22
JOB-1684,Full Stack Developer,QuantVantage,Telangana (Hyderabad),Onsite,Mid Level (2-5 yrs),790002,2297322,1543662,INR,"SQL, AWS, TypeScript, Python, MongoDB","We are seeking an experienced Full Stack Developer at QuantVantage in Telangana (Hyderabad). You will work closely with engineering teams to implement high-impact systems using SQL, Python, TypeScript. Expert knowledge of SQL, AWS, TypeScript, Python, MongoDB is required.",2026-07-04
JOB-1685,Full Stack Developer,Vanguard AI,Remote (Global),Remote,Senior Level (5-8 yrs),1208097,3265624,2236860,INR,"SQL, Next.js, Redis, PostgreSQL, JavaScript, Python, Express","Join Vanguard AI (Remote (Global)) as a Full Stack Developer! In this role, you will lead the architecture, design, and execution of core digital products using JavaScript, Python, SQL and Express, PostgreSQL, Next.js, Redis.",2026-07-15
JOB-1686,Data Engineer,QuantVantage,Delhi NCR (Gurugram),Onsite,Senior Level (5-8 yrs),1511931,4197082,2854506,INR,"Docker, Snowflake, Databricks, Kubernetes, PostgreSQL, Spark, Scala, Python, Airflow","We are seeking an experienced Data Engineer at QuantVantage in Delhi NCR (Gurugram). You will work closely with engineering teams to implement high-impact systems using Docker, Snowflake, Airflow, Python, Spark. Expert knowledge of Docker, Snowflake, Databricks, Kubernetes, PostgreSQL, Spark, Scala, Python, Airflow is required.",2026-07-23
JOB-1687,Cybersecurity Specialist,Hyperion Software,Maharashtra (Pune),Onsite,Entry Level (0-2 yrs),595226,1980384,1287805,INR,"SOC, Wireshark, SIEM, Network Security, Python, Penetration Testing, Linux","Join Hyperion Software (Maharashtra (Pune)) as a Cybersecurity Specialist! In this role, you will lead the architecture, design, and execution of core digital products using Linux, Network Security, SIEM, Python, Penetration Testing and SOC, Wireshark.",2026-07-27
JOB-1688,Cloud Architect,Nexus AI,Delhi NCR (Gurugram),Hybrid,Entry Level (0-2 yrs),1442904,3045688,2244296,INR,"Docker, Azure, Kubernetes, Cloud Security, System Design, AWS, Networking, Python, Microservices","Join Nexus AI (Delhi NCR (Gurugram)) as a Cloud Architect! In this role, you will lead the architecture, design, and execution of core digital products using Azure, Kubernetes, Cloud Security, Python, AWS and Microservices, Networking, Docker, System Design.",2026-08-04
JOB-1689,DevOps & Cloud Engineer,QuantVantage,Maharashtra (Mumbai),Remote,Mid Level (2-5 yrs),1121592,3067459,2094525,INR,"Docker, ArgoCD, Azure, Kubernetes, AWS, Ansible, Terraform, Linux, Prometheus","We are seeking an experienced DevOps & Cloud Engineer at QuantVantage in Maharashtra (Mumbai). You will work closely with engineering teams to implement high-impact systems using Kubernetes, Linux, Docker, Terraform, AWS. Expert knowledge of Docker, ArgoCD, Azure, Kubernetes, AWS, Ansible, Terraform, Linux, Prometheus is required.",2026-06-25
JOB-1690,Product Manager (Tech),TCS Innovation Labs,West Bengal (Kolkata),Onsite,Entry Level (0-2 yrs),1109123,2860271,1984697,INR,"SQL, System Architecture, Data Analytics, Product Strategy, User Research, Scrum","We are seeking an experienced Product Manager (Tech) at TCS Innovation Labs in West Bengal (Kolkata). You will work closely with engineering teams to implement high-impact systems using SQL, Product Strategy, User Research. Expert knowledge of SQL, System Architecture, Data Analytics, Product Strategy, User Research, Scrum is required.",2026-08-19
JOB-1691,AI/ML Engineer,TechNova India,Delhi NCR (Noida),Onsite,Senior Level (5-8 yrs),1747649,4948554,3348101,INR,"Scikit-Learn, SQL, Docker, Kubernetes, Ray, FastAPI, Python","We are seeking an experienced AI/ML Engineer at TechNova India in Delhi NCR (Noida). You will work closely with engineering teams to implement high-impact systems using Docker, Python, Scikit-Learn, SQL. Expert knowledge of Scikit-Learn, SQL, Docker, Kubernetes, Ray, FastAPI, Python is required.",2026-07-23
JOB-1692,Data Engineer,Paytm Digital,Punjab (Mohali / Chandigarh),Hybrid,Entry Level (0-2 yrs),735359,2080632,1407995,INR,"SQL, Docker, Snowflake, Kubernetes, Kafka, Scala, AWS Redshift, Python","Paytm Digital is expanding its engineering hub in Punjab (Mohali / Chandigarh). We are hiring a Data Engineer with expertise in Python, SQL, Snowflake, Docker and proficiency in Kafka, AWS Redshift, Scala, Kubernetes.",2026-07-15
JOB-1693,AI/ML Engineer,TechNova India,Gujarat (Ahmedabad / GIFT City),Remote,Entry Level (0-2 yrs),857205,2641308,1749256,INR,"Scikit-Learn, LangChain, ONNX, TensorFlow, PyTorch","Join TechNova India (Gujarat (Ahmedabad / GIFT City)) as a AI/ML Engineer! In this role, you will lead the architecture, design, and execution of core digital products using Scikit-Learn, PyTorch, TensorFlow and ONNX, LangChain.",2026-08-12
JOB-1694,Cybersecurity Specialist,OmniCloud Systems,Telangana (Hyderabad),Onsite,Entry Level (0-2 yrs),605142,1771563,1188352,INR,"SOC, Compliance, SIEM, Python, Penetration Testing, Linux","OmniCloud Systems is expanding its engineering hub in Telangana (Hyderabad). We are hiring a Cybersecurity Specialist with expertise in Penetration Testing, Python, SIEM, Linux and proficiency in Compliance, SOC.",2026-08-02
JOB-1695,DevOps & Cloud Engineer,Zomato Tech,West Bengal (Kolkata),Hybrid,Senior Level (5-8 yrs),1645159,4217635,2931397,INR,"Docker, ArgoCD, Kubernetes, CI/CD, Terraform, Python, Linux, Prometheus","Join Zomato Tech (West Bengal (Kolkata)) as a DevOps & Cloud Engineer! In this role, you will lead the architecture, design, and execution of core digital products using Linux, CI/CD, Kubernetes, Docker, Terraform and Python, Prometheus, ArgoCD.",2026-07-04
JOB-1696,DevOps & Cloud Engineer,DataStream Corp,Punjab (Mohali / Chandigarh),Onsite,Senior Level (5-8 yrs),1643588,4007050,2825319,INR,"GitLab CI, Docker, Ansible, Terraform, Python, Linux, Prometheus","DataStream Corp is expanding its engineering hub in Punjab (Mohali / Chandigarh). We are hiring a DevOps & Cloud Engineer with expertise in Linux, Docker, Terraform and proficiency in GitLab CI, Python, Ansible, Prometheus.",2026-07-27
JOB-1697,Data Analyst,Nexus AI,Maharashtra (Mumbai),Hybrid,Senior Level (5-8 yrs),819726,2311646,1565686,INR,"Tableau, SQL, Pandas, Snowflake, R, Python, Excel","Nexus AI is expanding its engineering hub in Maharashtra (Mumbai). We are hiring a Data Analyst with expertise in Excel, SQL, Python, Tableau and proficiency in R, Pandas, Snowflake.",2026-08-17
JOB-1698,Data Analyst,CloudScale Labs,Punjab (Mohali / Chandigarh),Remote,Lead / Principal (8+ yrs),1178242,2991550,2084896,INR,"Tableau, SQL, A/B Testing, Snowflake, R, Statistics, Python, Excel","CloudScale Labs is expanding its engineering hub in Punjab (Mohali / Chandigarh). We are hiring a Data Analyst with expertise in Tableau, Python, SQL, Excel and proficiency in Snowflake, A/B Testing, Statistics, R.",2026-06-22
JOB-1699,Data Analyst,Swiggy Engineering,Uttar Pradesh (Lucknow),Hybrid,Mid Level (2-5 yrs),635950,1744309,1190129,INR,"Tableau, SQL, PowerBI, Pandas, R, Statistics, Looker, Python, Excel","We are seeking an experienced Data Analyst at Swiggy Engineering in Uttar Pradesh (Lucknow). You will work closely with engineering teams to implement high-impact systems using PowerBI, Tableau, SQL, Python, Excel. Expert knowledge of Tableau, SQL, PowerBI, Pandas, R, Statistics, Looker, Python, Excel is required.",2026-08-05
JOB-1700,Data Analyst,QuantVantage,Rajasthan (Jaipur),Remote,Senior Level (5-8 yrs),867010,2390527,1628768,INR,"Tableau, SQL, PowerBI, Google Analytics, A/B Testing, Excel","We are seeking an experienced Data Analyst at QuantVantage in Rajasthan (Jaipur). You will work closely with engineering teams to implement high-impact systems using Tableau, PowerBI, Excel, SQL. Expert knowledge of Tableau, SQL, PowerBI, Google Analytics, A/B Testing, Excel is required.",2026-07-23
JOB-1701,Product Manager (Tech),TechNova India,Uttar Pradesh (Lucknow),Remote,Mid Level (2-5 yrs),1635987,3754734,2695360,INR,"SQL, Data Analytics, Growth Hacking, Product Strategy, Agile, Jira, Figma, Roadmapping","Join TechNova India (Uttar Pradesh (Lucknow)) as a Product Manager (Tech)! In this role, you will lead the architecture, design, and execution of core digital products using SQL, Product Strategy, Roadmapping, Agile and Jira, Data Analytics, Figma, Growth Hacking.",2026-07-02
JOB-1702,Data Analyst,Apex Systems,Remote (India),Remote,Entry Level (0-2 yrs),435493,1200767,818130,INR,"Tableau, SQL, PowerBI, Pandas, R, Python, Excel","Apex Systems is expanding its engineering hub in Remote (India). We are hiring a Data Analyst with expertise in Python, PowerBI, Tableau, SQL, Excel and proficiency in R, Pandas.",2026-07-31
JOB-1703,AI/ML Engineer,Swiggy Engineering,Gujarat (Ahmedabad / GIFT City),Remote,Lead / Principal (8+ yrs),2032400,6402237,4217318,INR,"Scikit-Learn, LangChain, MLflow, Docker, Kubernetes, FastAPI, Python, TensorFlow","Swiggy Engineering is expanding its engineering hub in Gujarat (Ahmedabad / GIFT City). We are hiring a AI/ML Engineer with expertise in TensorFlow, Python, Docker, Scikit-Learn and proficiency in MLflow, Kubernetes, FastAPI, LangChain.",2026-08-16
JOB-1704,DevOps & Cloud Engineer,Wipro Cloud,Kerala (Thiruvananthapuram),Onsite,Mid Level (2-5 yrs),1063696,2944882,2004289,INR,"Docker, ArgoCD, Azure, AWS, CI/CD, Terraform, Linux","Wipro Cloud is expanding its engineering hub in Kerala (Thiruvananthapuram). We are hiring a DevOps & Cloud Engineer with expertise in Terraform, Linux, CI/CD, Docker, AWS and proficiency in Azure, ArgoCD.",2026-07-28
JOB-1705,Product Manager (Tech),CyberShield Tech,Karnataka (Bengaluru),Remote,Mid Level (2-5 yrs),1585040,3961758,2773399,INR,"SQL, System Architecture, Growth Hacking, Product Strategy, Agile, User Research, Figma","We are seeking an experienced Product Manager (Tech) at CyberShield Tech in Karnataka (Bengaluru). You will work closely with engineering teams to implement high-impact systems using Product Strategy, Agile, SQL, User Research. Expert knowledge of SQL, System Architecture, Growth Hacking, Product Strategy, Agile, User Research, Figma is required.",2026-07-27
JOB-1706,AI/ML Engineer,TCS Innovation Labs,Rajasthan (Jaipur),Onsite,Entry Level (0-2 yrs),866745,2459964,1663354,INR,"Scikit-Learn, SQL, CUDA, MLflow, Kubernetes, Transformers, PyTorch","Join TCS Innovation Labs (Rajasthan (Jaipur)) as a AI/ML Engineer! In this role, you will lead the architecture, design, and execution of core digital products using PyTorch, SQL, Scikit-Learn and CUDA, MLflow, Transformers, Kubernetes.",2026-08-03
JOB-1707,DevOps & Cloud Engineer,Flipkart Labs,Kerala (Kochi),Remote,Mid Level (2-5 yrs),1151215,3228136,2189675,INR,"GitLab CI, Docker, Kubernetes, AWS, Terraform, Prometheus","Join Flipkart Labs (Kerala (Kochi)) as a DevOps & Cloud Engineer! In this role, you will lead the architecture, design, and execution of core digital products using Docker, Terraform, Kubernetes, AWS and Prometheus, GitLab CI.",2026-08-15
JOB-1708,Cloud Architect,Swiggy Engineering,Remote (Global),Remote,Entry Level (0-2 yrs),1519200,3188602,2353901,INR,"Docker, Azure, Kubernetes, Terraform, Networking, Python, Microservices","Join Swiggy Engineering (Remote (Global)) as a Cloud Architect! In this role, you will lead the architecture, design, and execution of core digital products using Python, Terraform, Azure, Kubernetes and Docker, Networking, Microservices.",2026-07-08
JOB-1709,Full Stack Developer,Paytm Digital,West Bengal (Kolkata),Hybrid,Mid Level (2-5 yrs),863979,2580674,1722326,INR,"Docker, JavaScript, AWS, Node.js, Python, Express, GraphQL","We are seeking an experienced Full Stack Developer at Paytm Digital in West Bengal (Kolkata). You will work closely with engineering teams to implement high-impact systems using JavaScript, Node.js, Python. Expert knowledge of Docker, JavaScript, AWS, Node.js, Python, Express, GraphQL is required.",2026-08-10
JOB-1710,Data Engineer,Vanguard AI,West Bengal (Kolkata),Onsite,Senior Level (5-8 yrs),1297065,4207633,2752349,INR,"SQL, Docker, Hive, Snowflake, PostgreSQL, Kafka, Python","Join Vanguard AI (West Bengal (Kolkata)) as a Data Engineer! In this role, you will lead the architecture, design, and execution of core digital products using Docker, Python, SQL, Snowflake and Kafka, PostgreSQL, Hive.",2026-06-24
JOB-1711,Cybersecurity Specialist,Pulse Analytics,Tamil Nadu (Chennai),Hybrid,Senior Level (5-8 yrs),1152585,3946286,2549435,INR,"SOC, Firewalls, Wireshark, Network Security, Python, Linux","Join Pulse Analytics (Tamil Nadu (Chennai)) as a Cybersecurity Specialist! In this role, you will lead the architecture, design, and execution of core digital products using Linux, Network Security, Python and Firewalls, SOC, Wireshark.",2026-06-23
JOB-1712,Cybersecurity Specialist,ByteCraft Inc,Madhya Pradesh (Indore),Hybrid,Senior Level (5-8 yrs),1297649,3552184,2424916,INR,"SOC, Compliance, SIEM, Network Security, Python, Penetration Testing, Linux","Join ByteCraft Inc (Madhya Pradesh (Indore)) as a Cybersecurity Specialist! In this role, you will lead the architecture, design, and execution of core digital products using Python, Penetration Testing, Linux, Network Security, SIEM and SOC, Compliance.",2026-08-09
JOB-1713,Data Analyst,DataStream Corp,Gujarat (Ahmedabad / GIFT City),Hybrid,Mid Level (2-5 yrs),654421,1453419,1053920,INR,"PowerBI, Pandas, Snowflake, Looker, Python, Excel","DataStream Corp is expanding its engineering hub in Gujarat (Ahmedabad / GIFT City). We are hiring a Data Analyst with expertise in PowerBI, Excel, Python and proficiency in Snowflake, Looker, Pandas.",2026-06-25
JOB-1714,DevOps & Cloud Engineer,Vanguard AI,Remote (Global),Remote,Mid Level (2-5 yrs),1097059,2834180,1965619,INR,"Grafana, Docker, ArgoCD, Kubernetes, AWS, CI/CD, Linux","We are seeking an experienced DevOps & Cloud Engineer at Vanguard AI in Remote (Global). You will work closely with engineering teams to implement high-impact systems using Kubernetes, Linux, CI/CD, Docker, AWS. Expert knowledge of Grafana, Docker, ArgoCD, Kubernetes, AWS, CI/CD, Linux is required.",2026-08-02
JOB-1715,Data Analyst,Paytm Digital,Telangana (Hyderabad),Remote,Senior Level (5-8 yrs),917255,2257843,1587549,INR,"Tableau, SQL, Snowflake, R, Looker, Google Analytics, Python","We are seeking an experienced Data Analyst at Paytm Digital in Telangana (Hyderabad). You will work closely with engineering teams to implement high-impact systems using SQL, Python, Tableau. Expert knowledge of Tableau, SQL, Snowflake, R, Looker, Google Analytics, Python is required.",2026-08-20
JOB-1716,Product Manager (Tech),TechNova India,Punjab (Mohali / Chandigarh),Remote,Mid Level (2-5 yrs),1483321,3748522,2615921,INR,"SQL, System Architecture, Growth Hacking, Agile, Product Strategy, User Research, Jira, Roadmapping","Join TechNova India (Punjab (Mohali / Chandigarh)) as a Product Manager (Tech)! In this role, you will lead the architecture, design, and execution of core digital products using SQL, Roadmapping, User Research, Agile, Product Strategy and Jira, Growth Hacking, System Architecture.",2026-08-15
JOB-1717,Full Stack Developer,Apex Systems,Telangana (Hyderabad),Hybrid,Senior Level (5-8 yrs),1162098,3623607,2392852,INR,"SQL, React, JavaScript, AWS, TypeScript, Python, Express, GraphQL","We are seeking an experienced Full Stack Developer at Apex Systems in Telangana (Hyderabad). You will work closely with engineering teams to implement high-impact systems using TypeScript, JavaScript, React, Python, SQL. Expert knowledge of SQL, React, JavaScript, AWS, TypeScript, Python, Express, GraphQL is required.",2026-07-24
JOB-1718,Data Engineer,Zomato Tech,Kerala (Thiruvananthapuram),Remote,Senior Level (5-8 yrs),1334280,3646723,2490501,INR,"Docker, Snowflake, Kubernetes, Spark, dbt, GCP BigQuery, AWS Redshift, Python, Airflow","We are seeking an experienced Data Engineer at Zomato Tech in Kerala (Thiruvananthapuram). You will work closely with engineering teams to implement high-impact systems using Docker, Python, Snowflake, Airflow, Spark. Expert knowledge of Docker, Snowflake, Kubernetes, Spark, dbt, GCP BigQuery, AWS Redshift, Python, Airflow is required.",2026-07-05
JOB-1719,Product Manager (Tech),CyberShield Tech,Tamil Nadu (Chennai),Remote,Senior Level (5-8 yrs),2146711,5543429,3845070,INR,"Product Strategy, Agile, Scrum, Jira, Figma, Roadmapping","We are seeking an experienced Product Manager (Tech) at CyberShield Tech in Tamil Nadu (Chennai). You will work closely with engineering teams to implement high-impact systems using Roadmapping, Product Strategy, Agile. Expert knowledge of Product Strategy, Agile, Scrum, Jira, Figma, Roadmapping is required.",2026-07-25
JOB-1720,Data Analyst,Paytm Digital,Rajasthan (Jaipur),Onsite,Mid Level (2-5 yrs),598207,1694958,1146582,INR,"Tableau, SQL, PowerBI, BigQuery, Google Analytics, Python, Excel","Join Paytm Digital (Rajasthan (Jaipur)) as a Data Analyst! In this role, you will lead the architecture, design, and execution of core digital products using Tableau, Excel, PowerBI, SQL, Python and Google Analytics, BigQuery.",2026-07-13
JOB-1721,Cloud Architect,Swiggy Engineering,Remote (India),Remote,Mid Level (2-5 yrs),1969946,4489146,3229546,INR,"IAM, Cloud Security, AWS, Terraform, Enterprise Architecture, Microservices","Join Swiggy Engineering (Remote (India)) as a Cloud Architect! In this role, you will lead the architecture, design, and execution of core digital products using AWS, Cloud Security, Terraform and IAM, Microservices, Enterprise Architecture.",2026-07-09
JOB-1722,Data Engineer,Pulse Analytics,Rajasthan (Jaipur),Onsite,Entry Level (0-2 yrs),667509,1848321,1257915,INR,"Docker, Snowflake, Databricks, Spark, Kafka, Airflow","Join Pulse Analytics (Rajasthan (Jaipur)) as a Data Engineer! In this role, you will lead the architecture, design, and execution of core digital products using Airflow, Snowflake, Docker, Spark and Kafka, Databricks.",2026-08-17
JOB-1723,Cloud Architect,Apex Systems,Kerala (Thiruvananthapuram),Hybrid,Mid Level (2-5 yrs),1935936,5105783,3520859,INR,"Enterprise Architecture, IAM, Cloud Security, AWS, Terraform, Python, Microservices","Join Apex Systems (Kerala (Thiruvananthapuram)) as a Cloud Architect! In this role, you will lead the architecture, design, and execution of core digital products using Terraform, Python, Cloud Security, AWS and Enterprise Architecture, IAM, Microservices.",2026-07-23
JOB-1724,Cybersecurity Specialist,HCL Tech Solutions,Delhi NCR (Gurugram),Onsite,Mid Level (2-5 yrs),869991,2523404,1696697,INR,"SOC, Firewalls, SIEM, Cryptography, Network Security, Python, Penetration Testing, Linux","HCL Tech Solutions is expanding its engineering hub in Delhi NCR (Gurugram). We are hiring a Cybersecurity Specialist with expertise in Network Security, Linux, Penetration Testing, SIEM, Python and proficiency in Firewalls, Cryptography, SOC.",2026-08-16
JOB-1725,AI/ML Engineer,Zomato Tech,Delhi NCR (Noida),Hybrid,Mid Level (2-5 yrs),1179214,3537065,2358139,INR,"Scikit-Learn, SQL, LangChain, ONNX, FastAPI, PyTorch","We are seeking an experienced AI/ML Engineer at Zomato Tech in Delhi NCR (Noida). You will work closely with engineering teams to implement high-impact systems using SQL, Scikit-Learn, PyTorch. Expert knowledge of Scikit-Learn, SQL, LangChain, ONNX, FastAPI, PyTorch is required.",2026-06-21
JOB-1726,AI/ML Engineer,CloudScale Labs,Karnataka (Bengaluru),Onsite,Entry Level (0-2 yrs),885765,2326181,1605973,INR,"Scikit-Learn, MLflow, Docker, ONNX, Kubernetes, Python, PyTorch","Join CloudScale Labs (Karnataka (Bengaluru)) as a AI/ML Engineer! In this role, you will lead the architecture, design, and execution of core digital products using Scikit-Learn, Python, PyTorch, Docker and MLflow, Kubernetes, ONNX.",2026-07-04
JOB-1727,Data Engineer,Hyperion Software,Rajasthan (Jaipur),Remote,Senior Level (5-8 yrs),1492470,4002219,2747344,INR,"Docker, Snowflake, Kubernetes, Spark, Kafka, GCP BigQuery, Scala, Python","We are seeking an experienced Data Engineer at Hyperion Software in Rajasthan (Jaipur). You will work closely with engineering teams to implement high-impact systems using Python, Docker, Snowflake, Spark. Expert knowledge of Docker, Snowflake, Kubernetes, Spark, Kafka, GCP BigQuery, Scala, Python is required.",2026-08-14
JOB-1728,Cybersecurity Specialist,Wipro Cloud,Kerala (Kochi),Hybrid,Mid Level (2-5 yrs),913716,2535821,1724768,INR,"SOC, AWS Security, SIEM, Network Security, Python, Penetration Testing, Linux","Join Wipro Cloud (Kerala (Kochi)) as a Cybersecurity Specialist! In this role, you will lead the architecture, design, and execution of core digital products using Network Security, Linux, Python, SIEM, Penetration Testing and AWS Security, SOC.",2026-08-15
JOB-1729,DevOps & Cloud Engineer,Vanguard AI,West Bengal (Kolkata),Hybrid,Mid Level (2-5 yrs),1110247,2764982,1937614,INR,"Docker, ArgoCD, Azure, GCP, AWS, CI/CD, Terraform, Linux","We are seeking an experienced DevOps & Cloud Engineer at Vanguard AI in West Bengal (Kolkata). You will work closely with engineering teams to implement high-impact systems using AWS, CI/CD, Docker, Terraform, Linux. Expert knowledge of Docker, ArgoCD, Azure, GCP, AWS, CI/CD, Terraform, Linux is required.",2026-07-15
JOB-1730,AI/ML Engineer,Hyperion Software,Gujarat (Ahmedabad / GIFT City),Hybrid,Mid Level (2-5 yrs),1129843,3809465,2469654,INR,"Scikit-Learn, SQL, LangChain, Docker, FastAPI, Python, TensorFlow","Hyperion Software is expanding its engineering hub in Gujarat (Ahmedabad / GIFT City). We are hiring a AI/ML Engineer with expertise in Python, TensorFlow, SQL, Docker, Scikit-Learn and proficiency in LangChain, FastAPI.",2026-08-05
JOB-1731,Data Engineer,TCS Innovation Labs,Rajasthan (Jaipur),Onsite,Senior Level (5-8 yrs),1354603,3646079,2500341,INR,"SQL, Docker, Snowflake, Databricks, Kubernetes, GCP BigQuery, Python, Airflow","Join TCS Innovation Labs (Rajasthan (Jaipur)) as a Data Engineer! In this role, you will lead the architecture, design, and execution of core digital products using Docker, Snowflake, SQL, Python, Airflow and GCP BigQuery, Databricks, Kubernetes.",2026-07-07
JOB-1732,Cybersecurity Specialist,TechNova India,West Bengal (Kolkata),Onsite,Mid Level (2-5 yrs),964557,2856232,1910394,INR,"Compliance, AWS Security, SIEM, Cryptography, Network Security, Python, Penetration Testing, Linux","We are seeking an experienced Cybersecurity Specialist at TechNova India in West Bengal (Kolkata). You will work closely with engineering teams to implement high-impact systems using SIEM, Penetration Testing, Python, Network Security, Linux. Expert knowledge of Compliance, AWS Security, SIEM, Cryptography, Network Security, Python, Penetration Testing, Linux is required.",2026-06-23
JOB-1733,Data Engineer,Vanguard AI,Maharashtra (Pune),Hybrid,Entry Level (0-2 yrs),751764,1808556,1280160,INR,"SQL, Snowflake, Scala, AWS Redshift, Python","Join Vanguard AI (Maharashtra (Pune)) as a Data Engineer! In this role, you will lead the architecture, design, and execution of core digital products using SQL, Snowflake, Python and AWS Redshift, Scala.",2026-07-20
JOB-1734,Full Stack Developer,Zomato Tech,Remote (India),Remote,Entry Level (0-2 yrs),540107,1810887,1175497,INR,"SQL, Redis, JavaScript, AWS, TypeScript, Node.js, Python, MongoDB","Zomato Tech is expanding its engineering hub in Remote (India). We are hiring a Full Stack Developer with expertise in Node.js, SQL, JavaScript, TypeScript, Python and proficiency in MongoDB, Redis, AWS.",2026-07-10
JOB-1735,Full Stack Developer,TCS Innovation Labs,Kerala (Kochi),Onsite,Senior Level (5-8 yrs),1044789,3504534,2274661,INR,"SQL, Docker, React, TypeScript, Node.js, Python, GraphQL","Join TCS Innovation Labs (Kerala (Kochi)) as a Full Stack Developer! In this role, you will lead the architecture, design, and execution of core digital products using SQL, React, Python, TypeScript, Node.js and GraphQL, Docker.",2026-08-20
JOB-1736,Cloud Architect,Vanguard AI,Delhi NCR (Gurugram),Remote,Mid Level (2-5 yrs),1837885,4919973,3378929,INR,"Docker, Azure, Kubernetes, Cloud Security, System Design, Networking, Microservices","Vanguard AI is expanding its engineering hub in Delhi NCR (Gurugram). We are hiring a Cloud Architect with expertise in Cloud Security, Azure, Kubernetes and proficiency in Microservices, Networking, Docker, System Design.",2026-08-10
JOB-1737,Data Engineer,Pulse Analytics,Gujarat (Ahmedabad / GIFT City),Hybrid,Senior Level (5-8 yrs),1521606,3967912,2744759,INR,"Docker, Hive, Databricks, Kubernetes, Spark, AWS Redshift, Airflow","Pulse Analytics is expanding its engineering hub in Gujarat (Ahmedabad / GIFT City). We are hiring a Data Engineer with expertise in Spark, Docker, Airflow and proficiency in Databricks, Kubernetes, Hive, AWS Redshift.",2026-07-09
JOB-1738,DevOps & Cloud Engineer,Nexus AI,Tamil Nadu (Chennai),Remote,Senior Level (5-8 yrs),1572270,4591993,3082131,INR,"Grafana, Docker, ArgoCD, Azure, Kubernetes, GCP, Terraform, Linux","Nexus AI is expanding its engineering hub in Tamil Nadu (Chennai). We are hiring a DevOps & Cloud Engineer with expertise in Docker, Kubernetes, Linux, Terraform and proficiency in GCP, Azure, Grafana, ArgoCD.",2026-06-26
JOB-1739,Product Manager (Tech),Wipro Cloud,Delhi NCR (Gurugram),Remote,Senior Level (5-8 yrs),2025801,5741294,3883547,INR,"Agile, Product Strategy, Jira, Scrum, Roadmapping","We are seeking an experienced Product Manager (Tech) at Wipro Cloud in Delhi NCR (Gurugram). You will work closely with engineering teams to implement high-impact systems using Agile, Product Strategy, Roadmapping. Expert knowledge of Agile, Product Strategy, Jira, Scrum, Roadmapping is required.",2026-08-12
JOB-1740,Product Manager (Tech),Vanguard AI,Remote (India),Remote,Mid Level (2-5 yrs),1443528,3816709,2630118,INR,"SQL, Data Analytics, Growth Hacking, Agile, Product Strategy, User Research, Scrum, Roadmapping","Vanguard AI is expanding its engineering hub in Remote (India). We are hiring a Product Manager (Tech) with expertise in Agile, Product Strategy, User Research, SQL, Roadmapping and proficiency in Growth Hacking, Scrum, Data Analytics.",2026-08-15
JOB-1741,DevOps & Cloud Engineer,Infosys Digital,West Bengal (Kolkata),Onsite,Entry Level (0-2 yrs),746619,1900624,1323621,INR,"Azure, Kubernetes, GCP, AWS, CI/CD, Terraform, Python","Join Infosys Digital (West Bengal (Kolkata)) as a DevOps & Cloud Engineer! In this role, you will lead the architecture, design, and execution of core digital products using AWS, Terraform, CI/CD, Kubernetes and Python, GCP, Azure.",2026-06-27
JOB-1742,Product Manager (Tech),Pulse Analytics,Madhya Pradesh (Indore),Remote,Senior Level (5-8 yrs),2110921,4793973,3452447,INR,"SQL, Data Analytics, Agile, User Research, Jira, Scrum, A/B Testing","Join Pulse Analytics (Madhya Pradesh (Indore)) as a Product Manager (Tech)! In this role, you will lead the architecture, design, and execution of core digital products using SQL, User Research, Agile and Jira, A/B Testing, Scrum, Data Analytics.",2026-07-30
JOB-1743,Data Engineer,Pulse Analytics,West Bengal (Kolkata),Onsite,Lead / Principal (8+ yrs),1896350,5668101,3782225,INR,"SQL, Docker, Databricks, PostgreSQL, Spark, Kafka, Python, Airflow","We are seeking an experienced Data Engineer at Pulse Analytics in West Bengal (Kolkata). You will work closely with engineering teams to implement high-impact systems using Spark, Python, Docker, Airflow, SQL. Expert knowledge of SQL, Docker, Databricks, PostgreSQL, Spark, Kafka, Python, Airflow is required.",2026-06-26
JOB-1744,Product Manager (Tech),Paytm Digital,Uttar Pradesh (Lucknow),Hybrid,Entry Level (0-2 yrs),962393,2837722,1900057,INR,"SQL, System Architecture, Growth Hacking, Agile, Product Strategy, User Research, Figma, A/B Testing, Roadmapping","We are seeking an experienced Product Manager (Tech) at Paytm Digital in Uttar Pradesh (Lucknow). You will work closely with engineering teams to implement high-impact systems using Roadmapping, Agile, SQL, Product Strategy, User Research. Expert knowledge of SQL, System Architecture, Growth Hacking, Agile, Product Strategy, User Research, Figma, A/B Testing, Roadmapping is required.",2026-08-17
JOB-1745,Product Manager (Tech),CloudScale Labs,Kerala (Thiruvananthapuram),Remote,Senior Level (5-8 yrs),2285028,5216976,3751002,INR,"Data Analytics, Product Strategy, Agile, User Research, Jira, Figma, A/B Testing, Roadmapping","CloudScale Labs is expanding its engineering hub in Kerala (Thiruvananthapuram). We are hiring a Product Manager (Tech) with expertise in Product Strategy, Agile, Roadmapping, User Research and proficiency in A/B Testing, Figma, Data Analytics, Jira.",2026-07-09
JOB-1746,AI/ML Engineer,Nexus AI,Delhi NCR (Noida),Onsite,Entry Level (0-2 yrs),862730,2617640,1740185,INR,"Scikit-Learn, CUDA, Docker, Kubernetes, Ray, Python, PyTorch","We are seeking an experienced AI/ML Engineer at Nexus AI in Delhi NCR (Noida). You will work closely with engineering teams to implement high-impact systems using Python, PyTorch, Scikit-Learn, Docker. Expert knowledge of Scikit-Learn, CUDA, Docker, Kubernetes, Ray, Python, PyTorch is required.",2026-08-01
JOB-1747,Data Analyst,Swiggy Engineering,Punjab (Mohali / Chandigarh),Remote,Mid Level (2-5 yrs),578100,1640519,1109309,INR,"Tableau, SQL, PowerBI, Pandas, A/B Testing, Python, Excel","We are seeking an experienced Data Analyst at Swiggy Engineering in Punjab (Mohali / Chandigarh). You will work closely with engineering teams to implement high-impact systems using SQL, Excel, PowerBI, Tableau, Python. Expert knowledge of Tableau, SQL, PowerBI, Pandas, A/B Testing, Python, Excel is required.",2026-07-02
JOB-1748,Full Stack Developer,TechNova India,Delhi NCR (Noida),Onsite,Mid Level (2-5 yrs),780689,2297796,1539242,INR,"SQL, Next.js, Docker, React, PostgreSQL, AWS, TypeScript","Join TechNova India (Delhi NCR (Noida)) as a Full Stack Developer! In this role, you will lead the architecture, design, and execution of core digital products using SQL, TypeScript, React and PostgreSQL, Docker, AWS, Next.js.",2026-08-12
JOB-1749,Cloud Architect,Vanguard AI,Gujarat (Ahmedabad / GIFT City),Remote,Mid Level (2-5 yrs),1942061,4669068,3305564,INR,"Docker, Azure, Kubernetes, Cloud Security, GCP, System Design, Enterprise Architecture","Vanguard AI is expanding its engineering hub in Gujarat (Ahmedabad / GIFT City). We are hiring a Cloud Architect with expertise in Azure, Cloud Security, Kubernetes and proficiency in Enterprise Architecture, System Design, GCP, Docker.",2026-07-18
JOB-1750,Product Manager (Tech),Infosys Digital,Maharashtra (Mumbai),Onsite,Mid Level (2-5 yrs),1452654,4156052,2804353,INR,"SQL, System Architecture, Data Analytics, Growth Hacking, Product Strategy, Agile, User Research, A/B Testing, Roadmapping","Infosys Digital is expanding its engineering hub in Maharashtra (Mumbai). We are hiring a Product Manager (Tech) with expertise in Roadmapping, Product Strategy, User Research, SQL, Agile and proficiency in System Architecture, Growth Hacking, Data Analytics, A/B Testing.",2026-06-28
JOB-1751,Data Analyst,Nexus AI,Remote (Global),Remote,Senior Level (5-8 yrs),779488,2278895,1529191,INR,"SQL, PowerBI, Statistics, Looker, Python, Excel","Join Nexus AI (Remote (Global)) as a Data Analyst! In this role, you will lead the architecture, design, and execution of core digital products using Python, Excel, PowerBI, SQL and Looker, Statistics.",2026-07-15
JOB-1752,Cybersecurity Specialist,Flipkart Labs,Maharashtra (Mumbai),Hybrid,Senior Level (5-8 yrs),1181152,3536627,2358889,INR,"SOC, Compliance, Wireshark, SIEM, Network Security, Python, Penetration Testing, Linux","We are seeking an experienced Cybersecurity Specialist at Flipkart Labs in Maharashtra (Mumbai). You will work closely with engineering teams to implement high-impact systems using Linux, Network Security, SIEM, Python, Penetration Testing. Expert knowledge of SOC, Compliance, Wireshark, SIEM, Network Security, Python, Penetration Testing, Linux is required.",2026-07-22
JOB-1753,Full Stack Developer,TechNova India,Uttar Pradesh (Lucknow),Onsite,Mid Level (2-5 yrs),828568,2304083,1566325,INR,"SQL, Redis, PostgreSQL, JavaScript, TypeScript, Node.js, Python, GraphQL","We are seeking an experienced Full Stack Developer at TechNova India in Uttar Pradesh (Lucknow). You will work closely with engineering teams to implement high-impact systems using SQL, Node.js, Python, TypeScript, JavaScript. Expert knowledge of SQL, Redis, PostgreSQL, JavaScript, TypeScript, Node.js, Python, GraphQL is required.",2026-07-03
JOB-1754,Data Engineer,Vanguard AI,Madhya Pradesh (Indore),Hybrid,Lead / Principal (8+ yrs),2017052,5250435,3633743,INR,"SQL, Snowflake, Databricks, Spark, AWS Redshift, Python","We are seeking an experienced Data Engineer at Vanguard AI in Madhya Pradesh (Indore). You will work closely with engineering teams to implement high-impact systems using Snowflake, Python, SQL, Spark. Expert knowledge of SQL, Snowflake, Databricks, Spark, AWS Redshift, Python is required.",2026-08-12
JOB-1755,Cloud Architect,CloudScale Labs,Maharashtra (Pune),Hybrid,Senior Level (5-8 yrs),2888820,6317346,4603083,INR,"Kubernetes, Cloud Security, GCP, Terraform, Enterprise Architecture","We are seeking an experienced Cloud Architect at CloudScale Labs in Maharashtra (Pune). You will work closely with engineering teams to implement high-impact systems using Cloud Security, Terraform, Kubernetes. Expert knowledge of Kubernetes, Cloud Security, GCP, Terraform, Enterprise Architecture is required.",2026-08-01
JOB-1756,Data Analyst,Nexus AI,Delhi NCR (Gurugram),Remote,Senior Level (5-8 yrs),813911,2226918,1520414,INR,"SQL, PowerBI, A/B Testing, Pandas, Python, Excel","Nexus AI is expanding its engineering hub in Delhi NCR (Gurugram). We are hiring a Data Analyst with expertise in SQL, Python, PowerBI, Excel and proficiency in A/B Testing, Pandas.",2026-07-26
JOB-1757,DevOps & Cloud Engineer,OmniCloud Systems,Rajasthan (Jaipur),Hybrid,Senior Level (5-8 yrs),1662590,4468624,3065607,INR,"Docker, Azure, Kubernetes, GCP, Terraform","OmniCloud Systems is expanding its engineering hub in Rajasthan (Jaipur). We are hiring a DevOps & Cloud Engineer with expertise in Terraform, Docker, Kubernetes and proficiency in GCP, Azure.",2026-06-26
JOB-1758,Cybersecurity Specialist,Paytm Digital,Rajasthan (Jaipur),Onsite,Entry Level (0-2 yrs),609821,1937658,1273739,INR,"SOC, CISSP, SIEM, Network Security, Penetration Testing, Linux","Paytm Digital is expanding its engineering hub in Rajasthan (Jaipur). We are hiring a Cybersecurity Specialist with expertise in Penetration Testing, Network Security, SIEM, Linux and proficiency in SOC, CISSP.",2026-07-13
JOB-1759,Cybersecurity Specialist,Nexus AI,Gujarat (Ahmedabad / GIFT City),Remote,Mid Level (2-5 yrs),927728,2561369,1744548,INR,"SOC, Incident Response, Python, Penetration Testing, Linux","Join Nexus AI (Gujarat (Ahmedabad / GIFT City)) as a Cybersecurity Specialist! In this role, you will lead the architecture, design, and execution of core digital products using Python, Linux, Penetration Testing and SOC, Incident Response.",2026-08-01
JOB-1760,Cybersecurity Specialist,OmniCloud Systems,Maharashtra (Mumbai),Hybrid,Lead / Principal (8+ yrs),1742479,4959945,3351212,INR,"SOC, Firewalls, CISSP, SIEM, Network Security, Python, Penetration Testing","Join OmniCloud Systems (Maharashtra (Mumbai)) as a Cybersecurity Specialist! In this role, you will lead the architecture, design, and execution of core digital products using Python, Penetration Testing, SIEM, Network Security and Firewalls, CISSP, SOC.",2026-06-30
JOB-1761,AI/ML Engineer,Infosys Digital,Kerala (Thiruvananthapuram),Remote,Mid Level (2-5 yrs),1152709,3331054,2241881,INR,"Scikit-Learn, LangChain, MLflow, Docker, Ray, AWS SageMaker, Python, PyTorch","Infosys Digital is expanding its engineering hub in Kerala (Thiruvananthapuram). We are hiring a AI/ML Engineer with expertise in Docker, Scikit-Learn, Python, PyTorch and proficiency in Ray, LangChain, AWS SageMaker, MLflow.",2026-08-13
JOB-1762,Product Manager (Tech),Zomato Tech,Punjab (Mohali / Chandigarh),Hybrid,Senior Level (5-8 yrs),2288244,5540848,3914546,INR,"SQL, System Architecture, Data Analytics, Agile, Product Strategy, User Research, Jira, A/B Testing, Roadmapping","Join Zomato Tech (Punjab (Mohali / Chandigarh)) as a Product Manager (Tech)! In this role, you will lead the architecture, design, and execution of core digital products using User Research, Agile, SQL, Product Strategy, Roadmapping and Jira, A/B Testing, System Architecture, Data Analytics.",2026-08-08
JOB-1763,Product Manager (Tech),Vanguard AI,Maharashtra (Mumbai),Hybrid,Mid Level (2-5 yrs),1460788,3743533,2602160,INR,"SQL, Growth Hacking, Product Strategy, Figma, Roadmapping","Vanguard AI is expanding its engineering hub in Maharashtra (Mumbai). We are hiring a Product Manager (Tech) with expertise in SQL, Roadmapping, Product Strategy and proficiency in Figma, Growth Hacking.",2026-08-02
JOB-1764,AI/ML Engineer,Swiggy Engineering,West Bengal (Kolkata),Remote,Mid Level (2-5 yrs),1088786,3667076,2377931,INR,"Scikit-Learn, CUDA, MLflow, ONNX, FastAPI, Python, TensorFlow, PyTorch","We are seeking an experienced AI/ML Engineer at Swiggy Engineering in West Bengal (Kolkata). You will work closely with engineering teams to implement high-impact systems using Python, Scikit-Learn, TensorFlow, PyTorch. Expert knowledge of Scikit-Learn, CUDA, MLflow, ONNX, FastAPI, Python, TensorFlow, PyTorch is required.",2026-08-09
JOB-1765,Data Engineer,Swiggy Engineering,Telangana (Hyderabad),Remote,Senior Level (5-8 yrs),1351444,3558017,2454730,INR,"SQL, Docker, Snowflake, Spark, Scala, Kafka, GCP BigQuery, AWS Redshift, Airflow","Swiggy Engineering is expanding its engineering hub in Telangana (Hyderabad). We are hiring a Data Engineer with expertise in Airflow, Docker, Spark, SQL, Snowflake and proficiency in AWS Redshift, Scala, Kafka, GCP BigQuery.",2026-07-05
JOB-1766,Data Engineer,Hyperion Software,Remote (Global),Remote,Lead / Principal (8+ yrs),1760037,5338399,3549218,INR,"Docker, Kubernetes, PostgreSQL, Spark, Kafka, Airflow","We are seeking an experienced Data Engineer at Hyperion Software in Remote (Global). You will work closely with engineering teams to implement high-impact systems using Spark, Docker, Airflow. Expert knowledge of Docker, Kubernetes, PostgreSQL, Spark, Kafka, Airflow is required.",2026-06-28
JOB-1767,Cybersecurity Specialist,DataStream Corp,Delhi NCR (Noida),Onsite,Mid Level (2-5 yrs),859461,2698208,1778834,INR,"Compliance, Firewalls, Incident Response, Network Security, Python, Penetration Testing, Linux","We are seeking an experienced Cybersecurity Specialist at DataStream Corp in Delhi NCR (Noida). You will work closely with engineering teams to implement high-impact systems using Penetration Testing, Python, Linux, Network Security. Expert knowledge of Compliance, Firewalls, Incident Response, Network Security, Python, Penetration Testing, Linux is required.",2026-08-03
JOB-1768,AI/ML Engineer,Paytm Digital,Rajasthan (Jaipur),Remote,Senior Level (5-8 yrs),1667380,5184453,3425916,INR,"Scikit-Learn, LangChain, Docker, Transformers, FastAPI, Python, PyTorch","Paytm Digital is expanding its engineering hub in Rajasthan (Jaipur). We are hiring a AI/ML Engineer with expertise in Python, Scikit-Learn, PyTorch, Docker and proficiency in FastAPI, Transformers, LangChain.",2026-07-31
JOB-1769,Data Engineer,HCL Tech Solutions,Gujarat (Ahmedabad / GIFT City),Remote,Senior Level (5-8 yrs),1352050,3833006,2592528,INR,"Snowflake, Databricks, Kubernetes, Spark, Scala, GCP BigQuery, Python","HCL Tech Solutions is expanding its engineering hub in Gujarat (Ahmedabad / GIFT City). We are hiring a Data Engineer with expertise in Python, Snowflake, Spark and proficiency in Scala, GCP BigQuery, Kubernetes, Databricks.",2026-08-20
JOB-1770,Cloud Architect,QuantVantage,Kerala (Thiruvananthapuram),Hybrid,Senior Level (5-8 yrs),2745645,6935978,4840811,INR,"Enterprise Architecture, Docker, IAM, Azure, System Design, Terraform, Python","QuantVantage is expanding its engineering hub in Kerala (Thiruvananthapuram). We are hiring a Cloud Architect with expertise in Terraform, Python, Azure and proficiency in System Design, IAM, Docker, Enterprise Architecture.",2026-08-15
JOB-1771,Product Manager (Tech),Swiggy Engineering,Punjab (Mohali / Chandigarh),Remote,Mid Level (2-5 yrs),1537279,3849318,2693298,INR,"SQL, Figma, Product Strategy, Agile, User Research, Scrum, Jira, A/B Testing, Roadmapping","Join Swiggy Engineering (Punjab (Mohali / Chandigarh)) as a Product Manager (Tech)! In this role, you will lead the architecture, design, and execution of core digital products using User Research, Roadmapping, Product Strategy, SQL, Agile and Scrum, Jira, A/B Testing, Figma.",2026-07-03
JOB-1772,AI/ML Engineer,CyberShield Tech,Remote (India),Remote,Lead / Principal (8+ yrs),2094927,7112309,4603618,INR,"Scikit-Learn, SQL, CUDA, Ray, TensorFlow, PyTorch","CyberShield Tech is expanding its engineering hub in Remote (India). We are hiring a AI/ML Engineer with expertise in SQL, PyTorch, Scikit-Learn, TensorFlow and proficiency in CUDA, Ray.",2026-08-02
JOB-1773,Full Stack Developer,Infosys Digital,Rajasthan (Jaipur),Onsite,Mid Level (2-5 yrs),861561,2620914,1741237,INR,"Redis, React, Node.js, Python, Express, GraphQL","Infosys Digital is expanding its engineering hub in Rajasthan (Jaipur). We are hiring a Full Stack Developer with expertise in Node.js, Python, React and proficiency in GraphQL, Express, Redis.",2026-07-31
JOB-1774,Cybersecurity Specialist,HCL Tech Solutions,Rajasthan (Jaipur),Hybrid,Senior Level (5-8 yrs),1326259,3753706,2539982,INR,"AWS Security, Wireshark, CISSP, SIEM, Network Security, Python, Penetration Testing","HCL Tech Solutions is expanding its engineering hub in Rajasthan (Jaipur). We are hiring a Cybersecurity Specialist with expertise in SIEM, Python, Network Security, Penetration Testing and proficiency in Wireshark, AWS Security, CISSP.",2026-06-23
JOB-1775,Data Engineer,Hyperion Software,Madhya Pradesh (Indore),Hybrid,Mid Level (2-5 yrs),949988,2838811,1894399,INR,"SQL, Docker, Snowflake, Databricks, PostgreSQL, Spark, Kafka, GCP BigQuery, Python","Join Hyperion Software (Madhya Pradesh (Indore)) as a Data Engineer! In this role, you will lead the architecture, design, and execution of core digital products using Python, Snowflake, SQL, Docker, Spark and GCP BigQuery, Kafka, PostgreSQL, Databricks.",2026-07-08
JOB-1776,Data Engineer,Pulse Analytics,Karnataka (Bengaluru),Onsite,Senior Level (5-8 yrs),1522399,4250366,2886382,INR,"SQL, Docker, Hive, Snowflake, PostgreSQL, AWS Redshift, Python, Airflow","Join Pulse Analytics (Karnataka (Bengaluru)) as a Data Engineer! In this role, you will lead the architecture, design, and execution of core digital products using Airflow, Snowflake, SQL, Python, Docker and AWS Redshift, PostgreSQL, Hive.",2026-08-12
JOB-1777,Data Analyst,Nexus AI,Karnataka (Bengaluru),Remote,Mid Level (2-5 yrs),640545,1719067,1179806,INR,"Tableau, SQL, Pandas, Snowflake, Google Analytics, Python, Excel","We are seeking an experienced Data Analyst at Nexus AI in Karnataka (Bengaluru). You will work closely with engineering teams to implement high-impact systems using Python, Excel, SQL, Tableau. Expert knowledge of Tableau, SQL, Pandas, Snowflake, Google Analytics, Python, Excel is required.",2026-08-05
JOB-1778,Product Manager (Tech),Nexus AI,Karnataka (Bengaluru),Onsite,Entry Level (0-2 yrs),1095316,2716911,1906113,INR,"SQL, Growth Hacking, Product Strategy, Agile, User Research, Jira, Figma, Roadmapping","Nexus AI is expanding its engineering hub in Karnataka (Bengaluru). We are hiring a Product Manager (Tech) with expertise in SQL, Roadmapping, Product Strategy, Agile, User Research and proficiency in Growth Hacking, Figma, Jira.",2026-07-06
JOB-1779,AI/ML Engineer,ByteCraft Inc,Remote (India),Remote,Senior Level (5-8 yrs),1776574,4511550,3144062,INR,"Scikit-Learn, Kubernetes, AWS SageMaker, Ray, Python, TensorFlow","Join ByteCraft Inc (Remote (India)) as a AI/ML Engineer! In this role, you will lead the architecture, design, and execution of core digital products using TensorFlow, Scikit-Learn, Python and Ray, AWS SageMaker, Kubernetes.",2026-07-03
JOB-1780,Data Engineer,Infosys Digital,Punjab (Mohali / Chandigarh),Hybrid,Senior Level (5-8 yrs),1454240,3887261,2670750,INR,"SQL, Docker, Kubernetes, dbt, Scala, Airflow","Infosys Digital is expanding its engineering hub in Punjab (Mohali / Chandigarh). We are hiring a Data Engineer with expertise in SQL, Airflow, Docker and proficiency in dbt, Kubernetes, Scala.",2026-07-20
JOB-1781,DevOps & Cloud Engineer,Apex Systems,Kerala (Thiruvananthapuram),Hybrid,Senior Level (5-8 yrs),1546708,3801790,2674249,INR,"ArgoCD, Kubernetes, AWS, CI/CD, Terraform, Bash","Join Apex Systems (Kerala (Thiruvananthapuram)) as a DevOps & Cloud Engineer! In this role, you will lead the architecture, design, and execution of core digital products using Terraform, Kubernetes, AWS, CI/CD and Bash, ArgoCD.",2026-07-15
JOB-1782,Cloud Architect,CyberShield Tech,Kerala (Kochi),Onsite,Entry Level (0-2 yrs),1430085,3601347,2515716,INR,"Azure, Kubernetes, Cloud Security, System Design, Terraform, Python, Microservices","Join CyberShield Tech (Kerala (Kochi)) as a Cloud Architect! In this role, you will lead the architecture, design, and execution of core digital products using Cloud Security, Terraform, Kubernetes, Python, Azure and System Design, Microservices.",2026-07-11
JOB-1783,DevOps & Cloud Engineer,TechNova India,Delhi NCR (Noida),Onsite,Mid Level (2-5 yrs),1024292,3211566,2117929,INR,"GitLab CI, Docker, Azure, Kubernetes, AWS, Terraform, Bash, Linux","Join TechNova India (Delhi NCR (Noida)) as a DevOps & Cloud Engineer! In this role, you will lead the architecture, design, and execution of core digital products using Linux, Kubernetes, AWS, Terraform, Docker and Bash, Azure, GitLab CI.",2026-07-18
JOB-1784,Cloud Architect,Hyperion Software,Remote (India),Remote,Senior Level (5-8 yrs),2635600,6249718,4442659,INR,"Enterprise Architecture, Serverless, Azure, Kubernetes, System Design, AWS, Terraform, Python, Microservices","Hyperion Software is expanding its engineering hub in Remote (India). We are hiring a Cloud Architect with expertise in Terraform, Azure, Python, Kubernetes, AWS and proficiency in Microservices, System Design, Enterprise Architecture, Serverless.",2026-07-02
JOB-1785,Data Engineer,Wipro Cloud,Punjab (Mohali / Chandigarh),Hybrid,Mid Level (2-5 yrs),919768,2704528,1812148,INR,"SQL, Docker, Snowflake, Kubernetes, Spark, Kafka, GCP BigQuery, Python","We are seeking an experienced Data Engineer at Wipro Cloud in Punjab (Mohali / Chandigarh). You will work closely with engineering teams to implement high-impact systems using Python, Snowflake, SQL, Spark, Docker. Expert knowledge of SQL, Docker, Snowflake, Kubernetes, Spark, Kafka, GCP BigQuery, Python is required.",2026-08-03
JOB-1786,Data Engineer,CloudScale Labs,Uttar Pradesh (Lucknow),Onsite,Mid Level (2-5 yrs),908046,2861117,1884581,INR,"SQL, Snowflake, PostgreSQL, Spark, Scala","CloudScale Labs is expanding its engineering hub in Uttar Pradesh (Lucknow). We are hiring a Data Engineer with expertise in Spark, SQL, Snowflake and proficiency in Scala, PostgreSQL.",2026-08-03
JOB-1787,Data Engineer,Wipro Cloud,Maharashtra (Pune),Remote,Mid Level (2-5 yrs),1076328,2548606,1812467,INR,"SQL, Hive, Docker, Snowflake, Databricks, Scala, Kafka","Wipro Cloud is expanding its engineering hub in Maharashtra (Pune). We are hiring a Data Engineer with expertise in SQL, Docker, Snowflake and proficiency in Scala, Hive, Kafka, Databricks.",2026-08-16
JOB-1788,DevOps & Cloud Engineer,OmniCloud Systems,Telangana (Hyderabad),Hybrid,Entry Level (0-2 yrs),782583,2251678,1517130,INR,"Grafana, Docker, GitLab CI, ArgoCD, AWS, Ansible, Linux","We are seeking an experienced DevOps & Cloud Engineer at OmniCloud Systems in Telangana (Hyderabad). You will work closely with engineering teams to implement high-impact systems using Linux, AWS, Docker. Expert knowledge of Grafana, Docker, GitLab CI, ArgoCD, AWS, Ansible, Linux is required.",2026-07-05
JOB-1789,Product Manager (Tech),Wipro Cloud,Uttar Pradesh (Lucknow),Remote,Mid Level (2-5 yrs),1435126,3910412,2672769,INR,"System Architecture, Product Strategy, Agile, User Research, Scrum, Figma, Roadmapping","Join Wipro Cloud (Uttar Pradesh (Lucknow)) as a Product Manager (Tech)! In this role, you will lead the architecture, design, and execution of core digital products using Roadmapping, User Research, Product Strategy, Agile and Figma, Scrum, System Architecture.",2026-06-26
JOB-1790,DevOps & Cloud Engineer,QuantVantage,West Bengal (Kolkata),Onsite,Mid Level (2-5 yrs),1093511,2797878,1945694,INR,"Grafana, Azure, AWS, CI/CD, Ansible, Terraform, Linux","We are seeking an experienced DevOps & Cloud Engineer at QuantVantage in West Bengal (Kolkata). You will work closely with engineering teams to implement high-impact systems using CI/CD, Terraform, Linux, AWS. Expert knowledge of Grafana, Azure, AWS, CI/CD, Ansible, Terraform, Linux is required.",2026-07-03
JOB-1791,Cybersecurity Specialist,CyberShield Tech,Telangana (Hyderabad),Hybrid,Mid Level (2-5 yrs),864969,2738538,1801753,INR,"AWS Security, Compliance, SIEM, Network Security, Python, Penetration Testing, Linux","Join CyberShield Tech (Telangana (Hyderabad)) as a Cybersecurity Specialist! In this role, you will lead the architecture, design, and execution of core digital products using Penetration Testing, Python, Network Security, Linux, SIEM and AWS Security, Compliance.",2026-08-14
JOB-1792,Data Analyst,Paytm Digital,Delhi NCR (Noida),Onsite,Senior Level (5-8 yrs),916726,2455557,1686141,INR,"SQL, PowerBI, A/B Testing, Looker, Python, Excel","Paytm Digital is expanding its engineering hub in Delhi NCR (Noida). We are hiring a Data Analyst with expertise in Python, PowerBI, Excel, SQL and proficiency in Looker, A/B Testing.",2026-07-13
JOB-1793,Cybersecurity Specialist,Apex Systems,Gujarat (Ahmedabad / GIFT City),Hybrid,Mid Level (2-5 yrs),890947,2561154,1726050,INR,"SOC, Compliance, CISSP, SIEM, Cryptography, Python, Penetration Testing, Linux","Join Apex Systems (Gujarat (Ahmedabad / GIFT City)) as a Cybersecurity Specialist! In this role, you will lead the architecture, design, and execution of core digital products using Linux, Python, SIEM, Penetration Testing and SOC, Cryptography, Compliance, CISSP.",2026-07-03
JOB-1794,Cybersecurity Specialist,TechNova India,Rajasthan (Jaipur),Remote,Lead / Principal (8+ yrs),1596667,4688283,3142475,INR,"SOC, Firewalls, Incident Response, CISSP, SIEM, Network Security, Python, Penetration Testing","Join TechNova India (Rajasthan (Jaipur)) as a Cybersecurity Specialist! In this role, you will lead the architecture, design, and execution of core digital products using Python, SIEM, Penetration Testing, Network Security and Incident Response, Firewalls, SOC, CISSP.",2026-07-24
JOB-1795,Cybersecurity Specialist,QuantVantage,Delhi NCR (Noida),Remote,Senior Level (5-8 yrs),1254880,3801080,2527980,INR,"SOC, Compliance, SIEM, Network Security, Penetration Testing, Linux","Join QuantVantage (Delhi NCR (Noida)) as a Cybersecurity Specialist! In this role, you will lead the architecture, design, and execution of core digital products using Linux, Network Security, SIEM, Penetration Testing and SOC, Compliance.",2026-06-21
JOB-1796,AI/ML Engineer,Hyperion Software,Remote (India),Remote,Mid Level (2-5 yrs),1185149,3348964,2267056,INR,"Scikit-Learn, SQL, Docker, ONNX, AWS SageMaker, Transformers, FastAPI, Python, TensorFlow","Join Hyperion Software (Remote (India)) as a AI/ML Engineer! In this role, you will lead the architecture, design, and execution of core digital products using SQL, Scikit-Learn, Python, Docker, TensorFlow and ONNX, Transformers, AWS SageMaker, FastAPI.",2026-08-12
JOB-1797,Data Engineer,QuantVantage,Madhya Pradesh (Indore),Remote,Senior Level (5-8 yrs),1413043,4045981,2729512,INR,"SQL, Docker, Snowflake, Databricks, Kubernetes, Spark, AWS Redshift, Python","QuantVantage is expanding its engineering hub in Madhya Pradesh (Indore). We are hiring a Data Engineer with expertise in Spark, Snowflake, SQL, Docker, Python and proficiency in AWS Redshift, Kubernetes, Databricks.",2026-07-18
JOB-1798,Data Analyst,TechNova India,Tamil Nadu (Chennai),Remote,Senior Level (5-8 yrs),816850,2105145,1460997,INR,"Tableau, SQL, PowerBI, A/B Testing, Pandas, Statistics, Python, Excel","TechNova India is expanding its engineering hub in Tamil Nadu (Chennai). We are hiring a Data Analyst with expertise in Tableau, PowerBI, Python, SQL, Excel and proficiency in A/B Testing, Pandas, Statistics.",2026-08-04
JOB-1799,Data Analyst,Paytm Digital,Karnataka (Bengaluru),Remote,Entry Level (0-2 yrs),425520,1231026,828273,INR,"SQL, PowerBI, A/B Testing, R, Looker, Google Analytics, Python, Excel","Paytm Digital is expanding its engineering hub in Karnataka (Bengaluru). We are hiring a Data Analyst with expertise in Excel, PowerBI, Python, SQL and proficiency in R, Google Analytics, Looker, A/B Testing.",2026-06-26
JOB-1800,Cloud Architect,Swiggy Engineering,Remote (India),Remote,Mid Level (2-5 yrs),1863289,4812960,3338124,INR,"Kubernetes, Cloud Security, AWS, Networking, Python, Microservices","We are seeking an experienced Cloud Architect at Swiggy Engineering in Remote (India). You will work closely with engineering teams to implement high-impact systems using Python, AWS, Kubernetes, Cloud Security. Expert knowledge of Kubernetes, Cloud Security, AWS, Networking, Python, Microservices is required.",2026-07-15
JOB-1801,Product Manager (Tech),Paytm Digital,Delhi NCR (Noida),Remote,Senior Level (5-8 yrs),2080699,5619104,3849901,INR,"SQL, System Architecture, Data Analytics, Product Strategy, Agile, User Research, Jira, A/B Testing","Paytm Digital is expanding its engineering hub in Delhi NCR (Noida). We are hiring a Product Manager (Tech) with expertise in User Research, SQL, Product Strategy, Agile and proficiency in Data Analytics, Jira, A/B Testing, System Architecture.",2026-06-29
JOB-1802,Cybersecurity Specialist,TechNova India,Rajasthan (Jaipur),Onsite,Mid Level (2-5 yrs),915187,2739244,1827215,INR,"Compliance, Firewalls, CISSP, SIEM, Network Security, Python, Penetration Testing, Linux","TechNova India is expanding its engineering hub in Rajasthan (Jaipur). We are hiring a Cybersecurity Specialist with expertise in SIEM, Network Security, Penetration Testing, Linux, Python and proficiency in CISSP, Compliance, Firewalls.",2026-07-22
JOB-1803,DevOps & Cloud Engineer,Flipkart Labs,Punjab (Mohali / Chandigarh),Onsite,Senior Level (5-8 yrs),1550293,4573375,3061834,INR,"Bash, Docker, AWS, CI/CD, Ansible, Python","We are seeking an experienced DevOps & Cloud Engineer at Flipkart Labs in Punjab (Mohali / Chandigarh). You will work closely with engineering teams to implement high-impact systems using Docker, CI/CD, AWS. Expert knowledge of Bash, Docker, AWS, CI/CD, Ansible, Python is required.",2026-07-02
JOB-1804,Full Stack Developer,Swiggy Engineering,Punjab (Mohali / Chandigarh),Remote,Mid Level (2-5 yrs),757276,2601541,1679408,INR,"SQL, TailwindCSS, TypeScript, Node.js, Python, MongoDB","Join Swiggy Engineering (Punjab (Mohali / Chandigarh)) as a Full Stack Developer! In this role, you will lead the architecture, design, and execution of core digital products using TypeScript, SQL, Python, Node.js and TailwindCSS, MongoDB.",2026-08-19
JOB-1805,Full Stack Developer,ByteCraft Inc,Telangana (Hyderabad),Hybrid,Entry Level (0-2 yrs),590350,1710312,1150331,INR,"SQL, TailwindCSS, PostgreSQL, JavaScript, TypeScript, Node.js, Python, Express","We are seeking an experienced Full Stack Developer at ByteCraft Inc in Telangana (Hyderabad). You will work closely with engineering teams to implement high-impact systems using SQL, TypeScript, Node.js, JavaScript, Python. Expert knowledge of SQL, TailwindCSS, PostgreSQL, JavaScript, TypeScript, Node.js, Python, Express is required.",2026-08-15
JOB-1806,Full Stack Developer,Zomato Tech,Remote (Global),Remote,Entry Level (0-2 yrs),614337,1780729,1197533,INR,"React, TailwindCSS, JavaScript, AWS, Node.js, Express, GraphQL","Join Zomato Tech (Remote (Global)) as a Full Stack Developer! In this role, you will lead the architecture, design, and execution of core digital products using JavaScript, Node.js, React and GraphQL, TailwindCSS, Express, AWS.",2026-07-21
JOB-1807,Data Analyst,Zomato Tech,Telangana (Hyderabad),Hybrid,Entry Level (0-2 yrs),414468,1197909,806188,INR,"SQL, PowerBI, Snowflake, R, Google Analytics, Python, Excel","Join Zomato Tech (Telangana (Hyderabad)) as a Data Analyst! In this role, you will lead the architecture, design, and execution of core digital products using Excel, PowerBI, SQL, Python and Google Analytics, Snowflake, R.",2026-08-06
JOB-1808,Data Engineer,Hyperion Software,Remote (India),Remote,Entry Level (0-2 yrs),647912,1825057,1236484,INR,"Docker, PostgreSQL, Spark, Kafka, Python, Airflow","Hyperion Software is expanding its engineering hub in Remote (India). We are hiring a Data Engineer with expertise in Docker, Spark, Python, Airflow and proficiency in PostgreSQL, Kafka.",2026-07-21
JOB-1809,AI/ML Engineer,CloudScale Labs,Delhi NCR (Noida),Onsite,Senior Level (5-8 yrs),1761300,5204113,3482706,INR,"Scikit-Learn, SQL, LangChain, Docker, FastAPI, PyTorch","We are seeking an experienced AI/ML Engineer at CloudScale Labs in Delhi NCR (Noida). You will work closely with engineering teams to implement high-impact systems using SQL, Scikit-Learn, PyTorch, Docker. Expert knowledge of Scikit-Learn, SQL, LangChain, Docker, FastAPI, PyTorch is required.",2026-07-28
JOB-1810,Data Engineer,Infosys Digital,Karnataka (Bengaluru),Hybrid,Mid Level (2-5 yrs),905699,2783481,1844590,INR,"Docker, Hive, Snowflake, PostgreSQL, Spark, Kafka, Airflow","Infosys Digital is expanding its engineering hub in Karnataka (Bengaluru). We are hiring a Data Engineer with expertise in Docker, Spark, Snowflake, Airflow and proficiency in Kafka, Hive, PostgreSQL.",2026-06-26
JOB-1811,Full Stack Developer,Vanguard AI,Maharashtra (Mumbai),Onsite,Mid Level (2-5 yrs),734739,2634331,1684535,INR,"SQL, React, PostgreSQL, JavaScript, TypeScript, Python, GraphQL","We are seeking an experienced Full Stack Developer at Vanguard AI in Maharashtra (Mumbai). You will work closely with engineering teams to implement high-impact systems using SQL, Python, TypeScript, JavaScript, React. Expert knowledge of SQL, React, PostgreSQL, JavaScript, TypeScript, Python, GraphQL is required.",2026-07-21
JOB-1812,Product Manager (Tech),Vanguard AI,Uttar Pradesh (Lucknow),Remote,Senior Level (5-8 yrs),2116794,5806147,3961470,INR,"SQL, Data Analytics, Growth Hacking, Agile, Product Strategy, User Research, Roadmapping","Vanguard AI is expanding its engineering hub in Uttar Pradesh (Lucknow). We are hiring a Product Manager (Tech) with expertise in Agile, User Research, Product Strategy, SQL, Roadmapping and proficiency in Data Analytics, Growth Hacking.",2026-07-06
JOB-1813,Data Engineer,OmniCloud Systems,Remote (India),Remote,Senior Level (5-8 yrs),1468091,4090338,2779214,INR,"SQL, Docker, Snowflake, Spark, dbt, AWS Redshift, Python","Join OmniCloud Systems (Remote (India)) as a Data Engineer! In this role, you will lead the architecture, design, and execution of core digital products using SQL, Docker, Snowflake, Spark, Python and AWS Redshift, dbt.",2026-06-25
JOB-1814,Data Engineer,HCL Tech Solutions,Gujarat (Ahmedabad / GIFT City),Hybrid,Entry Level (0-2 yrs),682467,1820926,1251696,INR,"SQL, Docker, Snowflake, Kubernetes, Spark, GCP BigQuery, Airflow","HCL Tech Solutions is expanding its engineering hub in Gujarat (Ahmedabad / GIFT City). We are hiring a Data Engineer with expertise in Spark, Docker, Airflow, Snowflake, SQL and proficiency in Kubernetes, GCP BigQuery.",2026-06-22
JOB-1815,AI/ML Engineer,Hyperion Software,Maharashtra (Mumbai),Remote,Lead / Principal (8+ yrs),2003200,6450105,4226652,INR,"Docker, ONNX, Ray, Python, PyTorch","Join Hyperion Software (Maharashtra (Mumbai)) as a AI/ML Engineer! In this role, you will lead the architecture, design, and execution of core digital products using PyTorch, Python, Docker and Ray, ONNX.",2026-08-08
JOB-1816,Cybersecurity Specialist,ByteCraft Inc,Delhi NCR (Noida),Hybrid,Senior Level (5-8 yrs),1337361,3630794,2484077,INR,"Compliance, CISSP, SIEM, Cryptography, Network Security, Python, Penetration Testing, Linux","ByteCraft Inc is expanding its engineering hub in Delhi NCR (Noida). We are hiring a Cybersecurity Specialist with expertise in SIEM, Network Security, Linux, Python, Penetration Testing and proficiency in CISSP, Compliance, Cryptography.",2026-07-22
JOB-1817,Data Engineer,QuantVantage,Remote (Global),Remote,Mid Level (2-5 yrs),924055,2919109,1921582,INR,"SQL, Snowflake, dbt, Scala, Python, Airflow","We are seeking an experienced Data Engineer at QuantVantage in Remote (Global). You will work closely with engineering teams to implement high-impact systems using Airflow, Python, SQL, Snowflake. Expert knowledge of SQL, Snowflake, dbt, Scala, Python, Airflow is required.",2026-06-26
JOB-1818,Cloud Architect,CyberShield Tech,Uttar Pradesh (Lucknow),Hybrid,Mid Level (2-5 yrs),2110364,4510730,3310547,INR,"Serverless, Docker, IAM, Azure, Kubernetes, Terraform, Microservices","CyberShield Tech is expanding its engineering hub in Uttar Pradesh (Lucknow). We are hiring a Cloud Architect with expertise in Kubernetes, Azure, Terraform and proficiency in Docker, Microservices, IAM, Serverless.",2026-07-29
JOB-1819,Full Stack Developer,Flipkart Labs,Remote (Global),Remote,Mid Level (2-5 yrs),746501,2464470,1605485,INR,"SQL, Docker, React, JavaScript, TypeScript, Python, Express, GraphQL","Flipkart Labs is expanding its engineering hub in Remote (Global). We are hiring a Full Stack Developer with expertise in React, Python, TypeScript, SQL, JavaScript and proficiency in Docker, Express, GraphQL.",2026-08-06
JOB-1820,Full Stack Developer,Swiggy Engineering,Madhya Pradesh (Indore),Remote,Mid Level (2-5 yrs),870102,2160169,1515135,INR,"Docker, Redis, React, TypeScript, Node.js, Python, GraphQL","Join Swiggy Engineering (Madhya Pradesh (Indore)) as a Full Stack Developer! In this role, you will lead the architecture, design, and execution of core digital products using React, Node.js, Python, TypeScript and GraphQL, Docker, Redis.",2026-07-06
JOB-1821,Data Analyst,Wipro Cloud,Maharashtra (Pune),Remote,Senior Level (5-8 yrs),782786,2203716,1493251,INR,"SQL, A/B Testing, Snowflake, Python, Excel","Wipro Cloud is expanding its engineering hub in Maharashtra (Pune). We are hiring a Data Analyst with expertise in Python, Excel, SQL and proficiency in Snowflake, A/B Testing.",2026-08-08
JOB-1822,DevOps & Cloud Engineer,Pulse Analytics,Maharashtra (Pune),Remote,Lead / Principal (8+ yrs),2105100,5839248,3972174,INR,"Python, GitLab CI, Docker, Kubernetes, Terraform, Bash, Linux, Prometheus","We are seeking an experienced DevOps & Cloud Engineer at Pulse Analytics in Maharashtra (Pune). You will work closely with engineering teams to implement high-impact systems using Docker, Terraform, Linux, Kubernetes. Expert knowledge of Python, GitLab CI, Docker, Kubernetes, Terraform, Bash, Linux, Prometheus is required.",2026-07-11
JOB-1823,Data Engineer,Zomato Tech,Kerala (Kochi),Onsite,Entry Level (0-2 yrs),639856,2147765,1393810,INR,"SQL, Docker, Hive, Snowflake, Spark, dbt, Scala, Airflow","Zomato Tech is expanding its engineering hub in Kerala (Kochi). We are hiring a Data Engineer with expertise in Snowflake, Airflow, SQL, Spark, Docker and proficiency in dbt, Scala, Hive.",2026-07-30
JOB-1824,Data Analyst,CloudScale Labs,Rajasthan (Jaipur),Hybrid,Entry Level (0-2 yrs),385440,1171914,778677,INR,"Tableau, PowerBI, R, Statistics, Google Analytics, Python, Excel","CloudScale Labs is expanding its engineering hub in Rajasthan (Jaipur). We are hiring a Data Analyst with expertise in Excel, Python, Tableau, PowerBI and proficiency in Statistics, Google Analytics, R.",2026-06-26
JOB-1825,Cloud Architect,HCL Tech Solutions,Remote (India),Remote,Senior Level (5-8 yrs),2704144,6944419,4824281,INR,"IAM, Azure, Kubernetes, System Design, AWS, Terraform, Networking, Enterprise Architecture","Join HCL Tech Solutions (Remote (India)) as a Cloud Architect! In this role, you will lead the architecture, design, and execution of core digital products using Terraform, AWS, Kubernetes, Azure and Networking, System Design, IAM, Enterprise Architecture.",2026-07-29
JOB-1826,Data Engineer,TechNova India,Telangana (Hyderabad),Onsite,Senior Level (5-8 yrs),1396601,4003606,2700103,INR,"SQL, Snowflake, Databricks, Kubernetes, Kafka, GCP BigQuery, Airflow","TechNova India is expanding its engineering hub in Telangana (Hyderabad). We are hiring a Data Engineer with expertise in Snowflake, Airflow, SQL and proficiency in GCP BigQuery, Databricks, Kafka, Kubernetes.",2026-07-27
JOB-1827,Cybersecurity Specialist,CloudScale Labs,Telangana (Hyderabad),Onsite,Senior Level (5-8 yrs),1221520,3849763,2535641,INR,"Compliance, Wireshark, Incident Response, SIEM, Cryptography, Network Security, Python, Penetration Testing, Linux","Join CloudScale Labs (Telangana (Hyderabad)) as a Cybersecurity Specialist! In this role, you will lead the architecture, design, and execution of core digital products using Network Security, Penetration Testing, SIEM, Linux, Python and Cryptography, Compliance, Incident Response, Wireshark.",2026-07-15
JOB-1828,AI/ML Engineer,Hyperion Software,Madhya Pradesh (Indore),Onsite,Lead / Principal (8+ yrs),2354041,6771629,4562835,INR,"SQL, CUDA, ONNX, Kubernetes, FastAPI, Python, PyTorch","Join Hyperion Software (Madhya Pradesh (Indore)) as a AI/ML Engineer! In this role, you will lead the architecture, design, and execution of core digital products using SQL, PyTorch, Python and ONNX, CUDA, FastAPI, Kubernetes.",2026-07-29
JOB-1829,Cloud Architect,Pulse Analytics,Gujarat (Ahmedabad / GIFT City),Hybrid,Mid Level (2-5 yrs),2108323,4845386,3476854,INR,"Docker, Cloud Security, Terraform, Networking, Python","Join Pulse Analytics (Gujarat (Ahmedabad / GIFT City)) as a Cloud Architect! In this role, you will lead the architecture, design, and execution of core digital products using Cloud Security, Terraform, Python and Docker, Networking.",2026-07-04
JOB-1830,Cybersecurity Specialist,Pulse Analytics,Delhi NCR (Gurugram),Hybrid,Senior Level (5-8 yrs),1236328,3728670,2482499,INR,"SOC, Firewalls, SIEM, Python, Penetration Testing, Linux","Pulse Analytics is expanding its engineering hub in Delhi NCR (Gurugram). We are hiring a Cybersecurity Specialist with expertise in Linux, Python, SIEM, Penetration Testing and proficiency in Firewalls, SOC.",2026-08-09
JOB-1831,Cybersecurity Specialist,Wipro Cloud,West Bengal (Kolkata),Onsite,Mid Level (2-5 yrs),914732,2812591,1863661,INR,"Compliance, Wireshark, Firewalls, SIEM, Network Security, Penetration Testing, Linux","Wipro Cloud is expanding its engineering hub in West Bengal (Kolkata). We are hiring a Cybersecurity Specialist with expertise in SIEM, Linux, Network Security, Penetration Testing and proficiency in Wireshark, Compliance, Firewalls.",2026-07-10
JOB-1832,Data Analyst,Swiggy Engineering,Delhi NCR (Gurugram),Hybrid,Senior Level (5-8 yrs),876269,2254706,1565487,INR,"SQL, Pandas, A/B Testing, Snowflake, Looker, Python, Excel","Join Swiggy Engineering (Delhi NCR (Gurugram)) as a Data Analyst! In this role, you will lead the architecture, design, and execution of core digital products using Python, SQL, Excel and Snowflake, A/B Testing, Looker, Pandas.",2026-08-12
JOB-1833,Cybersecurity Specialist,DataStream Corp,Kerala (Kochi),Onsite,Mid Level (2-5 yrs),837902,2856192,1847047,INR,"AWS Security, Incident Response, SIEM, Python, Linux","We are seeking an experienced Cybersecurity Specialist at DataStream Corp in Kerala (Kochi). You will work closely with engineering teams to implement high-impact systems using Linux, Python, SIEM. Expert knowledge of AWS Security, Incident Response, SIEM, Python, Linux is required.",2026-07-20
JOB-1834,DevOps & Cloud Engineer,HCL Tech Solutions,Gujarat (Ahmedabad / GIFT City),Remote,Mid Level (2-5 yrs),1174344,2948715,2061529,INR,"GitLab CI, Docker, Kubernetes, Ansible, Linux","HCL Tech Solutions is expanding its engineering hub in Gujarat (Ahmedabad / GIFT City). We are hiring a DevOps & Cloud Engineer with expertise in Docker, Linux, Kubernetes and proficiency in Ansible, GitLab CI.",2026-07-15
JOB-1835,DevOps & Cloud Engineer,Vanguard AI,Delhi NCR (Gurugram),Onsite,Mid Level (2-5 yrs),1188011,3262153,2225082,INR,"Docker, Azure, Kubernetes, GCP, AWS, CI/CD, Terraform, Bash","Join Vanguard AI (Delhi NCR (Gurugram)) as a DevOps & Cloud Engineer! In this role, you will lead the architecture, design, and execution of core digital products using AWS, Terraform, Kubernetes, CI/CD, Docker and GCP, Azure, Bash.",2026-07-17
JOB-1836,Cloud Architect,Nexus AI,Tamil Nadu (Chennai),Hybrid,Senior Level (5-8 yrs),2923259,7012406,4967832,INR,"IAM, Azure, Kubernetes, GCP, AWS, Terraform, Networking, Python, Microservices","Nexus AI is expanding its engineering hub in Tamil Nadu (Chennai). We are hiring a Cloud Architect with expertise in Azure, Kubernetes, Python, AWS, Terraform and proficiency in IAM, GCP, Networking, Microservices.",2026-07-16
JOB-1837,DevOps & Cloud Engineer,ByteCraft Inc,West Bengal (Kolkata),Onsite,Senior Level (5-8 yrs),1558467,4249556,2904011,INR,"Bash, Kubernetes, AWS, CI/CD, Ansible, Terraform, Python","We are seeking an experienced DevOps & Cloud Engineer at ByteCraft Inc in West Bengal (Kolkata). You will work closely with engineering teams to implement high-impact systems using AWS, Terraform, CI/CD, Kubernetes. Expert knowledge of Bash, Kubernetes, AWS, CI/CD, Ansible, Terraform, Python is required.",2026-06-24
JOB-1838,Cloud Architect,OmniCloud Systems,Tamil Nadu (Chennai),Remote,Senior Level (5-8 yrs),2761264,7075306,4918285,INR,"Docker, IAM, Kubernetes, Cloud Security, GCP, Networking, Python","We are seeking an experienced Cloud Architect at OmniCloud Systems in Tamil Nadu (Chennai). You will work closely with engineering teams to implement high-impact systems using Python, Cloud Security, Kubernetes. Expert knowledge of Docker, IAM, Kubernetes, Cloud Security, GCP, Networking, Python is required.",2026-07-26
JOB-1839,DevOps & Cloud Engineer,ByteCraft Inc,Kerala (Kochi),Onsite,Senior Level (5-8 yrs),1605331,4081013,2843172,INR,"Grafana, Docker, GitLab CI, Azure, Kubernetes, Ansible, Terraform, Linux","We are seeking an experienced DevOps & Cloud Engineer at ByteCraft Inc in Kerala (Kochi). You will work closely with engineering teams to implement high-impact systems using Kubernetes, Docker, Terraform, Linux. Expert knowledge of Grafana, Docker, GitLab CI, Azure, Kubernetes, Ansible, Terraform, Linux is required.",2026-07-02
JOB-1840,Data Engineer,Paytm Digital,Maharashtra (Pune),Onsite,Mid Level (2-5 yrs),1085765,2928053,2006909,INR,"SQL, Hive, Docker, Snowflake, Kubernetes, PostgreSQL, Kafka","Join Paytm Digital (Maharashtra (Pune)) as a Data Engineer! In this role, you will lead the architecture, design, and execution of core digital products using Docker, SQL, Snowflake and PostgreSQL, Hive, Kafka, Kubernetes.",2026-08-15
JOB-1841,Data Engineer,Hyperion Software,Rajasthan (Jaipur),Hybrid,Mid Level (2-5 yrs),986072,2661127,1823599,INR,"SQL, Docker, Hive, Kubernetes, PostgreSQL, Spark, Python","We are seeking an experienced Data Engineer at Hyperion Software in Rajasthan (Jaipur). You will work closely with engineering teams to implement high-impact systems using SQL, Spark, Docker, Python. Expert knowledge of SQL, Docker, Hive, Kubernetes, PostgreSQL, Spark, Python is required.",2026-08-09
JOB-1842,Data Analyst,Hyperion Software,Delhi NCR (Noida),Remote,Mid Level (2-5 yrs),547097,1559407,1053252,INR,"Tableau, SQL, PowerBI, R, Google Analytics, Python, Excel","We are seeking an experienced Data Analyst at Hyperion Software in Delhi NCR (Noida). You will work closely with engineering teams to implement high-impact systems using SQL, Tableau, Python, PowerBI, Excel. Expert knowledge of Tableau, SQL, PowerBI, R, Google Analytics, Python, Excel is required.",2026-08-20
JOB-1843,AI/ML Engineer,TechNova India,Kerala (Thiruvananthapuram),Hybrid,Mid Level (2-5 yrs),1314185,3217876,2266030,INR,"Scikit-Learn, SQL, CUDA, Docker, AWS SageMaker, Transformers, FastAPI, Python, TensorFlow","TechNova India is expanding its engineering hub in Kerala (Thiruvananthapuram). We are hiring a AI/ML Engineer with expertise in SQL, TensorFlow, Python, Scikit-Learn, Docker and proficiency in AWS SageMaker, FastAPI, Transformers, CUDA.",2026-06-23
JOB-1844,Full Stack Developer,Paytm Digital,Punjab (Mohali / Chandigarh),Onsite,Entry Level (0-2 yrs),594406,1616719,1105562,INR,"SQL, Next.js, TypeScript, Node.js, Python, Express","Join Paytm Digital (Punjab (Mohali / Chandigarh)) as a Full Stack Developer! In this role, you will lead the architecture, design, and execution of core digital products using SQL, TypeScript, Python, Node.js and Next.js, Express.",2026-08-14
JOB-1845,Cloud Architect,Infosys Digital,Remote (Global),Remote,Entry Level (0-2 yrs),1492895,3550890,2521892,INR,"Docker, IAM, Azure, Kubernetes, Terraform, Networking, Enterprise Architecture","We are seeking an experienced Cloud Architect at Infosys Digital in Remote (Global). You will work closely with engineering teams to implement high-impact systems using Terraform, Azure, Kubernetes. Expert knowledge of Docker, IAM, Azure, Kubernetes, Terraform, Networking, Enterprise Architecture is required.",2026-07-09
JOB-1846,Data Engineer,QuantVantage,Gujarat (Ahmedabad / GIFT City),Hybrid,Entry Level (0-2 yrs),748688,1799653,1274170,INR,"SQL, Docker, dbt, Scala, Python, Airflow","QuantVantage is expanding its engineering hub in Gujarat (Ahmedabad / GIFT City). We are hiring a Data Engineer with expertise in SQL, Airflow, Python, Docker and proficiency in Scala, dbt.",2026-07-31
JOB-1847,Cybersecurity Specialist,Swiggy Engineering,Delhi NCR (Noida),Hybrid,Mid Level (2-5 yrs),898283,2595444,1746863,INR,"Wireshark, Incident Response, Cryptography, SIEM, Python, Penetration Testing, Linux","Join Swiggy Engineering (Delhi NCR (Noida)) as a Cybersecurity Specialist! In this role, you will lead the architecture, design, and execution of core digital products using Python, Linux, SIEM, Penetration Testing and Cryptography, Incident Response, Wireshark.",2026-07-16
JOB-1848,Product Manager (Tech),Paytm Digital,Rajasthan (Jaipur),Hybrid,Mid Level (2-5 yrs),1512836,3907108,2709972,INR,"SQL, System Architecture, Growth Hacking, Agile, User Research, Figma, Roadmapping","Paytm Digital is expanding its engineering hub in Rajasthan (Jaipur). We are hiring a Product Manager (Tech) with expertise in Agile, Roadmapping, SQL, User Research and proficiency in Figma, Growth Hacking, System Architecture.",2026-08-17
JOB-1849,AI/ML Engineer,CloudScale Labs,Kerala (Kochi),Hybrid,Entry Level (0-2 yrs),915594,2642254,1778924,INR,"Scikit-Learn, SQL, LangChain, MLflow, Kubernetes, AWS SageMaker, Python, TensorFlow, PyTorch","CloudScale Labs is expanding its engineering hub in Kerala (Kochi). We are hiring a AI/ML Engineer with expertise in Python, Scikit-Learn, PyTorch, TensorFlow, SQL and proficiency in MLflow, Kubernetes, LangChain, AWS SageMaker.",2026-07-31
JOB-1850,Data Engineer,Wipro Cloud,Remote (India),Remote,Mid Level (2-5 yrs),1031918,3032537,2032227,INR,"SQL, Docker, Hive, Snowflake, Databricks, dbt, Kafka, Python, Airflow","Join Wipro Cloud (Remote (India)) as a Data Engineer! In this role, you will lead the architecture, design, and execution of core digital products using Snowflake, Python, Docker, SQL, Airflow and dbt, Databricks, Kafka, Hive.",2026-08-09
JOB-1851,Cybersecurity Specialist,HCL Tech Solutions,Punjab (Mohali / Chandigarh),Hybrid,Entry Level (0-2 yrs),656481,1966359,1311420,INR,"SOC, AWS Security, Compliance, Incident Response, Python, Penetration Testing, Linux","Join HCL Tech Solutions (Punjab (Mohali / Chandigarh)) as a Cybersecurity Specialist! In this role, you will lead the architecture, design, and execution of core digital products using Penetration Testing, Python, Linux and AWS Security, Incident Response, SOC, Compliance.",2026-08-07
JOB-1852,Data Analyst,Vanguard AI,Karnataka (Bengaluru),Hybrid,Senior Level (5-8 yrs),763022,2359672,1561347,INR,"Tableau, PowerBI, BigQuery, Snowflake, R, Statistics, Python, Excel","We are seeking an experienced Data Analyst at Vanguard AI in Karnataka (Bengaluru). You will work closely with engineering teams to implement high-impact systems using Tableau, Python, Excel, PowerBI. Expert knowledge of Tableau, PowerBI, BigQuery, Snowflake, R, Statistics, Python, Excel is required.",2026-07-09
JOB-1853,DevOps & Cloud Engineer,Nexus AI,Telangana (Hyderabad),Remote,Entry Level (0-2 yrs),737111,2249313,1493212,INR,"Grafana, Docker, ArgoCD, Kubernetes, GCP, CI/CD, Bash, Linux","Join Nexus AI (Telangana (Hyderabad)) as a DevOps & Cloud Engineer! In this role, you will lead the architecture, design, and execution of core digital products using Linux, Docker, Kubernetes, CI/CD and Grafana, GCP, Bash, ArgoCD.",2026-08-14
JOB-1854,Data Engineer,Hyperion Software,Delhi NCR (Noida),Remote,Mid Level (2-5 yrs),907606,2737315,1822460,INR,"SQL, Docker, Hive, Snowflake, dbt, Scala, Python","We are seeking an experienced Data Engineer at Hyperion Software in Delhi NCR (Noida). You will work closely with engineering teams to implement high-impact systems using SQL, Docker, Python, Snowflake. Expert knowledge of SQL, Docker, Hive, Snowflake, dbt, Scala, Python is required.",2026-07-03
JOB-1855,Data Engineer,HCL Tech Solutions,Madhya Pradesh (Indore),Onsite,Mid Level (2-5 yrs),1013760,3051210,2032485,INR,"SQL, Snowflake, Kubernetes, Spark, Kafka, Python, Airflow","Join HCL Tech Solutions (Madhya Pradesh (Indore)) as a Data Engineer! In this role, you will lead the architecture, design, and execution of core digital products using SQL, Airflow, Python, Spark, Snowflake and Kubernetes, Kafka.",2026-06-26
JOB-1856,Data Analyst,Infosys Digital,Punjab (Mohali / Chandigarh),Hybrid,Mid Level (2-5 yrs),580306,1670777,1125541,INR,"Tableau, SQL, PowerBI, Pandas, A/B Testing, BigQuery, Snowflake, Python, Excel","We are seeking an experienced Data Analyst at Infosys Digital in Punjab (Mohali / Chandigarh). You will work closely with engineering teams to implement high-impact systems using SQL, Excel, Python, PowerBI, Tableau. Expert knowledge of Tableau, SQL, PowerBI, Pandas, A/B Testing, BigQuery, Snowflake, Python, Excel is required.",2026-06-26
JOB-1857,Product Manager (Tech),Nexus AI,Gujarat (Ahmedabad / GIFT City),Onsite,Mid Level (2-5 yrs),1472977,3826048,2649512,INR,"SQL, Growth Hacking, Product Strategy, Agile, User Research, Jira, Roadmapping","Nexus AI is expanding its engineering hub in Gujarat (Ahmedabad / GIFT City). We are hiring a Product Manager (Tech) with expertise in Product Strategy, Roadmapping, User Research, SQL, Agile and proficiency in Growth Hacking, Jira.",2026-07-05
JOB-1858,Full Stack Developer,QuantVantage,Punjab (Mohali / Chandigarh),Remote,Entry Level (0-2 yrs),547403,1702496,1124949,INR,"SQL, Next.js, Redis, TailwindCSS, JavaScript, TypeScript","We are seeking an experienced Full Stack Developer at QuantVantage in Punjab (Mohali / Chandigarh). You will work closely with engineering teams to implement high-impact systems using SQL, TypeScript, JavaScript. Expert knowledge of SQL, Next.js, Redis, TailwindCSS, JavaScript, TypeScript is required.",2026-07-03
JOB-1859,AI/ML Engineer,Flipkart Labs,Maharashtra (Pune),Remote,Senior Level (5-8 yrs),1741448,5010356,3375902,INR,"Scikit-Learn, SQL, CUDA, Docker, ONNX, Ray, AWS SageMaker, TensorFlow","Join Flipkart Labs (Maharashtra (Pune)) as a AI/ML Engineer! In this role, you will lead the architecture, design, and execution of core digital products using SQL, Scikit-Learn, TensorFlow, Docker and Ray, AWS SageMaker, ONNX, CUDA.",2026-07-11
JOB-1860,Product Manager (Tech),OmniCloud Systems,Tamil Nadu (Chennai),Hybrid,Mid Level (2-5 yrs),1572001,3748119,2660060,INR,"SQL, System Architecture, Data Analytics, Product Strategy, Agile, A/B Testing, Roadmapping","Join OmniCloud Systems (Tamil Nadu (Chennai)) as a Product Manager (Tech)! In this role, you will lead the architecture, design, and execution of core digital products using Product Strategy, Roadmapping, SQL, Agile and Data Analytics, A/B Testing, System Architecture.",2026-08-11
JOB-1861,AI/ML Engineer,ByteCraft Inc,Madhya Pradesh (Indore),Onsite,Senior Level (5-8 yrs),1808896,4861369,3335132,INR,"Scikit-Learn, LangChain, Ray, TensorFlow, PyTorch","Join ByteCraft Inc (Madhya Pradesh (Indore)) as a AI/ML Engineer! In this role, you will lead the architecture, design, and execution of core digital products using Scikit-Learn, PyTorch, TensorFlow and Ray, LangChain.",2026-07-23
JOB-1862,Cybersecurity Specialist,ByteCraft Inc,Punjab (Mohali / Chandigarh),Hybrid,Mid Level (2-5 yrs),875414,2580955,1728184,INR,"AWS Security, Firewalls, Incident Response, Cryptography, Network Security, Python, Penetration Testing, Linux","Join ByteCraft Inc (Punjab (Mohali / Chandigarh)) as a Cybersecurity Specialist! In this role, you will lead the architecture, design, and execution of core digital products using Python, Penetration Testing, Network Security, Linux and Incident Response, AWS Security, Firewalls, Cryptography.",2026-07-28
JOB-1863,Data Analyst,Wipro Cloud,Rajasthan (Jaipur),Remote,Mid Level (2-5 yrs),606203,1490150,1048176,INR,"Tableau, SQL, PowerBI, Statistics, Looker, Python, Excel","Join Wipro Cloud (Rajasthan (Jaipur)) as a Data Analyst! In this role, you will lead the architecture, design, and execution of core digital products using Excel, Tableau, PowerBI, Python, SQL and Statistics, Looker.",2026-06-22
JOB-1864,Cybersecurity Specialist,Infosys Digital,Uttar Pradesh (Lucknow),Remote,Senior Level (5-8 yrs),1237645,3617126,2427385,INR,"SOC, AWS Security, Firewalls, Cryptography, SIEM, Network Security, Python, Penetration Testing","Infosys Digital is expanding its engineering hub in Uttar Pradesh (Lucknow). We are hiring a Cybersecurity Specialist with expertise in Penetration Testing, Python, SIEM, Network Security and proficiency in Cryptography, AWS Security, Firewalls, SOC.",2026-08-12
JOB-1865,Product Manager (Tech),QuantVantage,Remote (Global),Remote,Senior Level (5-8 yrs),2029233,4883703,3456468,INR,"SQL, System Architecture, Agile, Jira, Roadmapping","Join QuantVantage (Remote (Global)) as a Product Manager (Tech)! In this role, you will lead the architecture, design, and execution of core digital products using Agile, Roadmapping, SQL and Jira, System Architecture.",2026-08-08
JOB-1866,Full Stack Developer,Wipro Cloud,Kerala (Kochi),Remote,Mid Level (2-5 yrs),848373,2236709,1542541,INR,"SQL, Next.js, Docker, Redis, TypeScript, Node.js, Python, MongoDB","We are seeking an experienced Full Stack Developer at Wipro Cloud in Kerala (Kochi). You will work closely with engineering teams to implement high-impact systems using Python, Node.js, SQL, TypeScript. Expert knowledge of SQL, Next.js, Docker, Redis, TypeScript, Node.js, Python, MongoDB is required.",2026-08-10
JOB-1867,Cybersecurity Specialist,DataStream Corp,Madhya Pradesh (Indore),Remote,Mid Level (2-5 yrs),834407,2538093,1686250,INR,"SOC, Wireshark, Incident Response, CISSP, SIEM, Network Security, Python, Penetration Testing, Linux","Join DataStream Corp (Madhya Pradesh (Indore)) as a Cybersecurity Specialist! In this role, you will lead the architecture, design, and execution of core digital products using SIEM, Linux, Penetration Testing, Network Security, Python and CISSP, Incident Response, Wireshark, SOC.",2026-07-21
JOB-1868,Full Stack Developer,TechNova India,Punjab (Mohali / Chandigarh),Hybrid,Mid Level (2-5 yrs),731022,2224772,1477897,INR,"SQL, Next.js, Redis, Docker, JavaScript, Node.js, GraphQL","Join TechNova India (Punjab (Mohali / Chandigarh)) as a Full Stack Developer! In this role, you will lead the architecture, design, and execution of core digital products using Node.js, JavaScript, SQL and GraphQL, Redis, Next.js, Docker.",2026-07-08
JOB-1869,Cybersecurity Specialist,TCS Innovation Labs,Telangana (Hyderabad),Onsite,Entry Level (0-2 yrs),619635,1699537,1159586,INR,"SOC, Compliance, AWS Security, Wireshark, SIEM, Network Security, Python, Penetration Testing, Linux","Join TCS Innovation Labs (Telangana (Hyderabad)) as a Cybersecurity Specialist! In this role, you will lead the architecture, design, and execution of core digital products using Linux, Penetration Testing, SIEM, Network Security, Python and Compliance, Wireshark, AWS Security, SOC.",2026-08-08
JOB-1870,Data Analyst,Zomato Tech,Karnataka (Bengaluru),Hybrid,Mid Level (2-5 yrs),580502,1527307,1053904,INR,"Tableau, SQL, Snowflake, Statistics, Google Analytics, Python","Zomato Tech is expanding its engineering hub in Karnataka (Bengaluru). We are hiring a Data Analyst with expertise in SQL, Python, Tableau and proficiency in Google Analytics, Statistics, Snowflake.",2026-07-22
JOB-1871,Data Engineer,QuantVantage,Maharashtra (Mumbai),Remote,Senior Level (5-8 yrs),1368751,4073106,2720928,INR,"SQL, Docker, Snowflake, Spark, Scala, GCP BigQuery, Python","Join QuantVantage (Maharashtra (Mumbai)) as a Data Engineer! In this role, you will lead the architecture, design, and execution of core digital products using Python, Snowflake, Docker, SQL, Spark and Scala, GCP BigQuery.",2026-07-07
JOB-1872,Cybersecurity Specialist,QuantVantage,Punjab (Mohali / Chandigarh),Onsite,Senior Level (5-8 yrs),1204973,3336646,2270809,INR,"AWS Security, Compliance, Firewalls, Incident Response, SIEM, Network Security, Python, Linux","Join QuantVantage (Punjab (Mohali / Chandigarh)) as a Cybersecurity Specialist! In this role, you will lead the architecture, design, and execution of core digital products using SIEM, Linux, Network Security, Python and AWS Security, Compliance, Firewalls, Incident Response.",2026-06-23
JOB-1873,Data Engineer,QuantVantage,Remote (Global),Remote,Senior Level (5-8 yrs),1278188,3976376,2627282,INR,"SQL, Docker, Kubernetes, PostgreSQL, Python","We are seeking an experienced Data Engineer at QuantVantage in Remote (Global). You will work closely with engineering teams to implement high-impact systems using SQL, Python, Docker. Expert knowledge of SQL, Docker, Kubernetes, PostgreSQL, Python is required.",2026-07-02
JOB-1874,Data Engineer,Nexus AI,Karnataka (Bengaluru),Onsite,Entry Level (0-2 yrs),644816,1811815,1228315,INR,"SQL, Hive, Snowflake, Kubernetes, Spark, Scala, GCP BigQuery, Python","Nexus AI is expanding its engineering hub in Karnataka (Bengaluru). We are hiring a Data Engineer with expertise in Snowflake, Python, SQL, Spark and proficiency in Scala, Kubernetes, GCP BigQuery, Hive.",2026-08-12
JOB-1875,DevOps & Cloud Engineer,Nexus AI,Delhi NCR (Gurugram),Remote,Senior Level (5-8 yrs),1505165,4305379,2905272,INR,"Docker, Ansible, Terraform, Python, Linux","We are seeking an experienced DevOps & Cloud Engineer at Nexus AI in Delhi NCR (Gurugram). You will work closely with engineering teams to implement high-impact systems using Linux, Terraform, Docker. Expert knowledge of Docker, Ansible, Terraform, Python, Linux is required.",2026-07-21
JOB-1876,DevOps & Cloud Engineer,OmniCloud Systems,Delhi NCR (Gurugram),Hybrid,Mid Level (2-5 yrs),1047917,3226905,2137411,INR,"Kubernetes, AWS, CI/CD, Terraform, Bash, Linux, Prometheus","OmniCloud Systems is expanding its engineering hub in Delhi NCR (Gurugram). We are hiring a DevOps & Cloud Engineer with expertise in AWS, Linux, Terraform, CI/CD, Kubernetes and proficiency in Bash, Prometheus.",2026-08-08
JOB-1877,Data Engineer,Nexus AI,Delhi NCR (Noida),Remote,Senior Level (5-8 yrs),1330265,3798291,2564278,INR,"SQL, Databricks, Spark, dbt, GCP BigQuery, AWS Redshift, Airflow","We are seeking an experienced Data Engineer at Nexus AI in Delhi NCR (Noida). You will work closely with engineering teams to implement high-impact systems using SQL, Airflow, Spark. Expert knowledge of SQL, Databricks, Spark, dbt, GCP BigQuery, AWS Redshift, Airflow is required.",2026-07-18
JOB-1878,AI/ML Engineer,Apex Systems,Kerala (Kochi),Remote,Entry Level (0-2 yrs),830916,2683812,1757364,INR,"Scikit-Learn, LangChain, CUDA, ONNX, Ray, Python, TensorFlow","Apex Systems is expanding its engineering hub in Kerala (Kochi). We are hiring a AI/ML Engineer with expertise in Scikit-Learn, TensorFlow, Python and proficiency in Ray, CUDA, ONNX, LangChain.",2026-08-15
JOB-1879,Cloud Architect,Flipkart Labs,Punjab (Mohali / Chandigarh),Onsite,Senior Level (5-8 yrs),2727448,6451532,4589490,INR,"Docker, IAM, Azure, Kubernetes, Cloud Security, AWS, Terraform, Enterprise Architecture","Join Flipkart Labs (Punjab (Mohali / Chandigarh)) as a Cloud Architect! In this role, you will lead the architecture, design, and execution of core digital products using AWS, Kubernetes, Cloud Security, Terraform, Azure and IAM, Enterprise Architecture, Docker.",2026-07-31
JOB-1880,DevOps & Cloud Engineer,HCL Tech Solutions,Delhi NCR (Gurugram),Remote,Senior Level (5-8 yrs),1429761,4410463,2920112,INR,"GitLab CI, Docker, ArgoCD, Kubernetes, CI/CD, Terraform, Python","Join HCL Tech Solutions (Delhi NCR (Gurugram)) as a DevOps & Cloud Engineer! In this role, you will lead the architecture, design, and execution of core digital products using Terraform, CI/CD, Kubernetes, Docker and GitLab CI, ArgoCD, Python.",2026-06-21
JOB-1881,AI/ML Engineer,TCS Innovation Labs,Kerala (Thiruvananthapuram),Hybrid,Lead / Principal (8+ yrs),2094345,5848724,3971534,INR,"Scikit-Learn, LangChain, CUDA, Docker, Transformers, FastAPI, Python, TensorFlow, PyTorch","Join TCS Innovation Labs (Kerala (Thiruvananthapuram)) as a AI/ML Engineer! In this role, you will lead the architecture, design, and execution of core digital products using PyTorch, Scikit-Learn, TensorFlow, Python, Docker and FastAPI, LangChain, Transformers, CUDA.",2026-08-11
JOB-1882,Data Analyst,QuantVantage,Delhi NCR (Noida),Remote,Mid Level (2-5 yrs),626847,1578513,1102680,INR,"Tableau, SQL, PowerBI, Google Analytics, A/B Testing","We are seeking an experienced Data Analyst at QuantVantage in Delhi NCR (Noida). You will work closely with engineering teams to implement high-impact systems using Tableau, PowerBI, SQL. Expert knowledge of Tableau, SQL, PowerBI, Google Analytics, A/B Testing is required.",2026-07-20
JOB-1883,AI/ML Engineer,Pulse Analytics,Telangana (Hyderabad),Remote,Lead / Principal (8+ yrs),2003757,6226369,4115063,INR,"Scikit-Learn, SQL, LangChain, Docker, Kubernetes, AWS SageMaker, Ray, Python, TensorFlow","We are seeking an experienced AI/ML Engineer at Pulse Analytics in Telangana (Hyderabad). You will work closely with engineering teams to implement high-impact systems using Scikit-Learn, SQL, TensorFlow, Python, Docker. Expert knowledge of Scikit-Learn, SQL, LangChain, Docker, Kubernetes, AWS SageMaker, Ray, Python, TensorFlow is required.",2026-07-30
JOB-1884,Data Analyst,Paytm Digital,Madhya Pradesh (Indore),Onsite,Entry Level (0-2 yrs),409043,1225376,817209,INR,"Tableau, PowerBI, A/B Testing, Pandas, BigQuery, Snowflake, Python","We are seeking an experienced Data Analyst at Paytm Digital in Madhya Pradesh (Indore). You will work closely with engineering teams to implement high-impact systems using PowerBI, Tableau, Python. Expert knowledge of Tableau, PowerBI, A/B Testing, Pandas, BigQuery, Snowflake, Python is required.",2026-08-19
JOB-1885,Product Manager (Tech),Pulse Analytics,Madhya Pradesh (Indore),Remote,Mid Level (2-5 yrs),1588145,3950730,2769437,INR,"SQL, System Architecture, Data Analytics, Product Strategy, User Research, Figma, Roadmapping","We are seeking an experienced Product Manager (Tech) at Pulse Analytics in Madhya Pradesh (Indore). You will work closely with engineering teams to implement high-impact systems using Product Strategy, User Research, SQL, Roadmapping. Expert knowledge of SQL, System Architecture, Data Analytics, Product Strategy, User Research, Figma, Roadmapping is required.",2026-07-31
JOB-1886,DevOps & Cloud Engineer,Flipkart Labs,Gujarat (Ahmedabad / GIFT City),Remote,Mid Level (2-5 yrs),1106431,2977613,2042022,INR,"Docker, Azure, Kubernetes, CI/CD, Python, Linux","Flipkart Labs is expanding its engineering hub in Gujarat (Ahmedabad / GIFT City). We are hiring a DevOps & Cloud Engineer with expertise in Linux, Kubernetes, CI/CD, Docker and proficiency in Azure, Python.",2026-08-03
JOB-1887,Data Engineer,ByteCraft Inc,Rajasthan (Jaipur),Remote,Senior Level (5-8 yrs),1260854,3807236,2534045,INR,"SQL, Docker, Hive, Kubernetes, Spark, AWS Redshift, Python","ByteCraft Inc is expanding its engineering hub in Rajasthan (Jaipur). We are hiring a Data Engineer with expertise in Docker, SQL, Spark, Python and proficiency in AWS Redshift, Hive, Kubernetes.",2026-07-21
JOB-1888,Full Stack Developer,Apex Systems,Kerala (Thiruvananthapuram),Hybrid,Lead / Principal (8+ yrs),1568459,4246821,2907640,INR,"SQL, Next.js, React, PostgreSQL, JavaScript, TypeScript, Python, MongoDB","Join Apex Systems (Kerala (Thiruvananthapuram)) as a Full Stack Developer! In this role, you will lead the architecture, design, and execution of core digital products using Python, TypeScript, SQL, React, JavaScript and Next.js, PostgreSQL, MongoDB.",2026-07-24
JOB-1889,AI/ML Engineer,CyberShield Tech,West Bengal (Kolkata),Remote,Entry Level (0-2 yrs),861149,2477079,1669114,INR,"Scikit-Learn, Docker, Kubernetes, AWS SageMaker, FastAPI, Python","CyberShield Tech is expanding its engineering hub in West Bengal (Kolkata). We are hiring a AI/ML Engineer with expertise in Python, Scikit-Learn, Docker and proficiency in AWS SageMaker, FastAPI, Kubernetes.",2026-07-23
JOB-1890,Cloud Architect,DataStream Corp,West Bengal (Kolkata),Hybrid,Mid Level (2-5 yrs),2147095,4850472,3498783,INR,"Enterprise Architecture, Serverless, Kubernetes, Cloud Security, GCP, AWS, Terraform, Python","Join DataStream Corp (West Bengal (Kolkata)) as a Cloud Architect! In this role, you will lead the architecture, design, and execution of core digital products using Kubernetes, Terraform, Cloud Security, AWS, Python and GCP, Enterprise Architecture, Serverless.",2026-08-11
JOB-1891,Cloud Architect,Hyperion Software,Karnataka (Bengaluru),Onsite,Mid Level (2-5 yrs),2026246,4865788,3446017,INR,"Azure, Cloud Security, System Design, Terraform, Networking, Python","Hyperion Software is expanding its engineering hub in Karnataka (Bengaluru). We are hiring a Cloud Architect with expertise in Terraform, Azure, Cloud Security, Python and proficiency in Networking, System Design.",2026-08-17
JOB-1892,Full Stack Developer,OmniCloud Systems,Maharashtra (Pune),Remote,Entry Level (0-2 yrs),541873,1650647,1096260,INR,"SQL, Redis, TypeScript, Python, GraphQL","We are seeking an experienced Full Stack Developer at OmniCloud Systems in Maharashtra (Pune). You will work closely with engineering teams to implement high-impact systems using Python, TypeScript, SQL. Expert knowledge of SQL, Redis, TypeScript, Python, GraphQL is required.",2026-07-20
JOB-1893,Cybersecurity Specialist,Swiggy Engineering,Maharashtra (Mumbai),Onsite,Mid Level (2-5 yrs),974056,2475592,1724824,INR,"Firewalls, SIEM, Cryptography, Network Security, Python, Penetration Testing","We are seeking an experienced Cybersecurity Specialist at Swiggy Engineering in Maharashtra (Mumbai). You will work closely with engineering teams to implement high-impact systems using Python, Network Security, SIEM, Penetration Testing. Expert knowledge of Firewalls, SIEM, Cryptography, Network Security, Python, Penetration Testing is required.",2026-08-17
JOB-1894,AI/ML Engineer,CloudScale Labs,Gujarat (Ahmedabad / GIFT City),Hybrid,Entry Level (0-2 yrs),868604,2214435,1541519,INR,"LangChain, SQL, Docker, ONNX, Kubernetes, AWS SageMaker, PyTorch","Join CloudScale Labs (Gujarat (Ahmedabad / GIFT City)) as a AI/ML Engineer! In this role, you will lead the architecture, design, and execution of core digital products using PyTorch, Docker, SQL and ONNX, LangChain, Kubernetes, AWS SageMaker.",2026-07-20
JOB-1895,AI/ML Engineer,Vanguard AI,Maharashtra (Pune),Remote,Mid Level (2-5 yrs),1219579,3407682,2313630,INR,"Scikit-Learn, CUDA, Docker, ONNX, PyTorch","We are seeking an experienced AI/ML Engineer at Vanguard AI in Maharashtra (Pune). You will work closely with engineering teams to implement high-impact systems using PyTorch, Docker, Scikit-Learn. Expert knowledge of Scikit-Learn, CUDA, Docker, ONNX, PyTorch is required.",2026-07-26
JOB-1896,DevOps & Cloud Engineer,TCS Innovation Labs,Karnataka (Bengaluru),Onsite,Senior Level (5-8 yrs),1573146,4060968,2817057,INR,"Kubernetes, GCP, AWS, CI/CD, Terraform, Bash, Prometheus","Join TCS Innovation Labs (Karnataka (Bengaluru)) as a DevOps & Cloud Engineer! In this role, you will lead the architecture, design, and execution of core digital products using Kubernetes, AWS, CI/CD, Terraform and Bash, Prometheus, GCP.",2026-06-24
JOB-1897,Data Analyst,Hyperion Software,Telangana (Hyderabad),Onsite,Mid Level (2-5 yrs),586494,1474153,1030323,INR,"SQL, Pandas, PowerBI, R, Excel","We are seeking an experienced Data Analyst at Hyperion Software in Telangana (Hyderabad). You will work closely with engineering teams to implement high-impact systems using Excel, PowerBI, SQL. Expert knowledge of SQL, Pandas, PowerBI, R, Excel is required.",2026-08-08
JOB-1898,Data Analyst,Wipro Cloud,Kerala (Kochi),Hybrid,Mid Level (2-5 yrs),561710,1546858,1054284,INR,"Tableau, SQL, PowerBI, Snowflake, Statistics, Python, Excel","Join Wipro Cloud (Kerala (Kochi)) as a Data Analyst! In this role, you will lead the architecture, design, and execution of core digital products using Python, Tableau, SQL, Excel, PowerBI and Statistics, Snowflake.",2026-06-21
JOB-1899,Cybersecurity Specialist,QuantVantage,Uttar Pradesh (Lucknow),Hybrid,Senior Level (5-8 yrs),1153573,3354086,2253829,INR,"SOC, AWS Security, Firewalls, SIEM, Cryptography, Penetration Testing, Linux","We are seeking an experienced Cybersecurity Specialist at QuantVantage in Uttar Pradesh (Lucknow). You will work closely with engineering teams to implement high-impact systems using SIEM, Penetration Testing, Linux. Expert knowledge of SOC, AWS Security, Firewalls, SIEM, Cryptography, Penetration Testing, Linux is required.",2026-06-27
JOB-1900,AI/ML Engineer,Paytm Digital,Maharashtra (Mumbai),Remote,Lead / Principal (8+ yrs),2093597,6074567,4084082,INR,"Scikit-Learn, SQL, CUDA, MLflow, LangChain, FastAPI, TensorFlow","Join Paytm Digital (Maharashtra (Mumbai)) as a AI/ML Engineer! In this role, you will lead the architecture, design, and execution of core digital products using TensorFlow, Scikit-Learn, SQL and FastAPI, CUDA, MLflow, LangChain.",2026-07-04
JOB-1901,Cloud Architect,Nexus AI,West Bengal (Kolkata),Hybrid,Senior Level (5-8 yrs),2587382,6903737,4745559,INR,"Enterprise Architecture, Serverless, Kubernetes, Cloud Security, AWS, Python, Microservices","Nexus AI is expanding its engineering hub in West Bengal (Kolkata). We are hiring a Cloud Architect with expertise in AWS, Python, Cloud Security, Kubernetes and proficiency in Enterprise Architecture, Serverless, Microservices.",2026-07-01
JOB-1902,AI/ML Engineer,OmniCloud Systems,Delhi NCR (Gurugram),Remote,Entry Level (0-2 yrs),781753,2236927,1509340,INR,"Scikit-Learn, CUDA, Docker, ONNX, AWS SageMaker, Ray, Python, TensorFlow, PyTorch","OmniCloud Systems is expanding its engineering hub in Delhi NCR (Gurugram). We are hiring a AI/ML Engineer with expertise in PyTorch, Scikit-Learn, TensorFlow, Docker, Python and proficiency in AWS SageMaker, CUDA, ONNX, Ray.",2026-07-27
JOB-1903,AI/ML Engineer,CloudScale Labs,Remote (India),Remote,Mid Level (2-5 yrs),1250376,3653209,2451792,INR,"Scikit-Learn, CUDA, Transformers, Python, TensorFlow, PyTorch","We are seeking an experienced AI/ML Engineer at CloudScale Labs in Remote (India). You will work closely with engineering teams to implement high-impact systems using Scikit-Learn, PyTorch, Python, TensorFlow. Expert knowledge of Scikit-Learn, CUDA, Transformers, Python, TensorFlow, PyTorch is required.",2026-06-30
JOB-1904,Data Analyst,TechNova India,West Bengal (Kolkata),Remote,Mid Level (2-5 yrs),574382,1468293,1021337,INR,"Tableau, SQL, PowerBI, Python, Pandas, Snowflake, R, A/B Testing","Join TechNova India (West Bengal (Kolkata)) as a Data Analyst! In this role, you will lead the architecture, design, and execution of core digital products using SQL, PowerBI, Tableau, Python and A/B Testing, Snowflake, Pandas, R.",2026-07-22
JOB-1905,Product Manager (Tech),Swiggy Engineering,Delhi NCR (Gurugram),Hybrid,Senior Level (5-8 yrs),2046286,5834457,3940371,INR,"SQL, Product Strategy, User Research, Scrum, Figma, A/B Testing, Roadmapping","Join Swiggy Engineering (Delhi NCR (Gurugram)) as a Product Manager (Tech)! In this role, you will lead the architecture, design, and execution of core digital products using Roadmapping, Product Strategy, SQL, User Research and A/B Testing, Figma, Scrum.",2026-08-11
JOB-1906,Product Manager (Tech),Swiggy Engineering,Madhya Pradesh (Indore),Hybrid,Lead / Principal (8+ yrs),2747676,7085131,4916403,INR,"Data Analytics, Growth Hacking, Agile, User Research, Scrum, Roadmapping","Swiggy Engineering is expanding its engineering hub in Madhya Pradesh (Indore). We are hiring a Product Manager (Tech) with expertise in Roadmapping, User Research, Agile and proficiency in Data Analytics, Growth Hacking, Scrum.",2026-08-10
JOB-1907,AI/ML Engineer,QuantVantage,Remote (Global),Remote,Lead / Principal (8+ yrs),2173979,6893859,4533919,INR,"Scikit-Learn, SQL, ONNX, Kubernetes, Ray, FastAPI, Python, TensorFlow, PyTorch","We are seeking an experienced AI/ML Engineer at QuantVantage in Remote (Global). You will work closely with engineering teams to implement high-impact systems using PyTorch, SQL, TensorFlow, Scikit-Learn, Python. Expert knowledge of Scikit-Learn, SQL, ONNX, Kubernetes, Ray, FastAPI, Python, TensorFlow, PyTorch is required.",2026-07-19
JOB-1908,AI/ML Engineer,Zomato Tech,Telangana (Hyderabad),Onsite,Entry Level (0-2 yrs),896526,2387927,1642226,INR,"Scikit-Learn, SQL, CUDA, Docker, ONNX, AWS SageMaker, TensorFlow, PyTorch","Join Zomato Tech (Telangana (Hyderabad)) as a AI/ML Engineer! In this role, you will lead the architecture, design, and execution of core digital products using Docker, PyTorch, SQL, TensorFlow, Scikit-Learn and CUDA, ONNX, AWS SageMaker.",2026-07-18
JOB-1909,Cybersecurity Specialist,HCL Tech Solutions,Punjab (Mohali / Chandigarh),Onsite,Mid Level (2-5 yrs),953988,2597505,1775746,INR,"SOC, AWS Security, Wireshark, Incident Response, SIEM, Network Security, Python","We are seeking an experienced Cybersecurity Specialist at HCL Tech Solutions in Punjab (Mohali / Chandigarh). You will work closely with engineering teams to implement high-impact systems using Python, SIEM, Network Security. Expert knowledge of SOC, AWS Security, Wireshark, Incident Response, SIEM, Network Security, Python is required.",2026-07-07
JOB-1910,Data Analyst,HCL Tech Solutions,Rajasthan (Jaipur),Hybrid,Senior Level (5-8 yrs),895046,2320855,1607950,INR,"Tableau, SQL, PowerBI, Pandas, A/B Testing, Snowflake, Python, Excel","We are seeking an experienced Data Analyst at HCL Tech Solutions in Rajasthan (Jaipur). You will work closely with engineering teams to implement high-impact systems using SQL, Python, PowerBI, Tableau, Excel. Expert knowledge of Tableau, SQL, PowerBI, Pandas, A/B Testing, Snowflake, Python, Excel is required.",2026-08-04
JOB-1911,Product Manager (Tech),DataStream Corp,Madhya Pradesh (Indore),Hybrid,Senior Level (5-8 yrs),2069980,5415431,3742705,INR,"System Architecture, Data Analytics, Product Strategy, User Research, A/B Testing, Roadmapping","Join DataStream Corp (Madhya Pradesh (Indore)) as a Product Manager (Tech)! In this role, you will lead the architecture, design, and execution of core digital products using Roadmapping, User Research, Product Strategy and Data Analytics, A/B Testing, System Architecture.",2026-07-11
JOB-1912,AI/ML Engineer,OmniCloud Systems,Maharashtra (Mumbai),Hybrid,Mid Level (2-5 yrs),1228855,3395738,2312296,INR,"Scikit-Learn, SQL, CUDA, ONNX, Ray, Transformers, TensorFlow","OmniCloud Systems is expanding its engineering hub in Maharashtra (Mumbai). We are hiring a AI/ML Engineer with expertise in TensorFlow, Scikit-Learn, SQL and proficiency in CUDA, Ray, ONNX, Transformers.",2026-07-20
JOB-1913,AI/ML Engineer,Hyperion Software,Maharashtra (Mumbai),Hybrid,Senior Level (5-8 yrs),1664774,5144071,3404422,INR,"Scikit-Learn, CUDA, Kubernetes, Python, TensorFlow","We are seeking an experienced AI/ML Engineer at Hyperion Software in Maharashtra (Mumbai). You will work closely with engineering teams to implement high-impact systems using Scikit-Learn, TensorFlow, Python. Expert knowledge of Scikit-Learn, CUDA, Kubernetes, Python, TensorFlow is required.",2026-07-13
JOB-1914,Product Manager (Tech),CloudScale Labs,Kerala (Thiruvananthapuram),Hybrid,Mid Level (2-5 yrs),1528028,3933184,2730606,INR,"SQL, Growth Hacking, Product Strategy, Agile, User Research, A/B Testing, Roadmapping","We are seeking an experienced Product Manager (Tech) at CloudScale Labs in Kerala (Thiruvananthapuram). You will work closely with engineering teams to implement high-impact systems using SQL, Product Strategy, User Research, Roadmapping, Agile. Expert knowledge of SQL, Growth Hacking, Product Strategy, Agile, User Research, A/B Testing, Roadmapping is required.",2026-06-22
JOB-1915,Product Manager (Tech),Nexus AI,Remote (Global),Remote,Entry Level (0-2 yrs),1048130,2874003,1961066,INR,"SQL, System Architecture, Agile, User Research, Jira, Figma, Roadmapping","Join Nexus AI (Remote (Global)) as a Product Manager (Tech)! In this role, you will lead the architecture, design, and execution of core digital products using Roadmapping, SQL, User Research, Agile and Figma, Jira, System Architecture.",2026-06-27
JOB-1916,Full Stack Developer,CloudScale Labs,Kerala (Kochi),Onsite,Mid Level (2-5 yrs),759846,2345905,1552875,INR,"SQL, Redis, JavaScript, AWS, TypeScript","CloudScale Labs is expanding its engineering hub in Kerala (Kochi). We are hiring a Full Stack Developer with expertise in SQL, TypeScript, JavaScript and proficiency in AWS, Redis.",2026-06-30
JOB-1917,Full Stack Developer,Hyperion Software,Maharashtra (Mumbai),Hybrid,Entry Level (0-2 yrs),519590,1760759,1140174,INR,"SQL, Next.js, Redis, JavaScript, AWS, Node.js, Python, Express","Hyperion Software is expanding its engineering hub in Maharashtra (Mumbai). We are hiring a Full Stack Developer with expertise in SQL, Python, Node.js, JavaScript and proficiency in AWS, Express, Next.js, Redis.",2026-07-15
JOB-1918,AI/ML Engineer,ByteCraft Inc,Remote (India),Remote,Mid Level (2-5 yrs),1184709,3641433,2413071,INR,"Scikit-Learn, SQL, MLflow, Docker, AWS SageMaker, FastAPI, Python, TensorFlow","We are seeking an experienced AI/ML Engineer at ByteCraft Inc in Remote (India). You will work closely with engineering teams to implement high-impact systems using Scikit-Learn, Python, TensorFlow, Docker, SQL. Expert knowledge of Scikit-Learn, SQL, MLflow, Docker, AWS SageMaker, FastAPI, Python, TensorFlow is required.",2026-08-16
JOB-1919,Data Engineer,Apex Systems,Punjab (Mohali / Chandigarh),Hybrid,Mid Level (2-5 yrs),1032928,2769817,1901372,INR,"SQL, Snowflake, PostgreSQL, dbt, Python","Apex Systems is expanding its engineering hub in Punjab (Mohali / Chandigarh). We are hiring a Data Engineer with expertise in SQL, Python, Snowflake and proficiency in dbt, PostgreSQL.",2026-07-28
JOB-1920,Data Analyst,OmniCloud Systems,Maharashtra (Pune),Onsite,Entry Level (0-2 yrs),440717,1095518,768117,INR,"Tableau, SQL, PowerBI, Pandas, Google Analytics, Excel","Join OmniCloud Systems (Maharashtra (Pune)) as a Data Analyst! In this role, you will lead the architecture, design, and execution of core digital products using SQL, PowerBI, Excel, Tableau and Google Analytics, Pandas.",2026-08-17
JOB-1921,AI/ML Engineer,DataStream Corp,Remote (Global),Remote,Senior Level (5-8 yrs),1575392,4875264,3225328,INR,"SQL, Docker, Kubernetes, AWS SageMaker, Python, TensorFlow, PyTorch","Join DataStream Corp (Remote (Global)) as a AI/ML Engineer! In this role, you will lead the architecture, design, and execution of core digital products using SQL, Python, TensorFlow, Docker, PyTorch and AWS SageMaker, Kubernetes.",2026-08-07
JOB-1922,Data Engineer,Infosys Digital,Rajasthan (Jaipur),Onsite,Senior Level (5-8 yrs),1418524,3721701,2570112,INR,"SQL, Docker, Snowflake, Spark, dbt, Scala, Python","Join Infosys Digital (Rajasthan (Jaipur)) as a Data Engineer! In this role, you will lead the architecture, design, and execution of core digital products using Python, SQL, Snowflake, Spark, Docker and Scala, dbt.",2026-06-28
JOB-1923,Cloud Architect,HCL Tech Solutions,West Bengal (Kolkata),Hybrid,Entry Level (0-2 yrs),1385951,3586042,2485996,INR,"Docker, IAM, Cloud Security, AWS, Terraform, Python","We are seeking an experienced Cloud Architect at HCL Tech Solutions in West Bengal (Kolkata). You will work closely with engineering teams to implement high-impact systems using AWS, Cloud Security, Terraform, Python. Expert knowledge of Docker, IAM, Cloud Security, AWS, Terraform, Python is required.",2026-07-04
JOB-1924,Full Stack Developer,OmniCloud Systems,Remote (Global),Remote,Senior Level (5-8 yrs),1014924,3068576,2041750,INR,"SQL, React, TailwindCSS, TypeScript, Node.js, Python, Express, MongoDB","We are seeking an experienced Full Stack Developer at OmniCloud Systems in Remote (Global). You will work closely with engineering teams to implement high-impact systems using SQL, TypeScript, Python, React, Node.js. Expert knowledge of SQL, React, TailwindCSS, TypeScript, Node.js, Python, Express, MongoDB is required.",2026-07-06
JOB-1925,Full Stack Developer,CloudScale Labs,Punjab (Mohali / Chandigarh),Hybrid,Mid Level (2-5 yrs),801830,2345325,1573577,INR,"SQL, React, TailwindCSS, PostgreSQL, Node.js, Python, GraphQL, MongoDB","CloudScale Labs is expanding its engineering hub in Punjab (Mohali / Chandigarh). We are hiring a Full Stack Developer with expertise in SQL, React, Python, Node.js and proficiency in GraphQL, MongoDB, TailwindCSS, PostgreSQL.",2026-07-14
JOB-1926,Full Stack Developer,OmniCloud Systems,Kerala (Thiruvananthapuram),Remote,Senior Level (5-8 yrs),1141153,3177109,2159131,INR,"SQL, Redis, Docker, TailwindCSS, JavaScript, TypeScript, Python, MongoDB","Join OmniCloud Systems (Kerala (Thiruvananthapuram)) as a Full Stack Developer! In this role, you will lead the architecture, design, and execution of core digital products using Python, SQL, JavaScript, TypeScript and MongoDB, Redis, TailwindCSS, Docker.",2026-06-23
JOB-1927,DevOps & Cloud Engineer,Flipkart Labs,Delhi NCR (Noida),Hybrid,Lead / Principal (8+ yrs),2099758,5847828,3973793,INR,"Grafana, Azure, Kubernetes, GCP, AWS, Terraform","We are seeking an experienced DevOps & Cloud Engineer at Flipkart Labs in Delhi NCR (Noida). You will work closely with engineering teams to implement high-impact systems using Kubernetes, AWS, Terraform. Expert knowledge of Grafana, Azure, Kubernetes, GCP, AWS, Terraform is required.",2026-06-30
JOB-1928,Data Analyst,Wipro Cloud,Punjab (Mohali / Chandigarh),Onsite,Mid Level (2-5 yrs),569643,1631401,1100522,INR,"Tableau, SQL, BigQuery, Google Analytics, Python, Excel","Wipro Cloud is expanding its engineering hub in Punjab (Mohali / Chandigarh). We are hiring a Data Analyst with expertise in Python, Excel, Tableau, SQL and proficiency in Google Analytics, BigQuery.",2026-06-28
JOB-1929,Cloud Architect,Infosys Digital,Remote (India),Remote,Mid Level (2-5 yrs),1828820,4439452,3134136,INR,"Enterprise Architecture, Kubernetes, Cloud Security, System Design, Terraform, Networking, Python","Join Infosys Digital (Remote (India)) as a Cloud Architect! In this role, you will lead the architecture, design, and execution of core digital products using Terraform, Cloud Security, Python, Kubernetes and System Design, Enterprise Architecture, Networking.",2026-06-29
JOB-1930,Cybersecurity Specialist,TechNova India,Maharashtra (Pune),Remote,Senior Level (5-8 yrs),1381357,3733266,2557311,INR,"Firewalls, Wireshark, CISSP, SIEM, Cryptography, Python, Penetration Testing, Linux","Join TechNova India (Maharashtra (Pune)) as a Cybersecurity Specialist! In this role, you will lead the architecture, design, and execution of core digital products using SIEM, Penetration Testing, Linux, Python and Cryptography, Firewalls, CISSP, Wireshark.",2026-07-13
JOB-1931,Data Engineer,OmniCloud Systems,Madhya Pradesh (Indore),Hybrid,Mid Level (2-5 yrs),955471,2827154,1891312,INR,"SQL, Spark, dbt, Kafka, Python","Join OmniCloud Systems (Madhya Pradesh (Indore)) as a Data Engineer! In this role, you will lead the architecture, design, and execution of core digital products using SQL, Python, Spark and Kafka, dbt.",2026-08-12
JOB-1932,Data Engineer,Vanguard AI,Delhi NCR (Noida),Remote,Senior Level (5-8 yrs),1321722,4001270,2661496,INR,"SQL, Docker, Snowflake, Spark, dbt, GCP BigQuery, AWS Redshift, Python","Join Vanguard AI (Delhi NCR (Noida)) as a Data Engineer! In this role, you will lead the architecture, design, and execution of core digital products using Python, Docker, Snowflake, SQL, Spark and GCP BigQuery, AWS Redshift, dbt.",2026-06-22
JOB-1933,Cloud Architect,HCL Tech Solutions,Tamil Nadu (Chennai),Remote,Mid Level (2-5 yrs),2096182,5259525,3677853,INR,"Enterprise Architecture, Azure, GCP, AWS, Terraform, Networking, Python, Microservices","Join HCL Tech Solutions (Tamil Nadu (Chennai)) as a Cloud Architect! In this role, you will lead the architecture, design, and execution of core digital products using Azure, Python, Terraform, AWS and GCP, Microservices, Enterprise Architecture, Networking.",2026-06-30
JOB-1934,Product Manager (Tech),DataStream Corp,Telangana (Hyderabad),Remote,Senior Level (5-8 yrs),2007377,4791371,3399374,INR,"SQL, System Architecture, Product Strategy, User Research, A/B Testing","DataStream Corp is expanding its engineering hub in Telangana (Hyderabad). We are hiring a Product Manager (Tech) with expertise in Product Strategy, SQL, User Research and proficiency in A/B Testing, System Architecture.",2026-08-01
JOB-1935,Cybersecurity Specialist,Flipkart Labs,Rajasthan (Jaipur),Hybrid,Mid Level (2-5 yrs),969861,2782304,1876082,INR,"SOC, Compliance, Firewalls, SIEM, Network Security, Linux","Join Flipkart Labs (Rajasthan (Jaipur)) as a Cybersecurity Specialist! In this role, you will lead the architecture, design, and execution of core digital products using Network Security, SIEM, Linux and Compliance, Firewalls, SOC.",2026-08-19
JOB-1936,Data Analyst,Wipro Cloud,Remote (India),Remote,Mid Level (2-5 yrs),624414,1632305,1128359,INR,"Tableau, SQL, PowerBI, Pandas, Statistics, Looker, Python, Excel","Wipro Cloud is expanding its engineering hub in Remote (India). We are hiring a Data Analyst with expertise in Tableau, PowerBI, SQL, Python, Excel and proficiency in Statistics, Looker, Pandas.",2026-07-08
JOB-1937,Cybersecurity Specialist,Infosys Digital,Rajasthan (Jaipur),Remote,Mid Level (2-5 yrs),967991,2839540,1903765,INR,"AWS Security, SIEM, Cryptography, Network Security, Python, Linux","Infosys Digital is expanding its engineering hub in Rajasthan (Jaipur). We are hiring a Cybersecurity Specialist with expertise in SIEM, Linux, Network Security, Python and proficiency in Cryptography, AWS Security.",2026-06-22
JOB-1938,DevOps & Cloud Engineer,Nexus AI,Uttar Pradesh (Lucknow),Onsite,Senior Level (5-8 yrs),1609046,4543717,3076381,INR,"GitLab CI, Docker, Kubernetes, GCP, AWS, CI/CD","We are seeking an experienced DevOps & Cloud Engineer at Nexus AI in Uttar Pradesh (Lucknow). You will work closely with engineering teams to implement high-impact systems using AWS, Kubernetes, CI/CD, Docker. Expert knowledge of GitLab CI, Docker, Kubernetes, GCP, AWS, CI/CD is required.",2026-07-24
JOB-1939,Data Analyst,Pulse Analytics,Gujarat (Ahmedabad / GIFT City),Hybrid,Mid Level (2-5 yrs),583748,1683427,1133587,INR,"Tableau, SQL, A/B Testing, Snowflake, R, Statistics, Python, Excel","We are seeking an experienced Data Analyst at Pulse Analytics in Gujarat (Ahmedabad / GIFT City). You will work closely with engineering teams to implement high-impact systems using Excel, Python, SQL, Tableau. Expert knowledge of Tableau, SQL, A/B Testing, Snowflake, R, Statistics, Python, Excel is required.",2026-07-06
JOB-1940,Full Stack Developer,Nexus AI,Maharashtra (Mumbai),Hybrid,Entry Level (0-2 yrs),549860,1567987,1058923,INR,"Docker, React, JavaScript, TypeScript, Node.js, Express, MongoDB","We are seeking an experienced Full Stack Developer at Nexus AI in Maharashtra (Mumbai). You will work closely with engineering teams to implement high-impact systems using Node.js, TypeScript, React, JavaScript. Expert knowledge of Docker, React, JavaScript, TypeScript, Node.js, Express, MongoDB is required.",2026-08-06
JOB-1941,Data Engineer,Paytm Digital,Maharashtra (Mumbai),Onsite,Senior Level (5-8 yrs),1428737,3588405,2508571,INR,"SQL, Docker, Spark, Kafka, AWS Redshift, Python, Airflow","We are seeking an experienced Data Engineer at Paytm Digital in Maharashtra (Mumbai). You will work closely with engineering teams to implement high-impact systems using SQL, Spark, Airflow, Docker, Python. Expert knowledge of SQL, Docker, Spark, Kafka, AWS Redshift, Python, Airflow is required.",2026-08-03
JOB-1942,Full Stack Developer,Swiggy Engineering,Telangana (Hyderabad),Hybrid,Mid Level (2-5 yrs),772076,2242461,1507268,INR,"SQL, Next.js, React, PostgreSQL, TypeScript, Python","Join Swiggy Engineering (Telangana (Hyderabad)) as a Full Stack Developer! In this role, you will lead the architecture, design, and execution of core digital products using SQL, TypeScript, Python, React and PostgreSQL, Next.js.",2026-07-19
JOB-1943,AI/ML Engineer,Zomato Tech,Remote (Global),Remote,Senior Level (5-8 yrs),1801527,5227594,3514560,INR,"SQL, Docker, Kubernetes, FastAPI, Python, PyTorch","Zomato Tech is expanding its engineering hub in Remote (Global). We are hiring a AI/ML Engineer with expertise in PyTorch, Docker, Python, SQL and proficiency in FastAPI, Kubernetes.",2026-07-01
JOB-1944,Data Analyst,ByteCraft Inc,Gujarat (Ahmedabad / GIFT City),Hybrid,Entry Level (0-2 yrs),378048,1111213,744630,INR,"Tableau, PowerBI, A/B Testing, Pandas, R, Statistics, Python","Join ByteCraft Inc (Gujarat (Ahmedabad / GIFT City)) as a Data Analyst! In this role, you will lead the architecture, design, and execution of core digital products using Python, PowerBI, Tableau and R, A/B Testing, Statistics, Pandas.",2026-07-08
JOB-1945,Cybersecurity Specialist,Swiggy Engineering,Rajasthan (Jaipur),Onsite,Mid Level (2-5 yrs),832723,2358936,1595829,INR,"AWS Security, Firewalls, Incident Response, SIEM, Cryptography, Network Security, Python, Penetration Testing, Linux","We are seeking an experienced Cybersecurity Specialist at Swiggy Engineering in Rajasthan (Jaipur). You will work closely with engineering teams to implement high-impact systems using Penetration Testing, Linux, SIEM, Python, Network Security. Expert knowledge of AWS Security, Firewalls, Incident Response, SIEM, Cryptography, Network Security, Python, Penetration Testing, Linux is required.",2026-07-13
JOB-1946,Cloud Architect,CyberShield Tech,Telangana (Hyderabad),Onsite,Lead / Principal (8+ yrs),3489522,9368527,6429024,INR,"Kubernetes, Cloud Security, GCP, AWS, Terraform, Enterprise Architecture, Microservices","We are seeking an experienced Cloud Architect at CyberShield Tech in Telangana (Hyderabad). You will work closely with engineering teams to implement high-impact systems using Terraform, Cloud Security, Kubernetes, AWS. Expert knowledge of Kubernetes, Cloud Security, GCP, AWS, Terraform, Enterprise Architecture, Microservices is required.",2026-07-23
JOB-1947,Full Stack Developer,CyberShield Tech,Rajasthan (Jaipur),Remote,Entry Level (0-2 yrs),602826,1667668,1135247,INR,"SQL, Redis, Docker, React, AWS, Node.js","Join CyberShield Tech (Rajasthan (Jaipur)) as a Full Stack Developer! In this role, you will lead the architecture, design, and execution of core digital products using Node.js, React, SQL and AWS, Redis, Docker.",2026-08-17
JOB-1948,DevOps & Cloud Engineer,TCS Innovation Labs,Telangana (Hyderabad),Hybrid,Mid Level (2-5 yrs),1111353,2724314,1917833,INR,"Grafana, ArgoCD, Azure, GCP, AWS, CI/CD, Terraform, Linux","Join TCS Innovation Labs (Telangana (Hyderabad)) as a DevOps & Cloud Engineer! In this role, you will lead the architecture, design, and execution of core digital products using Terraform, CI/CD, AWS, Linux and Grafana, Azure, GCP, ArgoCD.",2026-08-16
JOB-1949,Cloud Architect,QuantVantage,Delhi NCR (Noida),Hybrid,Lead / Principal (8+ yrs),3491833,8917457,6204645,INR,"Enterprise Architecture, Serverless, Azure, GCP, AWS, Networking, Python","We are seeking an experienced Cloud Architect at QuantVantage in Delhi NCR (Noida). You will work closely with engineering teams to implement high-impact systems using AWS, Python, Azure. Expert knowledge of Enterprise Architecture, Serverless, Azure, GCP, AWS, Networking, Python is required.",2026-07-23
JOB-1950,Cybersecurity Specialist,QuantVantage,Uttar Pradesh (Lucknow),Hybrid,Senior Level (5-8 yrs),1143111,3843336,2493223,INR,"Compliance, AWS Security, Incident Response, SIEM, Network Security, Penetration Testing, Linux","QuantVantage is expanding its engineering hub in Uttar Pradesh (Lucknow). We are hiring a Cybersecurity Specialist with expertise in Linux, Network Security, Penetration Testing, SIEM and proficiency in Compliance, Incident Response, AWS Security.",2026-07-04
JOB-1951,Data Engineer,TCS Innovation Labs,Rajasthan (Jaipur),Hybrid,Senior Level (5-8 yrs),1337212,3700666,2518939,INR,"SQL, Docker, Spark, dbt, GCP BigQuery, Python","We are seeking an experienced Data Engineer at TCS Innovation Labs in Rajasthan (Jaipur). You will work closely with engineering teams to implement high-impact systems using Docker, Spark, SQL, Python. Expert knowledge of SQL, Docker, Spark, dbt, GCP BigQuery, Python is required.",2026-08-01
JOB-1952,AI/ML Engineer,TCS Innovation Labs,Delhi NCR (Noida),Hybrid,Mid Level (2-5 yrs),1286121,3335855,2310988,INR,"Scikit-Learn, CUDA, FastAPI, Python, TensorFlow, PyTorch","Join TCS Innovation Labs (Delhi NCR (Noida)) as a AI/ML Engineer! In this role, you will lead the architecture, design, and execution of core digital products using PyTorch, Scikit-Learn, TensorFlow, Python and CUDA, FastAPI.",2026-07-01
JOB-1953,Data Engineer,HCL Tech Solutions,Uttar Pradesh (Lucknow),Remote,Lead / Principal (8+ yrs),1871670,5583180,3727425,INR,"SQL, Docker, Databricks, Kubernetes, PostgreSQL, Scala, Python, Airflow","HCL Tech Solutions is expanding its engineering hub in Uttar Pradesh (Lucknow). We are hiring a Data Engineer with expertise in Python, Docker, Airflow, SQL and proficiency in Kubernetes, Scala, PostgreSQL, Databricks.",2026-07-30
JOB-1954,Cloud Architect,Zomato Tech,Tamil Nadu (Chennai),Onsite,Senior Level (5-8 yrs),2790701,6489038,4639869,INR,"Docker, Kubernetes, Cloud Security, GCP, AWS, Terraform, Python","Zomato Tech is expanding its engineering hub in Tamil Nadu (Chennai). We are hiring a Cloud Architect with expertise in Kubernetes, Python, Cloud Security, Terraform, AWS and proficiency in GCP, Docker.",2026-08-01
JOB-1955,Product Manager (Tech),Hyperion Software,Maharashtra (Mumbai),Onsite,Mid Level (2-5 yrs),1621552,4123799,2872675,INR,"Agile, Product Strategy, User Research, Scrum, A/B Testing, Roadmapping","Hyperion Software is expanding its engineering hub in Maharashtra (Mumbai). We are hiring a Product Manager (Tech) with expertise in Agile, Product Strategy, User Research, Roadmapping and proficiency in A/B Testing, Scrum.",2026-07-17
JOB-1956,Cloud Architect,Vanguard AI,Rajasthan (Jaipur),Hybrid,Mid Level (2-5 yrs),2170449,4374626,3272537,INR,"Serverless, Azure, Kubernetes, Cloud Security, System Design, AWS, Microservices","Join Vanguard AI (Rajasthan (Jaipur)) as a Cloud Architect! In this role, you will lead the architecture, design, and execution of core digital products using AWS, Azure, Kubernetes, Cloud Security and Microservices, Serverless, System Design.",2026-06-29
JOB-1957,Cybersecurity Specialist,TCS Innovation Labs,Madhya Pradesh (Indore),Hybrid,Lead / Principal (8+ yrs),1569771,4742761,3156266,INR,"Compliance, AWS Security, Incident Response, SIEM, Network Security, Python, Linux","We are seeking an experienced Cybersecurity Specialist at TCS Innovation Labs in Madhya Pradesh (Indore). You will work closely with engineering teams to implement high-impact systems using Linux, Network Security, Python, SIEM. Expert knowledge of Compliance, AWS Security, Incident Response, SIEM, Network Security, Python, Linux is required.",2026-08-02
JOB-1958,DevOps & Cloud Engineer,Paytm Digital,Delhi NCR (Gurugram),Hybrid,Entry Level (0-2 yrs),716107,2069987,1393047,INR,"AWS, CI/CD, Ansible, Terraform, Python, Linux","We are seeking an experienced DevOps & Cloud Engineer at Paytm Digital in Delhi NCR (Gurugram). You will work closely with engineering teams to implement high-impact systems using AWS, Terraform, Linux, CI/CD. Expert knowledge of AWS, CI/CD, Ansible, Terraform, Python, Linux is required.",2026-06-22
JOB-1959,Full Stack Developer,CloudScale Labs,Karnataka (Bengaluru),Hybrid,Entry Level (0-2 yrs),540975,1525084,1033029,INR,"SQL, Next.js, Redis, Docker, React, Python, Express","CloudScale Labs is expanding its engineering hub in Karnataka (Bengaluru). We are hiring a Full Stack Developer with expertise in React, SQL, Python and proficiency in Express, Next.js, Redis, Docker.",2026-08-15
JOB-1960,AI/ML Engineer,Paytm Digital,Karnataka (Bengaluru),Remote,Senior Level (5-8 yrs),1717879,4545843,3131861,INR,"Scikit-Learn, LangChain, CUDA, Docker, Ray, Python, TensorFlow","Join Paytm Digital (Karnataka (Bengaluru)) as a AI/ML Engineer! In this role, you will lead the architecture, design, and execution of core digital products using Scikit-Learn, Python, TensorFlow, Docker and LangChain, CUDA, Ray.",2026-07-13
JOB-1961,Data Analyst,Infosys Digital,Remote (Global),Remote,Entry Level (0-2 yrs),408135,1121988,765061,INR,"Tableau, SQL, PowerBI, BigQuery, Snowflake, Statistics, Looker, Python, Excel","Join Infosys Digital (Remote (Global)) as a Data Analyst! In this role, you will lead the architecture, design, and execution of core digital products using Python, Tableau, SQL, PowerBI, Excel and Looker, BigQuery, Statistics, Snowflake.",2026-07-10
JOB-1962,Cybersecurity Specialist,Vanguard AI,Gujarat (Ahmedabad / GIFT City),Hybrid,Senior Level (5-8 yrs),1282096,3361698,2321897,INR,"SOC, Wireshark, CISSP, SIEM, Cryptography, Network Security, Python","We are seeking an experienced Cybersecurity Specialist at Vanguard AI in Gujarat (Ahmedabad / GIFT City). You will work closely with engineering teams to implement high-impact systems using Python, SIEM, Network Security. Expert knowledge of SOC, Wireshark, CISSP, SIEM, Cryptography, Network Security, Python is required.",2026-07-23
JOB-1963,Full Stack Developer,TCS Innovation Labs,Maharashtra (Pune),Hybrid,Senior Level (5-8 yrs),1157692,3475342,2316517,INR,"SQL, React, TailwindCSS, TypeScript, Node.js, Python, Express, GraphQL","TCS Innovation Labs is expanding its engineering hub in Maharashtra (Pune). We are hiring a Full Stack Developer with expertise in React, Python, TypeScript, SQL, Node.js and proficiency in TailwindCSS, Express, GraphQL.",2026-07-14
JOB-1964,Data Analyst,Wipro Cloud,Remote (India),Remote,Senior Level (5-8 yrs),897308,2376025,1636666,INR,"SQL, PowerBI, A/B Testing, R, Python, Excel","Join Wipro Cloud (Remote (India)) as a Data Analyst! In this role, you will lead the architecture, design, and execution of core digital products using Python, Excel, SQL, PowerBI and R, A/B Testing.",2026-08-09
JOB-1965,Product Manager (Tech),ByteCraft Inc,Rajasthan (Jaipur),Onsite,Senior Level (5-8 yrs),2255053,4962686,3608869,INR,"SQL, Data Analytics, Product Strategy, User Research, Jira, Figma, A/B Testing, Roadmapping","Join ByteCraft Inc (Rajasthan (Jaipur)) as a Product Manager (Tech)! In this role, you will lead the architecture, design, and execution of core digital products using Product Strategy, User Research, SQL, Roadmapping and Data Analytics, Figma, A/B Testing, Jira.",2026-07-25
JOB-1966,Data Engineer,OmniCloud Systems,Kerala (Thiruvananthapuram),Remote,Entry Level (0-2 yrs),635382,1767616,1201499,INR,"SQL, Hive, Snowflake, PostgreSQL, AWS Redshift, Airflow","Join OmniCloud Systems (Kerala (Thiruvananthapuram)) as a Data Engineer! In this role, you will lead the architecture, design, and execution of core digital products using SQL, Snowflake, Airflow and AWS Redshift, PostgreSQL, Hive.",2026-07-06
JOB-1967,Cloud Architect,Paytm Digital,Punjab (Mohali / Chandigarh),Hybrid,Entry Level (0-2 yrs),1509084,3691720,2600402,INR,"Enterprise Architecture, Docker, Azure, Kubernetes, AWS, Networking, Python","Paytm Digital is expanding its engineering hub in Punjab (Mohali / Chandigarh). We are hiring a Cloud Architect with expertise in Kubernetes, Azure, Python, AWS and proficiency in Networking, Enterprise Architecture, Docker.",2026-06-22
JOB-1968,DevOps & Cloud Engineer,Vanguard AI,Maharashtra (Mumbai),Hybrid,Lead / Principal (8+ yrs),2086706,5873940,3980323,INR,"Grafana, Docker, Kubernetes, GCP, AWS, Ansible, Terraform, Linux","Join Vanguard AI (Maharashtra (Mumbai)) as a DevOps & Cloud Engineer! In this role, you will lead the architecture, design, and execution of core digital products using AWS, Kubernetes, Terraform, Linux, Docker and Ansible, GCP, Grafana.",2026-06-28
JOB-1969,Cybersecurity Specialist,ByteCraft Inc,Gujarat (Ahmedabad / GIFT City),Hybrid,Senior Level (5-8 yrs),1198043,3469186,2333614,INR,"AWS Security, Wireshark, Firewalls, SIEM, Cryptography, Python, Linux","ByteCraft Inc is expanding its engineering hub in Gujarat (Ahmedabad / GIFT City). We are hiring a Cybersecurity Specialist with expertise in SIEM, Linux, Python and proficiency in Wireshark, Cryptography, Firewalls, AWS Security.",2026-08-06
JOB-1970,AI/ML Engineer,HCL Tech Solutions,Uttar Pradesh (Lucknow),Remote,Mid Level (2-5 yrs),1270711,3598013,2434362,INR,"Scikit-Learn, MLflow, Docker, ONNX, Ray, Transformers, Python, TensorFlow","Join HCL Tech Solutions (Uttar Pradesh (Lucknow)) as a AI/ML Engineer! In this role, you will lead the architecture, design, and execution of core digital products using Python, Docker, TensorFlow, Scikit-Learn and Ray, MLflow, Transformers, ONNX.",2026-07-02
JOB-1971,AI/ML Engineer,OmniCloud Systems,Delhi NCR (Noida),Onsite,Senior Level (5-8 yrs),1579286,5081382,3330334,INR,"Scikit-Learn, LangChain, ONNX, Transformers, FastAPI, Python, TensorFlow, PyTorch","We are seeking an experienced AI/ML Engineer at OmniCloud Systems in Delhi NCR (Noida). You will work closely with engineering teams to implement high-impact systems using Python, PyTorch, Scikit-Learn, TensorFlow. Expert knowledge of Scikit-Learn, LangChain, ONNX, Transformers, FastAPI, Python, TensorFlow, PyTorch is required.",2026-07-30
JOB-1972,DevOps & Cloud Engineer,OmniCloud Systems,Karnataka (Bengaluru),Remote,Entry Level (0-2 yrs),724430,1958841,1341635,INR,"Grafana, Docker, Kubernetes, GCP, AWS, CI/CD, Terraform, Python, Prometheus","We are seeking an experienced DevOps & Cloud Engineer at OmniCloud Systems in Karnataka (Bengaluru). You will work closely with engineering teams to implement high-impact systems using CI/CD, Kubernetes, Docker, AWS, Terraform. Expert knowledge of Grafana, Docker, Kubernetes, GCP, AWS, CI/CD, Terraform, Python, Prometheus is required.",2026-07-03
JOB-1973,Data Analyst,CyberShield Tech,Maharashtra (Pune),Remote,Lead / Principal (8+ yrs),1073931,2960274,2017102,INR,"SQL, PowerBI, R, Statistics, Looker, Python","CyberShield Tech is expanding its engineering hub in Maharashtra (Pune). We are hiring a Data Analyst with expertise in SQL, Python, PowerBI and proficiency in Looker, R, Statistics.",2026-07-22
JOB-1974,Data Engineer,OmniCloud Systems,West Bengal (Kolkata),Remote,Mid Level (2-5 yrs),1045063,3030115,2037589,INR,"SQL, Hive, Databricks, Spark, Airflow","OmniCloud Systems is expanding its engineering hub in West Bengal (Kolkata). We are hiring a Data Engineer with expertise in Spark, SQL, Airflow and proficiency in Hive, Databricks.",2026-06-30
JOB-1975,Data Engineer,Nexus AI,Delhi NCR (Gurugram),Remote,Mid Level (2-5 yrs),1058533,2762144,1910338,INR,"SQL, Docker, Snowflake, Kubernetes, Spark, GCP BigQuery, Airflow","Nexus AI is expanding its engineering hub in Delhi NCR (Gurugram). We are hiring a Data Engineer with expertise in Docker, Snowflake, SQL, Airflow, Spark and proficiency in Kubernetes, GCP BigQuery.",2026-07-02
JOB-1976,Cybersecurity Specialist,Wipro Cloud,Delhi NCR (Gurugram),Remote,Senior Level (5-8 yrs),1215197,3544537,2379867,INR,"SOC, Compliance, AWS Security, Incident Response, SIEM, Network Security, Penetration Testing, Linux","We are seeking an experienced Cybersecurity Specialist at Wipro Cloud in Delhi NCR (Gurugram). You will work closely with engineering teams to implement high-impact systems using Penetration Testing, Network Security, Linux, SIEM. Expert knowledge of SOC, Compliance, AWS Security, Incident Response, SIEM, Network Security, Penetration Testing, Linux is required.",2026-08-18
JOB-1977,Product Manager (Tech),Wipro Cloud,Karnataka (Bengaluru),Onsite,Mid Level (2-5 yrs),1528394,3846673,2687533,INR,"SQL, System Architecture, Product Strategy, Agile, User Research, Jira, A/B Testing, Roadmapping","We are seeking an experienced Product Manager (Tech) at Wipro Cloud in Karnataka (Bengaluru). You will work closely with engineering teams to implement high-impact systems using User Research, Roadmapping, Product Strategy, Agile, SQL. Expert knowledge of SQL, System Architecture, Product Strategy, Agile, User Research, Jira, A/B Testing, Roadmapping is required.",2026-07-14
JOB-1978,Full Stack Developer,OmniCloud Systems,Remote (India),Remote,Mid Level (2-5 yrs),851546,2300856,1576201,INR,"SQL, Docker, React, PostgreSQL, JavaScript, Node.js, Python, GraphQL, MongoDB","We are seeking an experienced Full Stack Developer at OmniCloud Systems in Remote (India). You will work closely with engineering teams to implement high-impact systems using SQL, React, JavaScript, Python, Node.js. Expert knowledge of SQL, Docker, React, PostgreSQL, JavaScript, Node.js, Python, GraphQL, MongoDB is required.",2026-08-17
JOB-1979,Data Analyst,TCS Innovation Labs,West Bengal (Kolkata),Hybrid,Lead / Principal (8+ yrs),1162975,2904867,2033921,INR,"Tableau, SQL, Python, Looker, A/B Testing, Excel","We are seeking an experienced Data Analyst at TCS Innovation Labs in West Bengal (Kolkata). You will work closely with engineering teams to implement high-impact systems using Tableau, Excel, SQL, Python. Expert knowledge of Tableau, SQL, Python, Looker, A/B Testing, Excel is required.",2026-08-02
JOB-1980,Cloud Architect,Infosys Digital,Maharashtra (Pune),Remote,Lead / Principal (8+ yrs),3465138,8369063,5917100,INR,"IAM, Kubernetes, Cloud Security, GCP, System Design, AWS, Terraform, Python","We are seeking an experienced Cloud Architect at Infosys Digital in Maharashtra (Pune). You will work closely with engineering teams to implement high-impact systems using Kubernetes, AWS, Cloud Security, Python, Terraform. Expert knowledge of IAM, Kubernetes, Cloud Security, GCP, System Design, AWS, Terraform, Python is required.",2026-08-06
JOB-1981,AI/ML Engineer,Apex Systems,Kerala (Kochi),Onsite,Senior Level (5-8 yrs),1616795,5270404,3443599,INR,"SQL, CUDA, MLflow, Docker, Kubernetes, Transformers, TensorFlow","We are seeking an experienced AI/ML Engineer at Apex Systems in Kerala (Kochi). You will work closely with engineering teams to implement high-impact systems using Docker, SQL, TensorFlow. Expert knowledge of SQL, CUDA, MLflow, Docker, Kubernetes, Transformers, TensorFlow is required.",2026-07-09
JOB-1982,Cloud Architect,Apex Systems,Maharashtra (Mumbai),Remote,Entry Level (0-2 yrs),1333999,3421053,2377526,INR,"Serverless, Azure, Kubernetes, GCP, AWS, Terraform, Networking, Python","Apex Systems is expanding its engineering hub in Maharashtra (Mumbai). We are hiring a Cloud Architect with expertise in AWS, Python, Terraform, Kubernetes, Azure and proficiency in Serverless, Networking, GCP.",2026-06-24
JOB-1983,DevOps & Cloud Engineer,Nexus AI,Kerala (Thiruvananthapuram),Remote,Entry Level (0-2 yrs),771491,2305651,1538571,INR,"Docker, ArgoCD, Azure, GCP, AWS, CI/CD, Terraform, Bash, Linux","We are seeking an experienced DevOps & Cloud Engineer at Nexus AI in Kerala (Thiruvananthapuram). You will work closely with engineering teams to implement high-impact systems using CI/CD, Linux, AWS, Docker, Terraform. Expert knowledge of Docker, ArgoCD, Azure, GCP, AWS, CI/CD, Terraform, Bash, Linux is required.",2026-07-08
JOB-1984,Data Analyst,Flipkart Labs,Delhi NCR (Noida),Hybrid,Mid Level (2-5 yrs),581312,1569446,1075379,INR,"Tableau, Pandas, Snowflake, Looker, Google Analytics, Python, Excel","Flipkart Labs is expanding its engineering hub in Delhi NCR (Noida). We are hiring a Data Analyst with expertise in Excel, Python, Tableau and proficiency in Snowflake, Pandas, Google Analytics, Looker.",2026-07-25
JOB-1985,Data Analyst,Apex Systems,Gujarat (Ahmedabad / GIFT City),Onsite,Senior Level (5-8 yrs),855243,2350559,1602901,INR,"Tableau, PowerBI, Snowflake, R, Statistics, A/B Testing, Excel","Apex Systems is expanding its engineering hub in Gujarat (Ahmedabad / GIFT City). We are hiring a Data Analyst with expertise in Excel, Tableau, PowerBI and proficiency in A/B Testing, R, Snowflake, Statistics.",2026-08-12
JOB-1986,Full Stack Developer,Flipkart Labs,Telangana (Hyderabad),Onsite,Mid Level (2-5 yrs),764247,2214054,1489150,INR,"SQL, Redis, React, TailwindCSS, JavaScript, AWS, TypeScript, Python, Express","We are seeking an experienced Full Stack Developer at Flipkart Labs in Telangana (Hyderabad). You will work closely with engineering teams to implement high-impact systems using JavaScript, TypeScript, Python, React, SQL. Expert knowledge of SQL, Redis, React, TailwindCSS, JavaScript, AWS, TypeScript, Python, Express is required.",2026-07-10
JOB-1987,DevOps & Cloud Engineer,DataStream Corp,Karnataka (Bengaluru),Hybrid,Entry Level (0-2 yrs),751323,2107923,1429623,INR,"Bash, Docker, Azure, AWS, Terraform, Python, Prometheus","Join DataStream Corp (Karnataka (Bengaluru)) as a DevOps & Cloud Engineer! In this role, you will lead the architecture, design, and execution of core digital products using Terraform, Docker, AWS and Python, Azure, Bash, Prometheus.",2026-07-23
JOB-1988,DevOps & Cloud Engineer,TCS Innovation Labs,Delhi NCR (Noida),Hybrid,Mid Level (2-5 yrs),1085324,2795163,1940243,INR,"Grafana, Docker, ArgoCD, Kubernetes, AWS, CI/CD, Ansible, Terraform","We are seeking an experienced DevOps & Cloud Engineer at TCS Innovation Labs in Delhi NCR (Noida). You will work closely with engineering teams to implement high-impact systems using CI/CD, Docker, Terraform, AWS, Kubernetes. Expert knowledge of Grafana, Docker, ArgoCD, Kubernetes, AWS, CI/CD, Ansible, Terraform is required.",2026-07-04
JOB-1989,Product Manager (Tech),Zomato Tech,Kerala (Kochi),Remote,Mid Level (2-5 yrs),1585708,3822490,2704099,INR,"System Architecture, Product Strategy, Agile, User Research, Jira, Scrum, Roadmapping","Zomato Tech is expanding its engineering hub in Kerala (Kochi). We are hiring a Product Manager (Tech) with expertise in Product Strategy, User Research, Roadmapping, Agile and proficiency in System Architecture, Jira, Scrum.",2026-07-22
JOB-1990,Cloud Architect,CyberShield Tech,Gujarat (Ahmedabad / GIFT City),Hybrid,Mid Level (2-5 yrs),1806858,4545044,3175951,INR,"Enterprise Architecture, Docker, Cloud Security, AWS, Terraform, Python, Microservices","Join CyberShield Tech (Gujarat (Ahmedabad / GIFT City)) as a Cloud Architect! In this role, you will lead the architecture, design, and execution of core digital products using Terraform, Python, Cloud Security, AWS and Docker, Enterprise Architecture, Microservices.",2026-07-27
JOB-1991,DevOps & Cloud Engineer,Swiggy Engineering,Remote (Global),Remote,Senior Level (5-8 yrs),1545076,4040582,2792829,INR,"Bash, Grafana, Azure, Kubernetes, AWS, Python, Linux","Join Swiggy Engineering (Remote (Global)) as a DevOps & Cloud Engineer! In this role, you will lead the architecture, design, and execution of core digital products using Linux, Kubernetes, AWS and Grafana, Python, Bash, Azure.",2026-08-19
JOB-1992,Data Engineer,Flipkart Labs,Telangana (Hyderabad),Remote,Senior Level (5-8 yrs),1528414,3784663,2656538,INR,"SQL, Hive, Docker, Snowflake, Spark, dbt, Kafka","Flipkart Labs is expanding its engineering hub in Telangana (Hyderabad). We are hiring a Data Engineer with expertise in SQL, Snowflake, Docker, Spark and proficiency in Hive, Kafka, dbt.",2026-07-02
JOB-1993,Cybersecurity Specialist,Flipkart Labs,Kerala (Thiruvananthapuram),Remote,Mid Level (2-5 yrs),915514,2667000,1791257,INR,"SOC, AWS Security, CISSP, SIEM, Network Security, Linux","Flipkart Labs is expanding its engineering hub in Kerala (Thiruvananthapuram). We are hiring a Cybersecurity Specialist with expertise in Network Security, Linux, SIEM and proficiency in AWS Security, SOC, CISSP.",2026-06-28
JOB-1994,Cloud Architect,DataStream Corp,Rajasthan (Jaipur),Hybrid,Senior Level (5-8 yrs),2818192,6710794,4764493,INR,"Python, Serverless, Cloud Security, AWS, Enterprise Architecture, Microservices","Join DataStream Corp (Rajasthan (Jaipur)) as a Cloud Architect! In this role, you will lead the architecture, design, and execution of core digital products using Cloud Security, AWS, Python and Enterprise Architecture, Serverless, Microservices.",2026-07-16
JOB-1995,AI/ML Engineer,Nexus AI,Telangana (Hyderabad),Onsite,Senior Level (5-8 yrs),1740802,5366408,3553605,INR,"Scikit-Learn, CUDA, MLflow, Ray, Python, PyTorch","Join Nexus AI (Telangana (Hyderabad)) as a AI/ML Engineer! In this role, you will lead the architecture, design, and execution of core digital products using Scikit-Learn, Python, PyTorch and Ray, CUDA, MLflow.",2026-07-06
JOB-1996,Full Stack Developer,HCL Tech Solutions,Delhi NCR (Noida),Remote,Mid Level (2-5 yrs),862896,2204871,1533883,INR,"React, JavaScript, AWS, Node.js, MongoDB","We are seeking an experienced Full Stack Developer at HCL Tech Solutions in Delhi NCR (Noida). You will work closely with engineering teams to implement high-impact systems using React, JavaScript, Node.js. Expert knowledge of React, JavaScript, AWS, Node.js, MongoDB is required.",2026-07-12
JOB-1997,Data Engineer,Nexus AI,West Bengal (Kolkata),Onsite,Mid Level (2-5 yrs),1063413,2641160,1852286,INR,"SQL, Docker, PostgreSQL, Spark, Kafka, GCP BigQuery, AWS Redshift, Python, Airflow","Join Nexus AI (West Bengal (Kolkata)) as a Data Engineer! In this role, you will lead the architecture, design, and execution of core digital products using SQL, Python, Airflow, Spark, Docker and PostgreSQL, Kafka, GCP BigQuery, AWS Redshift.",2026-06-25
JOB-1998,Cloud Architect,DataStream Corp,Maharashtra (Pune),Onsite,Mid Level (2-5 yrs),1865717,5029344,3447530,INR,"Enterprise Architecture, IAM, Azure, Cloud Security, AWS, Terraform, Networking, Python","DataStream Corp is expanding its engineering hub in Maharashtra (Pune). We are hiring a Cloud Architect with expertise in Cloud Security, AWS, Terraform, Python, Azure and proficiency in Enterprise Architecture, Networking, IAM.",2026-07-15
JOB-1999,AI/ML Engineer,Apex Systems,Delhi NCR (Noida),Remote,Senior Level (5-8 yrs),1556563,4861638,3209100,INR,"LangChain, Docker, Kubernetes, Python, PyTorch","Apex Systems is expanding its engineering hub in Delhi NCR (Noida). We are hiring a AI/ML Engineer with expertise in Docker, Python, PyTorch and proficiency in Kubernetes, LangChain.",2026-07-23
JOB-2000,DevOps & Cloud Engineer,Paytm Digital,Tamil Nadu (Chennai),Remote,Entry Level (0-2 yrs),765954,1893201,1329577,INR,"Bash, Docker, Kubernetes, AWS, CI/CD, Terraform, Python","Join Paytm Digital (Tamil Nadu (Chennai)) as a DevOps & Cloud Engineer! In this role, you will lead the architecture, design, and execution of core digital products using Docker, Kubernetes, AWS, Terraform, CI/CD and Python, Bash.",2026-08-18
JOB-2001,Full Stack Developer,Vanguard AI,Telangana (Hyderabad),Remote,Senior Level (5-8 yrs),1164730,3135679,2150204,INR,"TailwindCSS, PostgreSQL, JavaScript, TypeScript, Node.js","Vanguard AI is expanding its engineering hub in Telangana (Hyderabad). We are hiring a Full Stack Developer with expertise in JavaScript, TypeScript, Node.js and proficiency in TailwindCSS, PostgreSQL.",2026-07-18
JOB-2002,Cloud Architect,ByteCraft Inc,Delhi NCR (Gurugram),Onsite,Mid Level (2-5 yrs),1885658,5024077,3454867,INR,"IAM, Azure, Kubernetes, System Design, AWS, Terraform, Networking, Python","We are seeking an experienced Cloud Architect at ByteCraft Inc in Delhi NCR (Gurugram). You will work closely with engineering teams to implement high-impact systems using Azure, Terraform, Kubernetes, AWS, Python. Expert knowledge of IAM, Azure, Kubernetes, System Design, AWS, Terraform, Networking, Python is required.",2026-08-08
JOB-2003,Cybersecurity Specialist,CyberShield Tech,Rajasthan (Jaipur),Onsite,Mid Level (2-5 yrs),942660,2617442,1780051,INR,"Wireshark, Firewalls, Network Security, Penetration Testing, Linux","We are seeking an experienced Cybersecurity Specialist at CyberShield Tech in Rajasthan (Jaipur). You will work closely with engineering teams to implement high-impact systems using Penetration Testing, Network Security, Linux. Expert knowledge of Wireshark, Firewalls, Network Security, Penetration Testing, Linux is required.",2026-07-16
JOB-2004,Product Manager (Tech),Hyperion Software,Tamil Nadu (Chennai),Remote,Mid Level (2-5 yrs),1375070,3819057,2597063,INR,"SQL, System Architecture, Product Strategy, Agile, User Research, Figma, Roadmapping","We are seeking an experienced Product Manager (Tech) at Hyperion Software in Tamil Nadu (Chennai). You will work closely with engineering teams to implement high-impact systems using Product Strategy, Roadmapping, Agile, User Research, SQL. Expert knowledge of SQL, System Architecture, Product Strategy, Agile, User Research, Figma, Roadmapping is required.",2026-08-04
JOB-2005,Data Analyst,QuantVantage,Tamil Nadu (Chennai),Remote,Entry Level (0-2 yrs),413458,1149983,781720,INR,"Tableau, SQL, PowerBI, R, Statistics, Looker, Google Analytics, Python","We are seeking an experienced Data Analyst at QuantVantage in Tamil Nadu (Chennai). You will work closely with engineering teams to implement high-impact systems using Python, PowerBI, SQL, Tableau. Expert knowledge of Tableau, SQL, PowerBI, R, Statistics, Looker, Google Analytics, Python is required.",2026-07-04
JOB-2006,Cloud Architect,ByteCraft Inc,Delhi NCR (Gurugram),Onsite,Mid Level (2-5 yrs),1833453,4478326,3155889,INR,"Enterprise Architecture, Serverless, IAM, Kubernetes, GCP, AWS, Terraform, Python","ByteCraft Inc is expanding its engineering hub in Delhi NCR (Gurugram). We are hiring a Cloud Architect with expertise in AWS, Python, Kubernetes, Terraform and proficiency in GCP, Serverless, IAM, Enterprise Architecture.",2026-06-30
JOB-2007,Data Engineer,Nexus AI,Delhi NCR (Noida),Hybrid,Lead / Principal (8+ yrs),2030709,4986106,3508407,INR,"Snowflake, PostgreSQL, Spark, Kafka, Airflow","Nexus AI is expanding its engineering hub in Delhi NCR (Noida). We are hiring a Data Engineer with expertise in Airflow, Snowflake, Spark and proficiency in Kafka, PostgreSQL.",2026-08-13
JOB-2008,Data Analyst,CyberShield Tech,West Bengal (Kolkata),Remote,Entry Level (0-2 yrs),447245,1072730,759987,INR,"PowerBI, Pandas, A/B Testing, Snowflake, Python, Excel","CyberShield Tech is expanding its engineering hub in West Bengal (Kolkata). We are hiring a Data Analyst with expertise in PowerBI, Excel, Python and proficiency in Pandas, A/B Testing, Snowflake.",2026-07-01
JOB-2009,AI/ML Engineer,QuantVantage,Rajasthan (Jaipur),Hybrid,Entry Level (0-2 yrs),904813,2390168,1647490,INR,"Scikit-Learn, SQL, MLflow, Transformers, Python, TensorFlow","QuantVantage is expanding its engineering hub in Rajasthan (Jaipur). We are hiring a AI/ML Engineer with expertise in Scikit-Learn, Python, SQL, TensorFlow and proficiency in MLflow, Transformers.",2026-07-30
JOB-2010,Data Engineer,Pulse Analytics,Remote (Global),Remote,Mid Level (2-5 yrs),1059540,2806542,1933041,INR,"Docker, PostgreSQL, GCP BigQuery, Python, Airflow","Join Pulse Analytics (Remote (Global)) as a Data Engineer! In this role, you will lead the architecture, design, and execution of core digital products using Airflow, Docker, Python and GCP BigQuery, PostgreSQL.",2026-07-28
JOB-2011,AI/ML Engineer,Pulse Analytics,Kerala (Kochi),Remote,Senior Level (5-8 yrs),1592770,5000060,3296415,INR,"SQL, CUDA, MLflow, Docker, Ray, Python, TensorFlow","Pulse Analytics is expanding its engineering hub in Kerala (Kochi). We are hiring a AI/ML Engineer with expertise in Docker, Python, SQL, TensorFlow and proficiency in MLflow, Ray, CUDA.",2026-07-16
JOB-2012,Product Manager (Tech),Paytm Digital,Punjab (Mohali / Chandigarh),Remote,Senior Level (5-8 yrs),2253405,5056995,3655200,INR,"SQL, System Architecture, Growth Hacking, Product Strategy, Agile, User Research, Jira, Roadmapping","Paytm Digital is expanding its engineering hub in Punjab (Mohali / Chandigarh). We are hiring a Product Manager (Tech) with expertise in Roadmapping, Product Strategy, Agile, User Research, SQL and proficiency in System Architecture, Jira, Growth Hacking.",2026-08-13
JOB-2013,AI/ML Engineer,Apex Systems,West Bengal (Kolkata),Onsite,Entry Level (0-2 yrs),796694,2534769,1665731,INR,"Scikit-Learn, SQL, CUDA, LangChain, Docker, Kubernetes, FastAPI, PyTorch","We are seeking an experienced AI/ML Engineer at Apex Systems in West Bengal (Kolkata). You will work closely with engineering teams to implement high-impact systems using Scikit-Learn, PyTorch, SQL, Docker. Expert knowledge of Scikit-Learn, SQL, CUDA, LangChain, Docker, Kubernetes, FastAPI, PyTorch is required.",2026-07-07
JOB-2014,Cybersecurity Specialist,Paytm Digital,Kerala (Kochi),Onsite,Entry Level (0-2 yrs),657340,1772045,1214692,INR,"Compliance, SIEM, Cryptography, Network Security, Python, Penetration Testing, Linux","Paytm Digital is expanding its engineering hub in Kerala (Kochi). We are hiring a Cybersecurity Specialist with expertise in Linux, SIEM, Python, Network Security, Penetration Testing and proficiency in Cryptography, Compliance.",2026-06-27
JOB-2015,Cybersecurity Specialist,Wipro Cloud,Telangana (Hyderabad),Hybrid,Lead / Principal (8+ yrs),1813565,4688465,3251015,INR,"Firewalls, CISSP, SIEM, Cryptography, Network Security, Python, Penetration Testing","Join Wipro Cloud (Telangana (Hyderabad)) as a Cybersecurity Specialist! In this role, you will lead the architecture, design, and execution of core digital products using Network Security, SIEM, Penetration Testing, Python and Cryptography, Firewalls, CISSP.",2026-06-26
JOB-2016,AI/ML Engineer,Infosys Digital,Rajasthan (Jaipur),Remote,Senior Level (5-8 yrs),1669863,4711574,3190718,INR,"Scikit-Learn, SQL, CUDA, MLflow, TensorFlow, PyTorch","Join Infosys Digital (Rajasthan (Jaipur)) as a AI/ML Engineer! In this role, you will lead the architecture, design, and execution of core digital products using TensorFlow, SQL, PyTorch, Scikit-Learn and MLflow, CUDA.",2026-06-26
JOB-2017,Data Analyst,Zomato Tech,Remote (Global),Remote,Mid Level (2-5 yrs),657875,1546096,1101985,INR,"SQL, PowerBI, Snowflake, Looker, Python","We are seeking an experienced Data Analyst at Zomato Tech in Remote (Global). You will work closely with engineering teams to implement high-impact systems using Python, SQL, PowerBI. Expert knowledge of SQL, PowerBI, Snowflake, Looker, Python is required.",2026-07-22
JOB-2018,AI/ML Engineer,QuantVantage,Maharashtra (Mumbai),Hybrid,Senior Level (5-8 yrs),1577294,4925688,3251491,INR,"SQL, ONNX, Kubernetes, TensorFlow, PyTorch","QuantVantage is expanding its engineering hub in Maharashtra (Mumbai). We are hiring a AI/ML Engineer with expertise in TensorFlow, PyTorch, SQL and proficiency in Kubernetes, ONNX.",2026-07-31
JOB-2019,Data Engineer,Hyperion Software,Gujarat (Ahmedabad / GIFT City),Remote,Senior Level (5-8 yrs),1429807,3683717,2556762,INR,"Snowflake, Databricks, dbt, Scala, Kafka, Python, Airflow","Hyperion Software is expanding its engineering hub in Gujarat (Ahmedabad / GIFT City). We are hiring a Data Engineer with expertise in Python, Snowflake, Airflow and proficiency in Scala, dbt, Databricks, Kafka.",2026-08-15
JOB-2020,DevOps & Cloud Engineer,OmniCloud Systems,Delhi NCR (Noida),Remote,Mid Level (2-5 yrs),1157497,2997999,2077748,INR,"Grafana, Docker, ArgoCD, GCP, AWS, Terraform, Python, Linux","Join OmniCloud Systems (Delhi NCR (Noida)) as a DevOps & Cloud Engineer! In this role, you will lead the architecture, design, and execution of core digital products using Docker, Linux, Terraform, AWS and Python, ArgoCD, GCP, Grafana.",2026-07-27
JOB-2021,Data Engineer,ByteCraft Inc,Remote (Global),Remote,Senior Level (5-8 yrs),1424105,3790317,2607211,INR,"Docker, Hive, Snowflake, Spark, Kafka, Python, Airflow","Join ByteCraft Inc (Remote (Global)) as a Data Engineer! In this role, you will lead the architecture, design, and execution of core digital products using Docker, Snowflake, Python, Airflow, Spark and Kafka, Hive.",2026-08-13
JOB-2022,Full Stack Developer,Paytm Digital,Remote (Global),Remote,Lead / Principal (8+ yrs),1415960,4865353,3140656,INR,"SQL, React, AWS, Node.js, GraphQL, MongoDB","We are seeking an experienced Full Stack Developer at Paytm Digital in Remote (Global). You will work closely with engineering teams to implement high-impact systems using SQL, Node.js, React. Expert knowledge of SQL, React, AWS, Node.js, GraphQL, MongoDB is required.",2026-07-05
JOB-2023,Cybersecurity Specialist,TechNova India,Delhi NCR (Noida),Hybrid,Mid Level (2-5 yrs),925071,2639014,1782042,INR,"AWS Security, Firewalls, Wireshark, SIEM, Cryptography, Network Security, Python, Penetration Testing","We are seeking an experienced Cybersecurity Specialist at TechNova India in Delhi NCR (Noida). You will work closely with engineering teams to implement high-impact systems using Python, Network Security, SIEM, Penetration Testing. Expert knowledge of AWS Security, Firewalls, Wireshark, SIEM, Cryptography, Network Security, Python, Penetration Testing is required.",2026-07-17
JOB-2024,Data Analyst,HCL Tech Solutions,Gujarat (Ahmedabad / GIFT City),Hybrid,Mid Level (2-5 yrs),612788,1601872,1107330,INR,"SQL, PowerBI, Pandas, Looker, Python, Excel","We are seeking an experienced Data Analyst at HCL Tech Solutions in Gujarat (Ahmedabad / GIFT City). You will work closely with engineering teams to implement high-impact systems using SQL, Python, Excel, PowerBI. Expert knowledge of SQL, PowerBI, Pandas, Looker, Python, Excel is required.",2026-08-05
JOB-2025,Product Manager (Tech),Apex Systems,Kerala (Thiruvananthapuram),Hybrid,Mid Level (2-5 yrs),1505904,3729508,2617706,INR,"System Architecture, Data Analytics, Growth Hacking, Agile, User Research, A/B Testing, Roadmapping","Apex Systems is expanding its engineering hub in Kerala (Thiruvananthapuram). We are hiring a Product Manager (Tech) with expertise in User Research, Agile, Roadmapping and proficiency in System Architecture, Growth Hacking, Data Analytics, A/B Testing.",2026-08-18
JOB-2026,Cloud Architect,TechNova India,Kerala (Thiruvananthapuram),Remote,Mid Level (2-5 yrs),1970606,5132675,3551640,INR,"Enterprise Architecture, IAM, Cloud Security, GCP, AWS, Terraform, Python, Microservices","We are seeking an experienced Cloud Architect at TechNova India in Kerala (Thiruvananthapuram). You will work closely with engineering teams to implement high-impact systems using Terraform, Python, AWS, Cloud Security. Expert knowledge of Enterprise Architecture, IAM, Cloud Security, GCP, AWS, Terraform, Python, Microservices is required.",2026-06-21
JOB-2027,DevOps & Cloud Engineer,CloudScale Labs,Remote (Global),Remote,Senior Level (5-8 yrs),1484676,4405935,2945305,INR,"GitLab CI, AWS, CI/CD, Ansible, Terraform, Bash, Linux","We are seeking an experienced DevOps & Cloud Engineer at CloudScale Labs in Remote (Global). You will work closely with engineering teams to implement high-impact systems using Terraform, CI/CD, Linux, AWS. Expert knowledge of GitLab CI, AWS, CI/CD, Ansible, Terraform, Bash, Linux is required.",2026-06-21
JOB-2028,Full Stack Developer,Wipro Cloud,West Bengal (Kolkata),Hybrid,Mid Level (2-5 yrs),787915,2429458,1608686,INR,"SQL, PostgreSQL, AWS, TypeScript, Node.js, Python, Express, GraphQL","We are seeking an experienced Full Stack Developer at Wipro Cloud in West Bengal (Kolkata). You will work closely with engineering teams to implement high-impact systems using Python, SQL, TypeScript, Node.js. Expert knowledge of SQL, PostgreSQL, AWS, TypeScript, Node.js, Python, Express, GraphQL is required.",2026-07-12
JOB-2029,DevOps & Cloud Engineer,Zomato Tech,West Bengal (Kolkata),Hybrid,Senior Level (5-8 yrs),1491523,3979437,2735480,INR,"GitLab CI, Docker, Kubernetes, GCP, Ansible, Python, Linux","Zomato Tech is expanding its engineering hub in West Bengal (Kolkata). We are hiring a DevOps & Cloud Engineer with expertise in Linux, Docker, Kubernetes and proficiency in Ansible, GitLab CI, GCP, Python.",2026-06-23
JOB-2030,Full Stack Developer,Vanguard AI,Maharashtra (Mumbai),Remote,Mid Level (2-5 yrs),722888,2554683,1638785,INR,"SQL, Redis, TailwindCSS, JavaScript, AWS, Node.js, Python, GraphQL","Vanguard AI is expanding its engineering hub in Maharashtra (Mumbai). We are hiring a Full Stack Developer with expertise in Python, JavaScript, SQL, Node.js and proficiency in GraphQL, AWS, Redis, TailwindCSS.",2026-07-28
JOB-2031,Data Engineer,CyberShield Tech,Kerala (Kochi),Onsite,Entry Level (0-2 yrs),728862,2008520,1368691,INR,"Docker, Databricks, PostgreSQL, Spark, Scala, GCP BigQuery, Airflow","CyberShield Tech is expanding its engineering hub in Kerala (Kochi). We are hiring a Data Engineer with expertise in Docker, Airflow, Spark and proficiency in PostgreSQL, GCP BigQuery, Scala, Databricks.",2026-07-25
JOB-2032,Cybersecurity Specialist,CyberShield Tech,Uttar Pradesh (Lucknow),Remote,Senior Level (5-8 yrs),1159941,3291487,2225714,INR,"AWS Security, Firewalls, Incident Response, CISSP, SIEM, Python, Penetration Testing, Linux","CyberShield Tech is expanding its engineering hub in Uttar Pradesh (Lucknow). We are hiring a Cybersecurity Specialist with expertise in Python, Linux, SIEM, Penetration Testing and proficiency in Incident Response, Firewalls, CISSP, AWS Security.",2026-06-25
JOB-2033,Data Analyst,Flipkart Labs,Delhi NCR (Noida),Remote,Senior Level (5-8 yrs),850737,2446361,1648549,INR,"PowerBI, Snowflake, Statistics, Python, Excel","We are seeking an experienced Data Analyst at Flipkart Labs in Delhi NCR (Noida). You will work closely with engineering teams to implement high-impact systems using Python, PowerBI, Excel. Expert knowledge of PowerBI, Snowflake, Statistics, Python, Excel is required.",2026-07-25
JOB-2034,AI/ML Engineer,Swiggy Engineering,Remote (India),Remote,Entry Level (0-2 yrs),850358,2692399,1771378,INR,"Scikit-Learn, SQL, Docker, Kubernetes, Transformers, Python, PyTorch","We are seeking an experienced AI/ML Engineer at Swiggy Engineering in Remote (India). You will work closely with engineering teams to implement high-impact systems using Python, Scikit-Learn, SQL, Docker, PyTorch. Expert knowledge of Scikit-Learn, SQL, Docker, Kubernetes, Transformers, Python, PyTorch is required.",2026-07-18
JOB-2035,DevOps & Cloud Engineer,QuantVantage,Punjab (Mohali / Chandigarh),Onsite,Mid Level (2-5 yrs),1188494,3039760,2114127,INR,"GitLab CI, Docker, GCP, AWS, CI/CD, Terraform, Python, Linux","Join QuantVantage (Punjab (Mohali / Chandigarh)) as a DevOps & Cloud Engineer! In this role, you will lead the architecture, design, and execution of core digital products using Docker, AWS, Linux, CI/CD, Terraform and GCP, Python, GitLab CI.",2026-07-30
JOB-2036,AI/ML Engineer,Swiggy Engineering,Tamil Nadu (Chennai),Hybrid,Mid Level (2-5 yrs),1170791,3434847,2302819,INR,"Scikit-Learn, SQL, CUDA, Ray, Transformers, TensorFlow, PyTorch","We are seeking an experienced AI/ML Engineer at Swiggy Engineering in Tamil Nadu (Chennai). You will work closely with engineering teams to implement high-impact systems using SQL, PyTorch, Scikit-Learn, TensorFlow. Expert knowledge of Scikit-Learn, SQL, CUDA, Ray, Transformers, TensorFlow, PyTorch is required.",2026-06-22
JOB-2037,DevOps & Cloud Engineer,TechNova India,Remote (India),Remote,Senior Level (5-8 yrs),1463594,3941314,2702454,INR,"Docker, ArgoCD, Azure, GCP, AWS, CI/CD, Ansible","Join TechNova India (Remote (India)) as a DevOps & Cloud Engineer! In this role, you will lead the architecture, design, and execution of core digital products using CI/CD, Docker, AWS and Azure, ArgoCD, GCP, Ansible.",2026-07-26
JOB-2038,Full Stack Developer,HCL Tech Solutions,Kerala (Kochi),Onsite,Mid Level (2-5 yrs),826834,2406671,1616752,INR,"Next.js, Redis, JavaScript, TypeScript, Node.js","HCL Tech Solutions is expanding its engineering hub in Kerala (Kochi). We are hiring a Full Stack Developer with expertise in JavaScript, TypeScript, Node.js and proficiency in Next.js, Redis.",2026-07-26
JOB-2039,Cybersecurity Specialist,Nexus AI,Maharashtra (Mumbai),Remote,Senior Level (5-8 yrs),1341537,3875380,2608458,INR,"AWS Security, Incident Response, CISSP, Cryptography, Network Security, Python, Penetration Testing, Linux","We are seeking an experienced Cybersecurity Specialist at Nexus AI in Maharashtra (Mumbai). You will work closely with engineering teams to implement high-impact systems using Penetration Testing, Python, Network Security, Linux. Expert knowledge of AWS Security, Incident Response, CISSP, Cryptography, Network Security, Python, Penetration Testing, Linux is required.",2026-08-17
JOB-2040,Data Engineer,Hyperion Software,Remote (Global),Remote,Entry Level (0-2 yrs),738311,2102256,1420283,INR,"Docker, Snowflake, Kubernetes, Spark, Kafka, GCP BigQuery, AWS Redshift, Python, Airflow","Hyperion Software is expanding its engineering hub in Remote (Global). We are hiring a Data Engineer with expertise in Spark, Python, Docker, Airflow, Snowflake and proficiency in Kubernetes, Kafka, AWS Redshift, GCP BigQuery.",2026-08-08
JOB-2041,Product Manager (Tech),Vanguard AI,Tamil Nadu (Chennai),Remote,Senior Level (5-8 yrs),2008230,4960700,3484465,INR,"System Architecture, Agile, Scrum, User Research, Figma, Roadmapping","Vanguard AI is expanding its engineering hub in Tamil Nadu (Chennai). We are hiring a Product Manager (Tech) with expertise in User Research, Roadmapping, Agile and proficiency in Scrum, System Architecture, Figma.",2026-06-21
JOB-2042,Product Manager (Tech),TCS Innovation Labs,Rajasthan (Jaipur),Hybrid,Senior Level (5-8 yrs),2302432,5389608,3846020,INR,"SQL, System Architecture, Growth Hacking, Product Strategy, Agile, User Research, Scrum, Jira, Roadmapping","TCS Innovation Labs is expanding its engineering hub in Rajasthan (Jaipur). We are hiring a Product Manager (Tech) with expertise in Product Strategy, User Research, Agile, SQL, Roadmapping and proficiency in Growth Hacking, Scrum, System Architecture, Jira.",2026-08-16
JOB-2043,Data Analyst,TechNova India,Rajasthan (Jaipur),Onsite,Senior Level (5-8 yrs),916304,2156761,1536532,INR,"Tableau, SQL, PowerBI, Pandas, R, Statistics, Python","TechNova India is expanding its engineering hub in Rajasthan (Jaipur). We are hiring a Data Analyst with expertise in SQL, Python, PowerBI, Tableau and proficiency in Statistics, R, Pandas.",2026-06-22
JOB-2044,Full Stack Developer,Wipro Cloud,Punjab (Mohali / Chandigarh),Hybrid,Entry Level (0-2 yrs),504052,1549840,1026946,INR,"SQL, Redis, React, JavaScript, AWS, Node.js, Python, Express, MongoDB","Join Wipro Cloud (Punjab (Mohali / Chandigarh)) as a Full Stack Developer! In this role, you will lead the architecture, design, and execution of core digital products using JavaScript, Node.js, SQL, Python, React and Express, Redis, MongoDB, AWS.",2026-08-05
JOB-2045,Cloud Architect,TCS Innovation Labs,Uttar Pradesh (Lucknow),Hybrid,Mid Level (2-5 yrs),1918691,4574014,3246352,INR,"IAM, Azure, Kubernetes, AWS, Terraform, Networking, Microservices","We are seeking an experienced Cloud Architect at TCS Innovation Labs in Uttar Pradesh (Lucknow). You will work closely with engineering teams to implement high-impact systems using Terraform, AWS, Azure, Kubernetes. Expert knowledge of IAM, Azure, Kubernetes, AWS, Terraform, Networking, Microservices is required.",2026-07-05
JOB-2046,Full Stack Developer,Flipkart Labs,Kerala (Thiruvananthapuram),Remote,Entry Level (0-2 yrs),530488,1580843,1055665,INR,"Next.js, Redis, React, JavaScript, Node.js, Python, MongoDB","Join Flipkart Labs (Kerala (Thiruvananthapuram)) as a Full Stack Developer! In this role, you will lead the architecture, design, and execution of core digital products using React, Python, JavaScript, Node.js and MongoDB, Redis, Next.js.",2026-06-28
JOB-2047,Data Engineer,Hyperion Software,Remote (India),Remote,Mid Level (2-5 yrs),1066791,2877874,1972332,INR,"SQL, Docker, dbt, Kafka, Airflow","Join Hyperion Software (Remote (India)) as a Data Engineer! In this role, you will lead the architecture, design, and execution of core digital products using Airflow, Docker, SQL and dbt, Kafka.",2026-06-24
JOB-2048,Full Stack Developer,DataStream Corp,Delhi NCR (Noida),Hybrid,Mid Level (2-5 yrs),788163,2556640,1672401,INR,"React, TailwindCSS, PostgreSQL, AWS, TypeScript, Node.js, Python","DataStream Corp is expanding its engineering hub in Delhi NCR (Noida). We are hiring a Full Stack Developer with expertise in TypeScript, Python, React, Node.js and proficiency in AWS, PostgreSQL, TailwindCSS.",2026-08-05
JOB-2049,Data Engineer,Zomato Tech,Delhi NCR (Gurugram),Onsite,Senior Level (5-8 yrs),1424811,4091839,2758325,INR,"Snowflake, Kubernetes, Spark, Scala, Kafka, AWS Redshift, Python, Airflow","Join Zomato Tech (Delhi NCR (Gurugram)) as a Data Engineer! In this role, you will lead the architecture, design, and execution of core digital products using Airflow, Python, Spark, Snowflake and Scala, Kafka, AWS Redshift, Kubernetes.",2026-07-26
JOB-2050,Data Engineer,ByteCraft Inc,Remote (India),Remote,Senior Level (5-8 yrs),1474070,3822875,2648472,INR,"SQL, Docker, Kubernetes, Spark, Kafka, Airflow","We are seeking an experienced Data Engineer at ByteCraft Inc in Remote (India). You will work closely with engineering teams to implement high-impact systems using Airflow, SQL, Docker, Spark. Expert knowledge of SQL, Docker, Kubernetes, Spark, Kafka, Airflow is required.",2026-08-15
JOB-2051,Full Stack Developer,Infosys Digital,Gujarat (Ahmedabad / GIFT City),Onsite,Mid Level (2-5 yrs),869929,2489638,1679783,INR,"SQL, React, JavaScript, AWS, TypeScript, Node.js, GraphQL","Join Infosys Digital (Gujarat (Ahmedabad / GIFT City)) as a Full Stack Developer! In this role, you will lead the architecture, design, and execution of core digital products using TypeScript, JavaScript, Node.js, React, SQL and GraphQL, AWS.",2026-07-15
JOB-2052,Full Stack Developer,Nexus AI,Remote (Global),Remote,Senior Level (5-8 yrs),1141094,3050500,2095797,INR,"Redis, TailwindCSS, JavaScript, AWS, TypeScript, Python","Nexus AI is expanding its engineering hub in Remote (Global). We are hiring a Full Stack Developer with expertise in JavaScript, Python, TypeScript and proficiency in TailwindCSS, AWS, Redis.",2026-07-17
JOB-2053,Data Analyst,HCL Tech Solutions,Madhya Pradesh (Indore),Onsite,Senior Level (5-8 yrs),761697,2287114,1524405,INR,"Tableau, SQL, PowerBI, BigQuery, Snowflake, Excel","HCL Tech Solutions is expanding its engineering hub in Madhya Pradesh (Indore). We are hiring a Data Analyst with expertise in PowerBI, SQL, Excel, Tableau and proficiency in BigQuery, Snowflake.",2026-08-06
JOB-2054,Cybersecurity Specialist,Paytm Digital,West Bengal (Kolkata),Onsite,Lead / Principal (8+ yrs),1706979,4817248,3262113,INR,"Firewalls, Incident Response, CISSP, SIEM, Cryptography, Network Security, Python, Penetration Testing, Linux","We are seeking an experienced Cybersecurity Specialist at Paytm Digital in West Bengal (Kolkata). You will work closely with engineering teams to implement high-impact systems using Python, Linux, SIEM, Penetration Testing, Network Security. Expert knowledge of Firewalls, Incident Response, CISSP, SIEM, Cryptography, Network Security, Python, Penetration Testing, Linux is required.",2026-07-07
JOB-2055,Product Manager (Tech),Nexus AI,Punjab (Mohali / Chandigarh),Remote,Mid Level (2-5 yrs),1630171,3763524,2696847,INR,"SQL, System Architecture, Growth Hacking, Product Strategy, Agile, User Research, Jira, A/B Testing, Roadmapping","Join Nexus AI (Punjab (Mohali / Chandigarh)) as a Product Manager (Tech)! In this role, you will lead the architecture, design, and execution of core digital products using SQL, Roadmapping, Product Strategy, User Research, Agile and System Architecture, Growth Hacking, A/B Testing, Jira.",2026-07-02
JOB-2056,Data Engineer,Paytm Digital,Maharashtra (Pune),Onsite,Senior Level (5-8 yrs),1461191,3648669,2554930,INR,"SQL, Docker, Snowflake, Databricks, PostgreSQL, GCP BigQuery, AWS Redshift, Airflow","We are seeking an experienced Data Engineer at Paytm Digital in Maharashtra (Pune). You will work closely with engineering teams to implement high-impact systems using Airflow, Snowflake, Docker, SQL. Expert knowledge of SQL, Docker, Snowflake, Databricks, PostgreSQL, GCP BigQuery, AWS Redshift, Airflow is required.",2026-07-31
JOB-2057,DevOps & Cloud Engineer,OmniCloud Systems,Maharashtra (Mumbai),Onsite,Mid Level (2-5 yrs),1049251,2717938,1883594,INR,"GitLab CI, Azure, Kubernetes, AWS, CI/CD, Ansible, Terraform, Linux, Prometheus","Join OmniCloud Systems (Maharashtra (Mumbai)) as a DevOps & Cloud Engineer! In this role, you will lead the architecture, design, and execution of core digital products using AWS, Linux, Terraform, Kubernetes, CI/CD and Prometheus, Azure, Ansible, GitLab CI.",2026-07-03
JOB-2058,Cybersecurity Specialist,Hyperion Software,Kerala (Thiruvananthapuram),Onsite,Mid Level (2-5 yrs),871673,2534755,1703214,INR,"SOC, CISSP, SIEM, Cryptography, Network Security, Penetration Testing","Join Hyperion Software (Kerala (Thiruvananthapuram)) as a Cybersecurity Specialist! In this role, you will lead the architecture, design, and execution of core digital products using Network Security, Penetration Testing, SIEM and CISSP, Cryptography, SOC.",2026-08-09
JOB-2059,Cybersecurity Specialist,ByteCraft Inc,Rajasthan (Jaipur),Remote,Entry Level (0-2 yrs),676152,1708822,1192487,INR,"AWS Security, Firewalls, Incident Response, SIEM, Cryptography, Network Security, Python, Penetration Testing, Linux","ByteCraft Inc is expanding its engineering hub in Rajasthan (Jaipur). We are hiring a Cybersecurity Specialist with expertise in Linux, Python, Penetration Testing, Network Security, SIEM and proficiency in AWS Security, Cryptography, Incident Response, Firewalls.",2026-06-22
JOB-2060,Data Engineer,QuantVantage,Rajasthan (Jaipur),Remote,Mid Level (2-5 yrs),933535,2842248,1887891,INR,"SQL, Docker, Hive, Snowflake, PostgreSQL, Spark, Scala, AWS Redshift, Airflow","Join QuantVantage (Rajasthan (Jaipur)) as a Data Engineer! In this role, you will lead the architecture, design, and execution of core digital products using Docker, Spark, SQL, Snowflake, Airflow and Scala, PostgreSQL, Hive, AWS Redshift.",2026-06-21
JOB-2061,DevOps & Cloud Engineer,HCL Tech Solutions,Kerala (Thiruvananthapuram),Onsite,Senior Level (5-8 yrs),1679101,4191290,2935195,INR,"Docker, Azure, Kubernetes, GCP, AWS, CI/CD, Ansible, Bash, Linux","Join HCL Tech Solutions (Kerala (Thiruvananthapuram)) as a DevOps & Cloud Engineer! In this role, you will lead the architecture, design, and execution of core digital products using Kubernetes, Linux, Docker, CI/CD, AWS and GCP, Azure, Bash, Ansible.",2026-07-27
JOB-2062,Cloud Architect,TechNova India,Kerala (Thiruvananthapuram),Hybrid,Senior Level (5-8 yrs),2981624,6148140,4564882,INR,"IAM, Azure, Cloud Security, AWS, Terraform, Networking, Microservices","We are seeking an experienced Cloud Architect at TechNova India in Kerala (Thiruvananthapuram). You will work closely with engineering teams to implement high-impact systems using Cloud Security, Azure, AWS, Terraform. Expert knowledge of IAM, Azure, Cloud Security, AWS, Terraform, Networking, Microservices is required.",2026-06-23
JOB-2063,Product Manager (Tech),Paytm Digital,Remote (India),Remote,Entry Level (0-2 yrs),963062,2587766,1775414,INR,"SQL, Data Analytics, Jira, User Research, Roadmapping","Join Paytm Digital (Remote (India)) as a Product Manager (Tech)! In this role, you will lead the architecture, design, and execution of core digital products using Roadmapping, User Research, SQL and Data Analytics, Jira.",2026-08-01
JOB-2064,Data Engineer,QuantVantage,Kerala (Kochi),Hybrid,Entry Level (0-2 yrs),744455,1950535,1347495,INR,"SQL, Docker, Kubernetes, Spark, AWS Redshift, Python","QuantVantage is expanding its engineering hub in Kerala (Kochi). We are hiring a Data Engineer with expertise in SQL, Python, Docker, Spark and proficiency in Kubernetes, AWS Redshift.",2026-08-14
JOB-2065,DevOps & Cloud Engineer,Vanguard AI,Uttar Pradesh (Lucknow),Hybrid,Entry Level (0-2 yrs),763321,2148601,1455961,INR,"Docker, Azure, Kubernetes, AWS, Terraform, Bash, Linux","We are seeking an experienced DevOps & Cloud Engineer at Vanguard AI in Uttar Pradesh (Lucknow). You will work closely with engineering teams to implement high-impact systems using Kubernetes, Docker, Linux, AWS, Terraform. Expert knowledge of Docker, Azure, Kubernetes, AWS, Terraform, Bash, Linux is required.",2026-07-07
JOB-2066,Product Manager (Tech),Swiggy Engineering,Maharashtra (Mumbai),Onsite,Senior Level (5-8 yrs),2111248,5699266,3905257,INR,"SQL, System Architecture, Agile, Product Strategy, A/B Testing, Figma","Join Swiggy Engineering (Maharashtra (Mumbai)) as a Product Manager (Tech)! In this role, you will lead the architecture, design, and execution of core digital products using SQL, Agile, Product Strategy and A/B Testing, System Architecture, Figma.",2026-07-26
JOB-2067,Full Stack Developer,TCS Innovation Labs,Kerala (Thiruvananthapuram),Onsite,Senior Level (5-8 yrs),1070616,3603662,2337139,INR,"SQL, React, TailwindCSS, PostgreSQL, JavaScript, AWS, Node.js, MongoDB","We are seeking an experienced Full Stack Developer at TCS Innovation Labs in Kerala (Thiruvananthapuram). You will work closely with engineering teams to implement high-impact systems using Node.js, JavaScript, React, SQL. Expert knowledge of SQL, React, TailwindCSS, PostgreSQL, JavaScript, AWS, Node.js, MongoDB is required.",2026-07-20
JOB-2068,Cloud Architect,Zomato Tech,Kerala (Thiruvananthapuram),Onsite,Senior Level (5-8 yrs),2592182,7335558,4963870,INR,"Azure, Kubernetes, Cloud Security, Terraform, Networking, Enterprise Architecture, Microservices","We are seeking an experienced Cloud Architect at Zomato Tech in Kerala (Thiruvananthapuram). You will work closely with engineering teams to implement high-impact systems using Kubernetes, Cloud Security, Terraform, Azure. Expert knowledge of Azure, Kubernetes, Cloud Security, Terraform, Networking, Enterprise Architecture, Microservices is required.",2026-08-15
JOB-2069,Cybersecurity Specialist,QuantVantage,Karnataka (Bengaluru),Remote,Lead / Principal (8+ yrs),1693748,5174028,3433888,INR,"SOC, Compliance, Firewalls, SIEM, Network Security, Penetration Testing","We are seeking an experienced Cybersecurity Specialist at QuantVantage in Karnataka (Bengaluru). You will work closely with engineering teams to implement high-impact systems using Network Security, Penetration Testing, SIEM. Expert knowledge of SOC, Compliance, Firewalls, SIEM, Network Security, Penetration Testing is required.",2026-08-05
JOB-2070,Full Stack Developer,DataStream Corp,Kerala (Thiruvananthapuram),Hybrid,Entry Level (0-2 yrs),574942,1655029,1114985,INR,"SQL, Redis, React, PostgreSQL, Node.js","DataStream Corp is expanding its engineering hub in Kerala (Thiruvananthapuram). We are hiring a Full Stack Developer with expertise in React, SQL, Node.js and proficiency in Redis, PostgreSQL.",2026-08-09
JOB-2071,Data Engineer,CyberShield Tech,Kerala (Kochi),Hybrid,Senior Level (5-8 yrs),1378460,4232713,2805586,INR,"SQL, Docker, Snowflake, Spark, Scala, AWS Redshift, Airflow","Join CyberShield Tech (Kerala (Kochi)) as a Data Engineer! In this role, you will lead the architecture, design, and execution of core digital products using Snowflake, Airflow, Docker, Spark, SQL and Scala, AWS Redshift.",2026-07-05
JOB-2072,Data Analyst,Vanguard AI,Tamil Nadu (Chennai),Onsite,Entry Level (0-2 yrs),396348,1190239,793293,INR,"Tableau, PowerBI, Pandas, Google Analytics, Python, Excel","Vanguard AI is expanding its engineering hub in Tamil Nadu (Chennai). We are hiring a Data Analyst with expertise in PowerBI, Python, Excel, Tableau and proficiency in Pandas, Google Analytics.",2026-07-17
JOB-2073,Data Engineer,TCS Innovation Labs,Delhi NCR (Noida),Remote,Entry Level (0-2 yrs),753967,1967679,1360823,INR,"SQL, Snowflake, Spark, Kafka, GCP BigQuery, Python, Airflow","Join TCS Innovation Labs (Delhi NCR (Noida)) as a Data Engineer! In this role, you will lead the architecture, design, and execution of core digital products using SQL, Python, Spark, Airflow, Snowflake and GCP BigQuery, Kafka.",2026-08-04
JOB-2074,Product Manager (Tech),Infosys Digital,Delhi NCR (Noida),Onsite,Mid Level (2-5 yrs),1586076,4103887,2844981,INR,"SQL, Growth Hacking, Agile, Product Strategy, User Research, Jira, Scrum, A/B Testing","Join Infosys Digital (Delhi NCR (Noida)) as a Product Manager (Tech)! In this role, you will lead the architecture, design, and execution of core digital products using Agile, Product Strategy, SQL, User Research and Growth Hacking, Jira, Scrum, A/B Testing.",2026-07-22
JOB-2075,Cloud Architect,Apex Systems,Punjab (Mohali / Chandigarh),Onsite,Senior Level (5-8 yrs),2866422,6734687,4800554,INR,"IAM, Azure, Cloud Security, Terraform, Python, Microservices","Apex Systems is expanding its engineering hub in Punjab (Mohali / Chandigarh). We are hiring a Cloud Architect with expertise in Azure, Terraform, Python, Cloud Security and proficiency in IAM, Microservices.",2026-07-04
JOB-2076,Product Manager (Tech),Hyperion Software,Gujarat (Ahmedabad / GIFT City),Onsite,Entry Level (0-2 yrs),981865,2637212,1809538,INR,"Growth Hacking, Product Strategy, Jira, User Research, Scrum, Roadmapping","We are seeking an experienced Product Manager (Tech) at Hyperion Software in Gujarat (Ahmedabad / GIFT City). You will work closely with engineering teams to implement high-impact systems using Roadmapping, Product Strategy, User Research. Expert knowledge of Growth Hacking, Product Strategy, Jira, User Research, Scrum, Roadmapping is required.",2026-08-08
JOB-2077,Product Manager (Tech),Wipro Cloud,Delhi NCR (Gurugram),Remote,Mid Level (2-5 yrs),1589820,3919507,2754663,INR,"Product Strategy, Jira, User Research, Scrum, A/B Testing, Roadmapping","Wipro Cloud is expanding its engineering hub in Delhi NCR (Gurugram). We are hiring a Product Manager (Tech) with expertise in Product Strategy, Roadmapping, User Research and proficiency in A/B Testing, Jira, Scrum.",2026-08-16
JOB-2078,Data Analyst,HCL Tech Solutions,Tamil Nadu (Chennai),Remote,Senior Level (5-8 yrs),776522,2340704,1558613,INR,"Tableau, SQL, PowerBI, Statistics, Looker, Google Analytics, Python","Join HCL Tech Solutions (Tamil Nadu (Chennai)) as a Data Analyst! In this role, you will lead the architecture, design, and execution of core digital products using Tableau, Python, PowerBI, SQL and Google Analytics, Looker, Statistics.",2026-07-04
JOB-2079,Product Manager (Tech),HCL Tech Solutions,Delhi NCR (Gurugram),Hybrid,Mid Level (2-5 yrs),1564647,3508523,2536585,INR,"System Architecture, Product Strategy, Scrum, User Research, Figma, Roadmapping","Join HCL Tech Solutions (Delhi NCR (Gurugram)) as a Product Manager (Tech)! In this role, you will lead the architecture, design, and execution of core digital products using Roadmapping, User Research, Product Strategy and Figma, Scrum, System Architecture.",2026-07-13
JOB-2080,Product Manager (Tech),TechNova India,Delhi NCR (Gurugram),Onsite,Entry Level (0-2 yrs),1043387,2674364,1858875,INR,"Growth Hacking, Product Strategy, Agile, Figma, Roadmapping","Join TechNova India (Delhi NCR (Gurugram)) as a Product Manager (Tech)! In this role, you will lead the architecture, design, and execution of core digital products using Product Strategy, Agile, Roadmapping and Growth Hacking, Figma.",2026-07-05
JOB-2081,Data Engineer,Wipro Cloud,Remote (India),Remote,Senior Level (5-8 yrs),1297720,3813616,2555668,INR,"SQL, Docker, Snowflake, dbt, Kafka, Python","Wipro Cloud is expanding its engineering hub in Remote (India). We are hiring a Data Engineer with expertise in SQL, Snowflake, Docker, Python and proficiency in Kafka, dbt.",2026-07-01
JOB-2082,AI/ML Engineer,Swiggy Engineering,Delhi NCR (Noida),Remote,Entry Level (0-2 yrs),791378,2567590,1679484,INR,"Scikit-Learn, LangChain, SQL, ONNX, AWS SageMaker, FastAPI, TensorFlow","Swiggy Engineering is expanding its engineering hub in Delhi NCR (Noida). We are hiring a AI/ML Engineer with expertise in TensorFlow, SQL, Scikit-Learn and proficiency in AWS SageMaker, LangChain, FastAPI, ONNX.",2026-06-25
JOB-2083,Cloud Architect,Zomato Tech,Punjab (Mohali / Chandigarh),Remote,Mid Level (2-5 yrs),2058162,5102085,3580123,INR,"Docker, Kubernetes, Cloud Security, AWS, Terraform, Networking, Python, Microservices","Zomato Tech is expanding its engineering hub in Punjab (Mohali / Chandigarh). We are hiring a Cloud Architect with expertise in Terraform, AWS, Kubernetes, Python, Cloud Security and proficiency in Networking, Microservices, Docker.",2026-07-31
JOB-2084,Data Engineer,ByteCraft Inc,Maharashtra (Pune),Hybrid,Senior Level (5-8 yrs),1478181,4100137,2789159,INR,"SQL, Hive, Snowflake, PostgreSQL, Python","ByteCraft Inc is expanding its engineering hub in Maharashtra (Pune). We are hiring a Data Engineer with expertise in SQL, Snowflake, Python and proficiency in PostgreSQL, Hive.",2026-07-04
JOB-2085,Cloud Architect,TechNova India,Maharashtra (Pune),Hybrid,Entry Level (0-2 yrs),1537809,3079539,2308674,INR,"Enterprise Architecture, Docker, Azure, Kubernetes, GCP, AWS, Networking, Python","TechNova India is expanding its engineering hub in Maharashtra (Pune). We are hiring a Cloud Architect with expertise in Python, Kubernetes, Azure, AWS and proficiency in Docker, GCP, Networking, Enterprise Architecture.",2026-07-14
JOB-2086,Product Manager (Tech),Nexus AI,Telangana (Hyderabad),Remote,Mid Level (2-5 yrs),1627196,4149686,2888441,INR,"SQL, System Architecture, Growth Hacking, Product Strategy, Agile, User Research, Roadmapping","Join Nexus AI (Telangana (Hyderabad)) as a Product Manager (Tech)! In this role, you will lead the architecture, design, and execution of core digital products using Product Strategy, Roadmapping, Agile, User Research, SQL and System Architecture, Growth Hacking.",2026-07-22
JOB-2087,Full Stack Developer,CloudScale Labs,Telangana (Hyderabad),Onsite,Senior Level (5-8 yrs),1017374,3438965,2228169,INR,"SQL, Docker, Redis, React, JavaScript, TypeScript, Python","We are seeking an experienced Full Stack Developer at CloudScale Labs in Telangana (Hyderabad). You will work closely with engineering teams to implement high-impact systems using JavaScript, SQL, Python, TypeScript, React. Expert knowledge of SQL, Docker, Redis, React, JavaScript, TypeScript, Python is required.",2026-07-23
JOB-2088,Full Stack Developer,QuantVantage,Remote (Global),Remote,Senior Level (5-8 yrs),1104644,3250674,2177659,INR,"SQL, PostgreSQL, TypeScript, Python, MongoDB","QuantVantage is expanding its engineering hub in Remote (Global). We are hiring a Full Stack Developer with expertise in TypeScript, Python, SQL and proficiency in MongoDB, PostgreSQL.",2026-08-20
JOB-2089,Full Stack Developer,ByteCraft Inc,Kerala (Kochi),Onsite,Entry Level (0-2 yrs),574039,1559245,1066642,INR,"SQL, Redis, TailwindCSS, JavaScript, TypeScript, Python","Join ByteCraft Inc (Kerala (Kochi)) as a Full Stack Developer! In this role, you will lead the architecture, design, and execution of core digital products using TypeScript, JavaScript, Python, SQL and Redis, TailwindCSS.",2026-06-26
JOB-2090,AI/ML Engineer,Flipkart Labs,Kerala (Thiruvananthapuram),Remote,Entry Level (0-2 yrs),877224,2616426,1746825,INR,"Scikit-Learn, LangChain, ONNX, Python, TensorFlow, PyTorch","We are seeking an experienced AI/ML Engineer at Flipkart Labs in Kerala (Thiruvananthapuram). You will work closely with engineering teams to implement high-impact systems using Scikit-Learn, PyTorch, Python, TensorFlow. Expert knowledge of Scikit-Learn, LangChain, ONNX, Python, TensorFlow, PyTorch is required.",2026-06-30
JOB-2091,AI/ML Engineer,Wipro Cloud,Punjab (Mohali / Chandigarh),Remote,Senior Level (5-8 yrs),1576094,5326465,3451279,INR,"Scikit-Learn, SQL, Docker, Transformers, FastAPI, Python, PyTorch","Wipro Cloud is expanding its engineering hub in Punjab (Mohali / Chandigarh). We are hiring a AI/ML Engineer with expertise in Scikit-Learn, Python, SQL, Docker, PyTorch and proficiency in FastAPI, Transformers.",2026-07-31
JOB-2092,Cloud Architect,Hyperion Software,Kerala (Kochi),Remote,Mid Level (2-5 yrs),2172074,4725561,3448817,INR,"Docker, Azure, Cloud Security, System Design, AWS","Join Hyperion Software (Kerala (Kochi)) as a Cloud Architect! In this role, you will lead the architecture, design, and execution of core digital products using Cloud Security, AWS, Azure and System Design, Docker.",2026-07-12
JOB-2093,Full Stack Developer,OmniCloud Systems,Gujarat (Ahmedabad / GIFT City),Onsite,Mid Level (2-5 yrs),857914,2170742,1514328,INR,"TailwindCSS, PostgreSQL, JavaScript, TypeScript, Python, Express","We are seeking an experienced Full Stack Developer at OmniCloud Systems in Gujarat (Ahmedabad / GIFT City). You will work closely with engineering teams to implement high-impact systems using TypeScript, Python, JavaScript. Expert knowledge of TailwindCSS, PostgreSQL, JavaScript, TypeScript, Python, Express is required.",2026-08-12
JOB-2094,Full Stack Developer,CyberShield Tech,Remote (Global),Remote,Senior Level (5-8 yrs),1165069,3606257,2385663,INR,"SQL, Next.js, React, PostgreSQL, Python","We are seeking an experienced Full Stack Developer at CyberShield Tech in Remote (Global). You will work closely with engineering teams to implement high-impact systems using React, SQL, Python. Expert knowledge of SQL, Next.js, React, PostgreSQL, Python is required.",2026-08-05
JOB-2095,AI/ML Engineer,DataStream Corp,Karnataka (Bengaluru),Onsite,Mid Level (2-5 yrs),1186274,3623947,2405110,INR,"Scikit-Learn, SQL, CUDA, Docker, Transformers, FastAPI, PyTorch","Join DataStream Corp (Karnataka (Bengaluru)) as a AI/ML Engineer! In this role, you will lead the architecture, design, and execution of core digital products using Scikit-Learn, SQL, Docker, PyTorch and Transformers, CUDA, FastAPI.",2026-07-28
JOB-2096,Data Analyst,Vanguard AI,Delhi NCR (Gurugram),Remote,Mid Level (2-5 yrs),606592,1686130,1146361,INR,"Tableau, PowerBI, A/B Testing, Snowflake, R, Python","Vanguard AI is expanding its engineering hub in Delhi NCR (Gurugram). We are hiring a Data Analyst with expertise in Python, Tableau, PowerBI and proficiency in R, A/B Testing, Snowflake.",2026-08-13
JOB-2097,AI/ML Engineer,Wipro Cloud,Karnataka (Bengaluru),Onsite,Senior Level (5-8 yrs),1654398,4451770,3053084,INR,"Scikit-Learn, Docker, AWS SageMaker, FastAPI, Python, TensorFlow, PyTorch","We are seeking an experienced AI/ML Engineer at Wipro Cloud in Karnataka (Bengaluru). You will work closely with engineering teams to implement high-impact systems using PyTorch, Python, Scikit-Learn, Docker, TensorFlow. Expert knowledge of Scikit-Learn, Docker, AWS SageMaker, FastAPI, Python, TensorFlow, PyTorch is required.",2026-07-18
JOB-2098,Data Engineer,Pulse Analytics,Uttar Pradesh (Lucknow),Remote,Entry Level (0-2 yrs),701170,1924166,1312668,INR,"Docker, Hive, Spark, dbt, Scala, Kafka, Python","We are seeking an experienced Data Engineer at Pulse Analytics in Uttar Pradesh (Lucknow). You will work closely with engineering teams to implement high-impact systems using Docker, Python, Spark. Expert knowledge of Docker, Hive, Spark, dbt, Scala, Kafka, Python is required.",2026-08-05
JOB-2099,AI/ML Engineer,ByteCraft Inc,Gujarat (Ahmedabad / GIFT City),Hybrid,Entry Level (0-2 yrs),823303,2260960,1542131,INR,"SQL, Docker, Kubernetes, Ray, Transformers, TensorFlow","We are seeking an experienced AI/ML Engineer at ByteCraft Inc in Gujarat (Ahmedabad / GIFT City). You will work closely with engineering teams to implement high-impact systems using TensorFlow, Docker, SQL. Expert knowledge of SQL, Docker, Kubernetes, Ray, Transformers, TensorFlow is required.",2026-08-19
JOB-2100,AI/ML Engineer,Flipkart Labs,Madhya Pradesh (Indore),Remote,Mid Level (2-5 yrs),1108919,3153826,2131372,INR,"Scikit-Learn, SQL, CUDA, MLflow, Docker, AWS SageMaker, Transformers, TensorFlow, PyTorch","We are seeking an experienced AI/ML Engineer at Flipkart Labs in Madhya Pradesh (Indore). You will work closely with engineering teams to implement high-impact systems using Docker, TensorFlow, Scikit-Learn, PyTorch, SQL. Expert knowledge of Scikit-Learn, SQL, CUDA, MLflow, Docker, AWS SageMaker, Transformers, TensorFlow, PyTorch is required.",2026-07-09
JOB-2101,DevOps & Cloud Engineer,Paytm Digital,Rajasthan (Jaipur),Remote,Senior Level (5-8 yrs),1566225,4220677,2893451,INR,"Docker, Azure, Kubernetes, AWS, Terraform, Python","We are seeking an experienced DevOps & Cloud Engineer at Paytm Digital in Rajasthan (Jaipur). You will work closely with engineering teams to implement high-impact systems using Kubernetes, Terraform, AWS, Docker. Expert knowledge of Docker, Azure, Kubernetes, AWS, Terraform, Python is required.",2026-07-07
JOB-2102,Product Manager (Tech),TechNova India,Maharashtra (Mumbai),Remote,Lead / Principal (8+ yrs),2916578,7444915,5180746,INR,"SQL, Growth Hacking, Agile, Product Strategy, Jira, Figma, Roadmapping","We are seeking an experienced Product Manager (Tech) at TechNova India in Maharashtra (Mumbai). You will work closely with engineering teams to implement high-impact systems using SQL, Roadmapping, Agile, Product Strategy. Expert knowledge of SQL, Growth Hacking, Agile, Product Strategy, Jira, Figma, Roadmapping is required.",2026-07-23
JOB-2103,Product Manager (Tech),ByteCraft Inc,Telangana (Hyderabad),Hybrid,Entry Level (0-2 yrs),1011499,2485568,1748533,INR,"SQL, System Architecture, Data Analytics, Product Strategy, Agile, User Research, Jira, A/B Testing, Roadmapping","Join ByteCraft Inc (Telangana (Hyderabad)) as a Product Manager (Tech)! In this role, you will lead the architecture, design, and execution of core digital products using User Research, Product Strategy, Roadmapping, Agile, SQL and Jira, Data Analytics, A/B Testing, System Architecture.",2026-07-12
JOB-2104,AI/ML Engineer,Flipkart Labs,Kerala (Kochi),Onsite,Senior Level (5-8 yrs),1667651,4840236,3253943,INR,"Scikit-Learn, SQL, CUDA, Docker, Kubernetes, TensorFlow","We are seeking an experienced AI/ML Engineer at Flipkart Labs in Kerala (Kochi). You will work closely with engineering teams to implement high-impact systems using Scikit-Learn, SQL, Docker, TensorFlow. Expert knowledge of Scikit-Learn, SQL, CUDA, Docker, Kubernetes, TensorFlow is required.",2026-06-29
JOB-2105,Cybersecurity Specialist,Hyperion Software,Kerala (Kochi),Remote,Mid Level (2-5 yrs),912783,2469085,1690934,INR,"Wireshark, Incident Response, SIEM, Cryptography, Network Security, Python, Penetration Testing","We are seeking an experienced Cybersecurity Specialist at Hyperion Software in Kerala (Kochi). You will work closely with engineering teams to implement high-impact systems using Network Security, Python, Penetration Testing, SIEM. Expert knowledge of Wireshark, Incident Response, SIEM, Cryptography, Network Security, Python, Penetration Testing is required.",2026-07-03
JOB-2106,Cloud Architect,Vanguard AI,Delhi NCR (Gurugram),Remote,Senior Level (5-8 yrs),2918432,7272479,5095455,INR,"Enterprise Architecture, Serverless, IAM, Kubernetes, Cloud Security, GCP, AWS, Terraform, Python","We are seeking an experienced Cloud Architect at Vanguard AI in Delhi NCR (Gurugram). You will work closely with engineering teams to implement high-impact systems using Python, Kubernetes, Cloud Security, Terraform, AWS. Expert knowledge of Enterprise Architecture, Serverless, IAM, Kubernetes, Cloud Security, GCP, AWS, Terraform, Python is required.",2026-06-25
JOB-2107,Cybersecurity Specialist,TCS Innovation Labs,Karnataka (Bengaluru),Remote,Mid Level (2-5 yrs),929764,2354263,1642013,INR,"SOC, CISSP, SIEM, Network Security, Python, Penetration Testing, Linux","TCS Innovation Labs is expanding its engineering hub in Karnataka (Bengaluru). We are hiring a Cybersecurity Specialist with expertise in SIEM, Python, Network Security, Linux, Penetration Testing and proficiency in CISSP, SOC.",2026-07-11
JOB-2108,Data Analyst,DataStream Corp,Maharashtra (Pune),Remote,Mid Level (2-5 yrs),600437,1628047,1114242,INR,"Tableau, SQL, PowerBI, BigQuery, R, Google Analytics, Python, Excel","Join DataStream Corp (Maharashtra (Pune)) as a Data Analyst! In this role, you will lead the architecture, design, and execution of core digital products using PowerBI, Excel, SQL, Tableau, Python and R, BigQuery, Google Analytics.",2026-06-22
JOB-2109,AI/ML Engineer,Nexus AI,Rajasthan (Jaipur),Hybrid,Mid Level (2-5 yrs),1315885,3830763,2573324,INR,"Scikit-Learn, LangChain, Kubernetes, Transformers, Python, PyTorch","Join Nexus AI (Rajasthan (Jaipur)) as a AI/ML Engineer! In this role, you will lead the architecture, design, and execution of core digital products using PyTorch, Python, Scikit-Learn and LangChain, Kubernetes, Transformers.",2026-07-23
JOB-2110,AI/ML Engineer,Swiggy Engineering,Delhi NCR (Gurugram),Remote,Senior Level (5-8 yrs),1795111,5235276,3515193,INR,"Scikit-Learn, SQL, CUDA, AWS SageMaker, Ray, Python, PyTorch","Join Swiggy Engineering (Delhi NCR (Gurugram)) as a AI/ML Engineer! In this role, you will lead the architecture, design, and execution of core digital products using SQL, Python, Scikit-Learn, PyTorch and AWS SageMaker, CUDA, Ray.",2026-07-15
JOB-2111,Data Engineer,CyberShield Tech,Rajasthan (Jaipur),Remote,Senior Level (5-8 yrs),1389740,4117690,2753715,INR,"SQL, Snowflake, PostgreSQL, Spark, GCP BigQuery, Python, Airflow","CyberShield Tech is expanding its engineering hub in Rajasthan (Jaipur). We are hiring a Data Engineer with expertise in Python, SQL, Airflow, Spark, Snowflake and proficiency in GCP BigQuery, PostgreSQL.",2026-06-21
JOB-2112,Product Manager (Tech),CloudScale Labs,West Bengal (Kolkata),Remote,Mid Level (2-5 yrs),1363206,4103686,2733446,INR,"System Architecture, Data Analytics, Agile, Scrum, User Research, Jira, Roadmapping","CloudScale Labs is expanding its engineering hub in West Bengal (Kolkata). We are hiring a Product Manager (Tech) with expertise in Agile, User Research, Roadmapping and proficiency in Scrum, Jira, Data Analytics, System Architecture.",2026-08-05
JOB-2113,Full Stack Developer,OmniCloud Systems,Kerala (Kochi),Onsite,Senior Level (5-8 yrs),1186721,3564833,2375777,INR,"SQL, React, AWS, TypeScript, Node.js, Python, Express, MongoDB","OmniCloud Systems is expanding its engineering hub in Kerala (Kochi). We are hiring a Full Stack Developer with expertise in Python, SQL, TypeScript, Node.js, React and proficiency in Express, AWS, MongoDB.",2026-07-10
JOB-2114,Cybersecurity Specialist,Infosys Digital,Kerala (Kochi),Onsite,Entry Level (0-2 yrs),621092,1734694,1177893,INR,"SOC, AWS Security, Incident Response, CISSP, SIEM, Network Security, Python, Penetration Testing, Linux","Infosys Digital is expanding its engineering hub in Kerala (Kochi). We are hiring a Cybersecurity Specialist with expertise in SIEM, Linux, Penetration Testing, Python, Network Security and proficiency in Incident Response, SOC, CISSP, AWS Security.",2026-08-01
JOB-2115,Full Stack Developer,Nexus AI,Uttar Pradesh (Lucknow),Remote,Entry Level (0-2 yrs),564773,1554019,1059396,INR,"SQL, Docker, TailwindCSS, PostgreSQL, JavaScript, TypeScript, Node.js","Nexus AI is expanding its engineering hub in Uttar Pradesh (Lucknow). We are hiring a Full Stack Developer with expertise in JavaScript, Node.js, TypeScript, SQL and proficiency in PostgreSQL, TailwindCSS, Docker.",2026-07-15
JOB-2116,DevOps & Cloud Engineer,Apex Systems,Rajasthan (Jaipur),Onsite,Senior Level (5-8 yrs),1533693,4612099,3072896,INR,"Grafana, GCP, AWS, Terraform, Linux","Apex Systems is expanding its engineering hub in Rajasthan (Jaipur). We are hiring a DevOps & Cloud Engineer with expertise in AWS, Linux, Terraform and proficiency in Grafana, GCP.",2026-07-23
JOB-2117,Data Engineer,Vanguard AI,Karnataka (Bengaluru),Onsite,Senior Level (5-8 yrs),1445130,4301914,2873522,INR,"SQL, Kubernetes, Spark, AWS Redshift, Python","Vanguard AI is expanding its engineering hub in Karnataka (Bengaluru). We are hiring a Data Engineer with expertise in Spark, Python, SQL and proficiency in AWS Redshift, Kubernetes.",2026-06-29
JOB-2118,Full Stack Developer,Wipro Cloud,Madhya Pradesh (Indore),Remote,Mid Level (2-5 yrs),866936,2314184,1590560,INR,"SQL, Next.js, PostgreSQL, JavaScript, TypeScript, Node.js","Wipro Cloud is expanding its engineering hub in Madhya Pradesh (Indore). We are hiring a Full Stack Developer with expertise in SQL, Node.js, JavaScript, TypeScript and proficiency in PostgreSQL, Next.js.",2026-08-14
JOB-2119,Cybersecurity Specialist,QuantVantage,Karnataka (Bengaluru),Remote,Mid Level (2-5 yrs),867219,2356414,1611816,INR,"Firewalls, Incident Response, SIEM, Network Security, Python, Linux","We are seeking an experienced Cybersecurity Specialist at QuantVantage in Karnataka (Bengaluru). You will work closely with engineering teams to implement high-impact systems using Linux, SIEM, Network Security, Python. Expert knowledge of Firewalls, Incident Response, SIEM, Network Security, Python, Linux is required.",2026-07-07
JOB-2120,Data Analyst,Apex Systems,Karnataka (Bengaluru),Onsite,Mid Level (2-5 yrs),571043,1612236,1091639,INR,"Tableau, PowerBI, BigQuery, Looker, Excel","Apex Systems is expanding its engineering hub in Karnataka (Bengaluru). We are hiring a Data Analyst with expertise in Excel, PowerBI, Tableau and proficiency in Looker, BigQuery.",2026-07-11
JOB-2121,AI/ML Engineer,Swiggy Engineering,Karnataka (Bengaluru),Hybrid,Mid Level (2-5 yrs),1134353,3378513,2256433,INR,"SQL, CUDA, LangChain, Docker, Ray, Python, TensorFlow, PyTorch","We are seeking an experienced AI/ML Engineer at Swiggy Engineering in Karnataka (Bengaluru). You will work closely with engineering teams to implement high-impact systems using PyTorch, Python, TensorFlow, SQL, Docker. Expert knowledge of SQL, CUDA, LangChain, Docker, Ray, Python, TensorFlow, PyTorch is required.",2026-06-23
JOB-2122,Cybersecurity Specialist,Hyperion Software,West Bengal (Kolkata),Onsite,Mid Level (2-5 yrs),933964,2790700,1862332,INR,"AWS Security, CISSP, SIEM, Cryptography, Network Security, Python, Penetration Testing, Linux","Join Hyperion Software (West Bengal (Kolkata)) as a Cybersecurity Specialist! In this role, you will lead the architecture, design, and execution of core digital products using Penetration Testing, Python, Linux, SIEM, Network Security and Cryptography, AWS Security, CISSP.",2026-07-30
JOB-2123,Data Analyst,QuantVantage,Maharashtra (Mumbai),Remote,Entry Level (0-2 yrs),452688,1017965,735326,INR,"SQL, PowerBI, A/B Testing, Pandas, Statistics, Looker, Python","We are seeking an experienced Data Analyst at QuantVantage in Maharashtra (Mumbai). You will work closely with engineering teams to implement high-impact systems using PowerBI, Python, SQL. Expert knowledge of SQL, PowerBI, A/B Testing, Pandas, Statistics, Looker, Python is required.",2026-08-16
JOB-2124,Product Manager (Tech),Nexus AI,Madhya Pradesh (Indore),Onsite,Senior Level (5-8 yrs),2299862,5477066,3888464,INR,"SQL, Data Analytics, Agile, Scrum, A/B Testing, Roadmapping","We are seeking an experienced Product Manager (Tech) at Nexus AI in Madhya Pradesh (Indore). You will work closely with engineering teams to implement high-impact systems using Roadmapping, SQL, Agile. Expert knowledge of SQL, Data Analytics, Agile, Scrum, A/B Testing, Roadmapping is required.",2026-07-19
JOB-2125,Data Analyst,QuantVantage,Punjab (Mohali / Chandigarh),Onsite,Entry Level (0-2 yrs),459587,1064048,761817,INR,"SQL, PowerBI, A/B Testing, Google Analytics, Python, Excel","We are seeking an experienced Data Analyst at QuantVantage in Punjab (Mohali / Chandigarh). You will work closely with engineering teams to implement high-impact systems using SQL, PowerBI, Excel, Python. Expert knowledge of SQL, PowerBI, A/B Testing, Google Analytics, Python, Excel is required.",2026-08-02
JOB-2126,Cybersecurity Specialist,Hyperion Software,West Bengal (Kolkata),Onsite,Senior Level (5-8 yrs),1137617,3851486,2494551,INR,"Firewalls, CISSP, SIEM, Cryptography, Network Security, Python, Penetration Testing, Linux","Join Hyperion Software (West Bengal (Kolkata)) as a Cybersecurity Specialist! In this role, you will lead the architecture, design, and execution of core digital products using SIEM, Penetration Testing, Python, Linux, Network Security and Cryptography, CISSP, Firewalls.",2026-07-31
JOB-2127,Cybersecurity Specialist,Pulse Analytics,Remote (India),Remote,Senior Level (5-8 yrs),1330877,3862232,2596554,INR,"SOC, Firewalls, Cryptography, Network Security, Python, Penetration Testing, Linux","We are seeking an experienced Cybersecurity Specialist at Pulse Analytics in Remote (India). You will work closely with engineering teams to implement high-impact systems using Penetration Testing, Network Security, Linux, Python. Expert knowledge of SOC, Firewalls, Cryptography, Network Security, Python, Penetration Testing, Linux is required.",2026-07-24
JOB-2128,Full Stack Developer,HCL Tech Solutions,Punjab (Mohali / Chandigarh),Hybrid,Senior Level (5-8 yrs),1149707,3429653,2289680,INR,"SQL, Next.js, PostgreSQL, AWS, TypeScript, Node.js, Python, MongoDB","Join HCL Tech Solutions (Punjab (Mohali / Chandigarh)) as a Full Stack Developer! In this role, you will lead the architecture, design, and execution of core digital products using TypeScript, SQL, Node.js, Python and MongoDB, Next.js, AWS, PostgreSQL.",2026-08-06
JOB-2129,AI/ML Engineer,TechNova India,Madhya Pradesh (Indore),Remote,Senior Level (5-8 yrs),1836016,4878797,3357406,INR,"Docker, Ray, AWS SageMaker, TensorFlow, PyTorch","TechNova India is expanding its engineering hub in Madhya Pradesh (Indore). We are hiring a AI/ML Engineer with expertise in PyTorch, Docker, TensorFlow and proficiency in AWS SageMaker, Ray.",2026-07-21
JOB-2130,Data Analyst,Hyperion Software,Tamil Nadu (Chennai),Hybrid,Senior Level (5-8 yrs),909000,2397600,1653300,INR,"Tableau, SQL, PowerBI, Pandas, R, Looker, Excel","Join Hyperion Software (Tamil Nadu (Chennai)) as a Data Analyst! In this role, you will lead the architecture, design, and execution of core digital products using SQL, PowerBI, Excel, Tableau and Pandas, R, Looker.",2026-07-17
JOB-2131,Cybersecurity Specialist,CloudScale Labs,Karnataka (Bengaluru),Onsite,Entry Level (0-2 yrs),639807,1959222,1299514,INR,"Firewalls, Wireshark, CISSP, SIEM, Cryptography, Python, Penetration Testing, Linux","Join CloudScale Labs (Karnataka (Bengaluru)) as a Cybersecurity Specialist! In this role, you will lead the architecture, design, and execution of core digital products using Penetration Testing, SIEM, Python, Linux and CISSP, Firewalls, Wireshark, Cryptography.",2026-07-23
JOB-2132,AI/ML Engineer,Apex Systems,Uttar Pradesh (Lucknow),Remote,Lead / Principal (8+ yrs),2021741,6512246,4266993,INR,"Scikit-Learn, CUDA, FastAPI, Python, TensorFlow, PyTorch","We are seeking an experienced AI/ML Engineer at Apex Systems in Uttar Pradesh (Lucknow). You will work closely with engineering teams to implement high-impact systems using TensorFlow, PyTorch, Scikit-Learn, Python. Expert knowledge of Scikit-Learn, CUDA, FastAPI, Python, TensorFlow, PyTorch is required.",2026-07-04
JOB-2133,Product Manager (Tech),QuantVantage,Gujarat (Ahmedabad / GIFT City),Hybrid,Mid Level (2-5 yrs),1442928,3513788,2478358,INR,"SQL, Data Analytics, Agile, Product Strategy, User Research, Figma, A/B Testing, Roadmapping","QuantVantage is expanding its engineering hub in Gujarat (Ahmedabad / GIFT City). We are hiring a Product Manager (Tech) with expertise in SQL, Agile, Product Strategy, User Research, Roadmapping and proficiency in Data Analytics, Figma, A/B Testing.",2026-07-07
JOB-2134,DevOps & Cloud Engineer,Zomato Tech,Kerala (Thiruvananthapuram),Hybrid,Mid Level (2-5 yrs),1092789,3143860,2118324,INR,"Grafana, Docker, ArgoCD, Azure, CI/CD, Terraform, Linux","We are seeking an experienced DevOps & Cloud Engineer at Zomato Tech in Kerala (Thiruvananthapuram). You will work closely with engineering teams to implement high-impact systems using Linux, CI/CD, Terraform, Docker. Expert knowledge of Grafana, Docker, ArgoCD, Azure, CI/CD, Terraform, Linux is required.",2026-06-27
JOB-2135,Data Engineer,DataStream Corp,Tamil Nadu (Chennai),Remote,Entry Level (0-2 yrs),658879,2024483,1341681,INR,"Docker, Hive, Snowflake, Spark, Scala, GCP BigQuery, Python, Airflow","DataStream Corp is expanding its engineering hub in Tamil Nadu (Chennai). We are hiring a Data Engineer with expertise in Airflow, Spark, Docker, Snowflake, Python and proficiency in Scala, GCP BigQuery, Hive.",2026-07-10
JOB-2136,Full Stack Developer,OmniCloud Systems,Delhi NCR (Gurugram),Remote,Entry Level (0-2 yrs),598841,1715864,1157352,INR,"SQL, Next.js, Redis, TailwindCSS, JavaScript, TypeScript, Node.js, Python","Join OmniCloud Systems (Delhi NCR (Gurugram)) as a Full Stack Developer! In this role, you will lead the architecture, design, and execution of core digital products using Python, Node.js, TypeScript, JavaScript, SQL and Next.js, Redis, TailwindCSS.",2026-08-05
JOB-2137,AI/ML Engineer,Apex Systems,Kerala (Thiruvananthapuram),Onsite,Senior Level (5-8 yrs),1721707,4634848,3178277,INR,"Scikit-Learn, LangChain, SQL, AWS SageMaker, FastAPI, PyTorch","We are seeking an experienced AI/ML Engineer at Apex Systems in Kerala (Thiruvananthapuram). You will work closely with engineering teams to implement high-impact systems using Scikit-Learn, SQL, PyTorch. Expert knowledge of Scikit-Learn, LangChain, SQL, AWS SageMaker, FastAPI, PyTorch is required.",2026-06-25
JOB-2138,Data Analyst,TechNova India,Maharashtra (Mumbai),Onsite,Senior Level (5-8 yrs),897550,2170712,1534131,INR,"Tableau, SQL, PowerBI, A/B Testing, R, Google Analytics, Python, Excel","We are seeking an experienced Data Analyst at TechNova India in Maharashtra (Mumbai). You will work closely with engineering teams to implement high-impact systems using SQL, PowerBI, Tableau, Python, Excel. Expert knowledge of Tableau, SQL, PowerBI, A/B Testing, R, Google Analytics, Python, Excel is required.",2026-08-03
JOB-2139,Data Analyst,Apex Systems,Punjab (Mohali / Chandigarh),Hybrid,Mid Level (2-5 yrs),614344,1584107,1099225,INR,"Tableau, PowerBI, Pandas, Statistics, Google Analytics, Python","Apex Systems is expanding its engineering hub in Punjab (Mohali / Chandigarh). We are hiring a Data Analyst with expertise in PowerBI, Python, Tableau and proficiency in Pandas, Statistics, Google Analytics.",2026-08-14
JOB-2140,AI/ML Engineer,QuantVantage,Gujarat (Ahmedabad / GIFT City),Onsite,Mid Level (2-5 yrs),1203478,3258502,2230990,INR,"Scikit-Learn, LangChain, SQL, Ray, AWS SageMaker, Transformers, TensorFlow","QuantVantage is expanding its engineering hub in Gujarat (Ahmedabad / GIFT City). We are hiring a AI/ML Engineer with expertise in SQL, Scikit-Learn, TensorFlow and proficiency in Ray, LangChain, Transformers, AWS SageMaker.",2026-07-13
JOB-2141,AI/ML Engineer,CyberShield Tech,Kerala (Thiruvananthapuram),Hybrid,Mid Level (2-5 yrs),1135812,3717156,2426484,INR,"Scikit-Learn, Kubernetes, Transformers, FastAPI, Python, TensorFlow","CyberShield Tech is expanding its engineering hub in Kerala (Thiruvananthapuram). We are hiring a AI/ML Engineer with expertise in Scikit-Learn, Python, TensorFlow and proficiency in FastAPI, Transformers, Kubernetes.",2026-07-13
JOB-2142,Cybersecurity Specialist,Apex Systems,Delhi NCR (Gurugram),Hybrid,Entry Level (0-2 yrs),597021,1926414,1261717,INR,"AWS Security, Firewalls, CISSP, Python, Penetration Testing, Linux","We are seeking an experienced Cybersecurity Specialist at Apex Systems in Delhi NCR (Gurugram). You will work closely with engineering teams to implement high-impact systems using Penetration Testing, Python, Linux. Expert knowledge of AWS Security, Firewalls, CISSP, Python, Penetration Testing, Linux is required.",2026-08-13
JOB-2143,Product Manager (Tech),TechNova India,Rajasthan (Jaipur),Remote,Lead / Principal (8+ yrs),2522354,6491464,4506909,INR,"SQL, Product Strategy, Agile, User Research, Jira, A/B Testing, Roadmapping","We are seeking an experienced Product Manager (Tech) at TechNova India in Rajasthan (Jaipur). You will work closely with engineering teams to implement high-impact systems using Product Strategy, Roadmapping, User Research, Agile, SQL. Expert knowledge of SQL, Product Strategy, Agile, User Research, Jira, A/B Testing, Roadmapping is required.",2026-08-06
JOB-2144,Full Stack Developer,TechNova India,Karnataka (Bengaluru),Remote,Senior Level (5-8 yrs),1168129,3105784,2136956,INR,"SQL, Next.js, JavaScript, AWS, Node.js, Python","TechNova India is expanding its engineering hub in Karnataka (Bengaluru). We are hiring a Full Stack Developer with expertise in Node.js, SQL, Python, JavaScript and proficiency in Next.js, AWS.",2026-08-15
JOB-2145,Data Analyst,Wipro Cloud,Punjab (Mohali / Chandigarh),Hybrid,Senior Level (5-8 yrs),855058,2354292,1604675,INR,"Tableau, SQL, BigQuery, R, Statistics, Python, Excel","Join Wipro Cloud (Punjab (Mohali / Chandigarh)) as a Data Analyst! In this role, you will lead the architecture, design, and execution of core digital products using SQL, Python, Tableau, Excel and Statistics, BigQuery, R.",2026-08-03
JOB-2146,Cybersecurity Specialist,Swiggy Engineering,Tamil Nadu (Chennai),Remote,Mid Level (2-5 yrs),942000,2857184,1899592,INR,"Wireshark, Firewalls, SIEM, Network Security, Penetration Testing, Linux","Join Swiggy Engineering (Tamil Nadu (Chennai)) as a Cybersecurity Specialist! In this role, you will lead the architecture, design, and execution of core digital products using Penetration Testing, Linux, SIEM, Network Security and Wireshark, Firewalls.",2026-06-28
JOB-2147,Cybersecurity Specialist,Infosys Digital,Karnataka (Bengaluru),Hybrid,Senior Level (5-8 yrs),1243849,3983939,2613894,INR,"SOC, Compliance, Wireshark, SIEM, Network Security, Python, Linux","Infosys Digital is expanding its engineering hub in Karnataka (Bengaluru). We are hiring a Cybersecurity Specialist with expertise in Linux, SIEM, Python, Network Security and proficiency in Wireshark, SOC, Compliance.",2026-07-27
JOB-2148,Cybersecurity Specialist,Apex Systems,Maharashtra (Pune),Remote,Entry Level (0-2 yrs),635248,1674608,1154928,INR,"Compliance, Wireshark, Incident Response, CISSP, SIEM, Network Security, Python, Penetration Testing, Linux","Apex Systems is expanding its engineering hub in Maharashtra (Pune). We are hiring a Cybersecurity Specialist with expertise in SIEM, Linux, Python, Network Security, Penetration Testing and proficiency in Incident Response, CISSP, Wireshark, Compliance.",2026-06-29
JOB-2149,Data Analyst,Paytm Digital,Remote (India),Remote,Entry Level (0-2 yrs),389829,1127682,758755,INR,"Tableau, SQL, PowerBI, Statistics, Looker, Google Analytics, Python, Excel","Paytm Digital is expanding its engineering hub in Remote (India). We are hiring a Data Analyst with expertise in SQL, Tableau, Excel, PowerBI, Python and proficiency in Statistics, Looker, Google Analytics.",2026-07-15
JOB-2150,Cybersecurity Specialist,Infosys Digital,Rajasthan (Jaipur),Onsite,Mid Level (2-5 yrs),989101,2683414,1836257,INR,"AWS Security, Firewalls, Incident Response, Python, Penetration Testing, Linux","Join Infosys Digital (Rajasthan (Jaipur)) as a Cybersecurity Specialist! In this role, you will lead the architecture, design, and execution of core digital products using Penetration Testing, Python, Linux and Firewalls, Incident Response, AWS Security.",2026-07-01
JOB-2151,Data Engineer,Pulse Analytics,Karnataka (Bengaluru),Hybrid,Senior Level (5-8 yrs),1426516,3627179,2526847,INR,"SQL, Kubernetes, Spark, Scala, GCP BigQuery, Kafka, Python, Airflow","We are seeking an experienced Data Engineer at Pulse Analytics in Karnataka (Bengaluru). You will work closely with engineering teams to implement high-impact systems using SQL, Spark, Airflow, Python. Expert knowledge of SQL, Kubernetes, Spark, Scala, GCP BigQuery, Kafka, Python, Airflow is required.",2026-08-12
JOB-2152,Cybersecurity Specialist,Pulse Analytics,Uttar Pradesh (Lucknow),Onsite,Mid Level (2-5 yrs),978214,2829187,1903700,INR,"AWS Security, Wireshark, CISSP, SIEM, Cryptography, Network Security, Python, Penetration Testing, Linux","Join Pulse Analytics (Uttar Pradesh (Lucknow)) as a Cybersecurity Specialist! In this role, you will lead the architecture, design, and execution of core digital products using Python, SIEM, Network Security, Penetration Testing, Linux and Wireshark, Cryptography, AWS Security, CISSP.",2026-07-28
JOB-2153,Cloud Architect,Zomato Tech,Kerala (Thiruvananthapuram),Remote,Mid Level (2-5 yrs),2113623,4412709,3263166,INR,"Serverless, Azure, Cloud Security, AWS, Terraform, Networking, Microservices","Zomato Tech is expanding its engineering hub in Kerala (Thiruvananthapuram). We are hiring a Cloud Architect with expertise in Cloud Security, AWS, Azure, Terraform and proficiency in Serverless, Networking, Microservices.",2026-06-30
JOB-2154,Full Stack Developer,Apex Systems,Maharashtra (Pune),Onsite,Senior Level (5-8 yrs),1082875,3418890,2250882,INR,"Docker, React, JavaScript, AWS, TypeScript, Node.js","Join Apex Systems (Maharashtra (Pune)) as a Full Stack Developer! In this role, you will lead the architecture, design, and execution of core digital products using TypeScript, Node.js, React, JavaScript and Docker, AWS.",2026-08-17
JOB-2155,Data Analyst,Pulse Analytics,West Bengal (Kolkata),Remote,Entry Level (0-2 yrs),388619,1197262,792940,INR,"Tableau, SQL, PowerBI, A/B Testing, Snowflake, Google Analytics, Python, Excel","We are seeking an experienced Data Analyst at Pulse Analytics in West Bengal (Kolkata). You will work closely with engineering teams to implement high-impact systems using Tableau, PowerBI, Python, Excel, SQL. Expert knowledge of Tableau, SQL, PowerBI, A/B Testing, Snowflake, Google Analytics, Python, Excel is required.",2026-08-12
JOB-2156,Cloud Architect,OmniCloud Systems,Karnataka (Bengaluru),Onsite,Mid Level (2-5 yrs),1868670,5114189,3491429,INR,"Docker, Azure, Kubernetes, GCP, AWS, Terraform, Networking, Python","Join OmniCloud Systems (Karnataka (Bengaluru)) as a Cloud Architect! In this role, you will lead the architecture, design, and execution of core digital products using AWS, Python, Terraform, Kubernetes, Azure and Networking, GCP, Docker.",2026-06-27
JOB-2157,Product Manager (Tech),Infosys Digital,Remote (Global),Remote,Entry Level (0-2 yrs),1054235,2896910,1975572,INR,"SQL, Product Strategy, Agile, User Research, Jira, Scrum, Roadmapping","Infosys Digital is expanding its engineering hub in Remote (Global). We are hiring a Product Manager (Tech) with expertise in Roadmapping, User Research, SQL, Product Strategy, Agile and proficiency in Jira, Scrum.",2026-08-09
JOB-2158,Full Stack Developer,Apex Systems,Uttar Pradesh (Lucknow),Remote,Entry Level (0-2 yrs),543360,1700985,1122172,INR,"SQL, Next.js, React, TailwindCSS, JavaScript, Node.js, Express","Apex Systems is expanding its engineering hub in Uttar Pradesh (Lucknow). We are hiring a Full Stack Developer with expertise in JavaScript, Node.js, React, SQL and proficiency in Express, Next.js, TailwindCSS.",2026-07-03
JOB-2159,AI/ML Engineer,Nexus AI,Telangana (Hyderabad),Onsite,Mid Level (2-5 yrs),1124623,3206609,2165616,INR,"Scikit-Learn, SQL, CUDA, ONNX, PyTorch","We are seeking an experienced AI/ML Engineer at Nexus AI in Telangana (Hyderabad). You will work closely with engineering teams to implement high-impact systems using SQL, PyTorch, Scikit-Learn. Expert knowledge of Scikit-Learn, SQL, CUDA, ONNX, PyTorch is required.",2026-07-04
JOB-2160,Cloud Architect,HCL Tech Solutions,Uttar Pradesh (Lucknow),Remote,Senior Level (5-8 yrs),2852443,6962572,4907507,INR,"Serverless, Docker, Azure, Kubernetes, AWS, Microservices","We are seeking an experienced Cloud Architect at HCL Tech Solutions in Uttar Pradesh (Lucknow). You will work closely with engineering teams to implement high-impact systems using Azure, AWS, Kubernetes. Expert knowledge of Serverless, Docker, Azure, Kubernetes, AWS, Microservices is required.",2026-07-21
JOB-2161,Data Analyst,Nexus AI,Remote (Global),Remote,Mid Level (2-5 yrs),608098,1589864,1098981,INR,"Tableau, PowerBI, Snowflake, Looker, Python, Excel","Nexus AI is expanding its engineering hub in Remote (Global). We are hiring a Data Analyst with expertise in PowerBI, Tableau, Excel, Python and proficiency in Looker, Snowflake.",2026-07-16
JOB-2162,DevOps & Cloud Engineer,Vanguard AI,Punjab (Mohali / Chandigarh),Remote,Mid Level (2-5 yrs),1205028,2821310,2013169,INR,"ArgoCD, Kubernetes, CI/CD, Terraform, Bash, Linux","Join Vanguard AI (Punjab (Mohali / Chandigarh)) as a DevOps & Cloud Engineer! In this role, you will lead the architecture, design, and execution of core digital products using Terraform, Linux, CI/CD, Kubernetes and ArgoCD, Bash.",2026-06-30
JOB-2163,Data Engineer,Wipro Cloud,Maharashtra (Pune),Remote,Mid Level (2-5 yrs),993654,2686191,1839922,INR,"SQL, PostgreSQL, Spark, dbt, Airflow","Wipro Cloud is expanding its engineering hub in Maharashtra (Pune). We are hiring a Data Engineer with expertise in SQL, Spark, Airflow and proficiency in PostgreSQL, dbt.",2026-07-28
JOB-2164,Product Manager (Tech),Apex Systems,Remote (Global),Remote,Senior Level (5-8 yrs),1906345,5244740,3575542,INR,"SQL, Data Analytics, Growth Hacking, Product Strategy, User Research, Scrum, Jira","We are seeking an experienced Product Manager (Tech) at Apex Systems in Remote (Global). You will work closely with engineering teams to implement high-impact systems using User Research, Product Strategy, SQL. Expert knowledge of SQL, Data Analytics, Growth Hacking, Product Strategy, User Research, Scrum, Jira is required.",2026-07-14
JOB-2165,DevOps & Cloud Engineer,Apex Systems,Kerala (Kochi),Onsite,Mid Level (2-5 yrs),1000435,2900395,1950415,INR,"Grafana, Docker, ArgoCD, Kubernetes, GCP, AWS, CI/CD, Python, Linux","Join Apex Systems (Kerala (Kochi)) as a DevOps & Cloud Engineer! In this role, you will lead the architecture, design, and execution of core digital products using Kubernetes, Docker, CI/CD, Linux, AWS and Grafana, GCP, Python, ArgoCD.",2026-06-29
JOB-2166,Product Manager (Tech),Apex Systems,Maharashtra (Mumbai),Hybrid,Mid Level (2-5 yrs),1404831,4046735,2725783,INR,"SQL, Agile, Product Strategy, User Research, Figma, A/B Testing, Roadmapping","Apex Systems is expanding its engineering hub in Maharashtra (Mumbai). We are hiring a Product Manager (Tech) with expertise in User Research, Roadmapping, Agile, Product Strategy, SQL and proficiency in A/B Testing, Figma.",2026-08-18
JOB-2167,Cloud Architect,QuantVantage,Telangana (Hyderabad),Remote,Mid Level (2-5 yrs),2111563,5223747,3667655,INR,"Docker, Kubernetes, Cloud Security, AWS, Terraform, Python, Microservices","We are seeking an experienced Cloud Architect at QuantVantage in Telangana (Hyderabad). You will work closely with engineering teams to implement high-impact systems using Cloud Security, AWS, Kubernetes, Terraform, Python. Expert knowledge of Docker, Kubernetes, Cloud Security, AWS, Terraform, Python, Microservices is required.",2026-07-13
JOB-2168,AI/ML Engineer,TCS Innovation Labs,Kerala (Thiruvananthapuram),Hybrid,Senior Level (5-8 yrs),1648457,5018562,3333509,INR,"Scikit-Learn, LangChain, MLflow, Docker, ONNX, FastAPI, Python, TensorFlow","We are seeking an experienced AI/ML Engineer at TCS Innovation Labs in Kerala (Thiruvananthapuram). You will work closely with engineering teams to implement high-impact systems using Docker, Scikit-Learn, Python, TensorFlow. Expert knowledge of Scikit-Learn, LangChain, MLflow, Docker, ONNX, FastAPI, Python, TensorFlow is required.",2026-07-31
JOB-2169,Data Analyst,Nexus AI,Delhi NCR (Gurugram),Remote,Senior Level (5-8 yrs),900468,2356276,1628372,INR,"Tableau, SQL, PowerBI, Pandas, R, Python, Excel","Nexus AI is expanding its engineering hub in Delhi NCR (Gurugram). We are hiring a Data Analyst with expertise in Python, PowerBI, Excel, Tableau, SQL and proficiency in R, Pandas.",2026-06-23
JOB-2170,AI/ML Engineer,Nexus AI,Kerala (Thiruvananthapuram),Remote,Mid Level (2-5 yrs),1090518,3734327,2412422,INR,"Scikit-Learn, SQL, Docker, AWS SageMaker, Transformers, TensorFlow, PyTorch","We are seeking an experienced AI/ML Engineer at Nexus AI in Kerala (Thiruvananthapuram). You will work closely with engineering teams to implement high-impact systems using PyTorch, TensorFlow, SQL, Docker, Scikit-Learn. Expert knowledge of Scikit-Learn, SQL, Docker, AWS SageMaker, Transformers, TensorFlow, PyTorch is required.",2026-07-03
JOB-2171,Product Manager (Tech),Wipro Cloud,Tamil Nadu (Chennai),Hybrid,Mid Level (2-5 yrs),1575298,3469979,2522638,INR,"SQL, Growth Hacking, User Research, A/B Testing, Roadmapping","We are seeking an experienced Product Manager (Tech) at Wipro Cloud in Tamil Nadu (Chennai). You will work closely with engineering teams to implement high-impact systems using User Research, Roadmapping, SQL. Expert knowledge of SQL, Growth Hacking, User Research, A/B Testing, Roadmapping is required.",2026-07-26
JOB-2172,Data Analyst,Paytm Digital,Delhi NCR (Noida),Hybrid,Senior Level (5-8 yrs),903552,2207926,1555739,INR,"SQL, Pandas, BigQuery, R, Python, Excel","Paytm Digital is expanding its engineering hub in Delhi NCR (Noida). We are hiring a Data Analyst with expertise in Python, SQL, Excel and proficiency in BigQuery, Pandas, R.",2026-07-12
JOB-2173,Data Analyst,Nexus AI,Maharashtra (Pune),Onsite,Mid Level (2-5 yrs),622322,1548949,1085635,INR,"Tableau, SQL, PowerBI, Pandas, BigQuery, Snowflake, Looker, Python, Excel","We are seeking an experienced Data Analyst at Nexus AI in Maharashtra (Pune). You will work closely with engineering teams to implement high-impact systems using SQL, Python, Tableau, Excel, PowerBI. Expert knowledge of Tableau, SQL, PowerBI, Pandas, BigQuery, Snowflake, Looker, Python, Excel is required.",2026-07-28
JOB-2174,Cybersecurity Specialist,Nexus AI,Maharashtra (Mumbai),Remote,Mid Level (2-5 yrs),820582,2624302,1722442,INR,"Compliance, AWS Security, SIEM, Cryptography, Network Security, Penetration Testing, Linux","Nexus AI is expanding its engineering hub in Maharashtra (Mumbai). We are hiring a Cybersecurity Specialist with expertise in Penetration Testing, Network Security, Linux, SIEM and proficiency in Cryptography, Compliance, AWS Security.",2026-07-23
JOB-2175,Product Manager (Tech),Apex Systems,Maharashtra (Mumbai),Onsite,Senior Level (5-8 yrs),2018837,5531618,3775227,INR,"SQL, System Architecture, Data Analytics, Growth Hacking, Agile, User Research, A/B Testing, Roadmapping","Join Apex Systems (Maharashtra (Mumbai)) as a Product Manager (Tech)! In this role, you will lead the architecture, design, and execution of core digital products using Roadmapping, User Research, SQL, Agile and A/B Testing, Growth Hacking, System Architecture, Data Analytics.",2026-06-26
JOB-2176,DevOps & Cloud Engineer,TechNova India,Karnataka (Bengaluru),Hybrid,Mid Level (2-5 yrs),1172257,2743727,1957992,INR,"Docker, Azure, Kubernetes, AWS, Bash, Linux","We are seeking an experienced DevOps & Cloud Engineer at TechNova India in Karnataka (Bengaluru). You will work closely with engineering teams to implement high-impact systems using Docker, Kubernetes, AWS, Linux. Expert knowledge of Docker, Azure, Kubernetes, AWS, Bash, Linux is required.",2026-07-27
JOB-2177,Cloud Architect,Apex Systems,Tamil Nadu (Chennai),Hybrid,Entry Level (0-2 yrs),1312295,3660400,2486347,INR,"IAM, Kubernetes, Cloud Security, GCP, Terraform","Apex Systems is expanding its engineering hub in Tamil Nadu (Chennai). We are hiring a Cloud Architect with expertise in Terraform, Kubernetes, Cloud Security and proficiency in GCP, IAM.",2026-07-02
JOB-2178,Full Stack Developer,HCL Tech Solutions,Gujarat (Ahmedabad / GIFT City),Hybrid,Mid Level (2-5 yrs),727423,2277256,1502339,INR,"SQL, Next.js, TailwindCSS, JavaScript, AWS, Python, GraphQL","HCL Tech Solutions is expanding its engineering hub in Gujarat (Ahmedabad / GIFT City). We are hiring a Full Stack Developer with expertise in JavaScript, SQL, Python and proficiency in Next.js, TailwindCSS, AWS, GraphQL.",2026-07-03
JOB-2179,Cybersecurity Specialist,Zomato Tech,West Bengal (Kolkata),Remote,Entry Level (0-2 yrs),644649,1640364,1142506,INR,"Firewalls, Incident Response, SIEM, Cryptography, Network Security, Python","Zomato Tech is expanding its engineering hub in West Bengal (Kolkata). We are hiring a Cybersecurity Specialist with expertise in Network Security, SIEM, Python and proficiency in Incident Response, Cryptography, Firewalls.",2026-07-30
JOB-2180,Product Manager (Tech),QuantVantage,Uttar Pradesh (Lucknow),Hybrid,Senior Level (5-8 yrs),2056001,5033725,3544863,INR,"Data Analytics, Agile, Product Strategy, Scrum, User Research, A/B Testing, Figma","We are seeking an experienced Product Manager (Tech) at QuantVantage in Uttar Pradesh (Lucknow). You will work closely with engineering teams to implement high-impact systems using Agile, Product Strategy, User Research. Expert knowledge of Data Analytics, Agile, Product Strategy, Scrum, User Research, A/B Testing, Figma is required.",2026-07-25
JOB-2181,Full Stack Developer,TechNova India,Tamil Nadu (Chennai),Hybrid,Mid Level (2-5 yrs),865172,2214976,1540074,INR,"SQL, Next.js, Docker, React, JavaScript, TypeScript, Node.js","Join TechNova India (Tamil Nadu (Chennai)) as a Full Stack Developer! In this role, you will lead the architecture, design, and execution of core digital products using TypeScript, JavaScript, React, SQL, Node.js and Docker, Next.js.",2026-06-28
JOB-2182,Full Stack Developer,HCL Tech Solutions,Karnataka (Bengaluru),Remote,Entry Level (0-2 yrs),580876,1702022,1141449,INR,"SQL, Next.js, JavaScript, AWS, TypeScript, Node.js, Python, Express, GraphQL","Join HCL Tech Solutions (Karnataka (Bengaluru)) as a Full Stack Developer! In this role, you will lead the architecture, design, and execution of core digital products using TypeScript, JavaScript, SQL, Python, Node.js and Express, AWS, GraphQL, Next.js.",2026-08-14
JOB-2183,Data Engineer,Zomato Tech,Madhya Pradesh (Indore),Remote,Mid Level (2-5 yrs),933495,2906809,1920152,INR,"Docker, Hive, Snowflake, Kubernetes, Spark, Scala, AWS Redshift, Python","Join Zomato Tech (Madhya Pradesh (Indore)) as a Data Engineer! In this role, you will lead the architecture, design, and execution of core digital products using Snowflake, Docker, Python, Spark and Kubernetes, Scala, Hive, AWS Redshift.",2026-07-16
JOB-2184,AI/ML Engineer,CloudScale Labs,Kerala (Thiruvananthapuram),Remote,Mid Level (2-5 yrs),1146266,3823011,2484638,INR,"SQL, CUDA, Docker, AWS SageMaker, Transformers, FastAPI, Python, TensorFlow, PyTorch","Join CloudScale Labs (Kerala (Thiruvananthapuram)) as a AI/ML Engineer! In this role, you will lead the architecture, design, and execution of core digital products using SQL, PyTorch, Python, TensorFlow, Docker and FastAPI, AWS SageMaker, CUDA, Transformers.",2026-06-26
JOB-2185,AI/ML Engineer,DataStream Corp,Remote (Global),Remote,Entry Level (0-2 yrs),861045,2615954,1738499,INR,"Scikit-Learn, CUDA, Docker, Kubernetes, AWS SageMaker, Transformers, Python, TensorFlow, PyTorch","We are seeking an experienced AI/ML Engineer at DataStream Corp in Remote (Global). You will work closely with engineering teams to implement high-impact systems using Scikit-Learn, PyTorch, Python, Docker, TensorFlow. Expert knowledge of Scikit-Learn, CUDA, Docker, Kubernetes, AWS SageMaker, Transformers, Python, TensorFlow, PyTorch is required.",2026-08-12
JOB-2186,Full Stack Developer,CloudScale Labs,West Bengal (Kolkata),Remote,Mid Level (2-5 yrs),812363,2501059,1656711,INR,"SQL, Redis, Docker, React, PostgreSQL, TypeScript, Python, Express","CloudScale Labs is expanding its engineering hub in West Bengal (Kolkata). We are hiring a Full Stack Developer with expertise in React, TypeScript, Python, SQL and proficiency in Express, Redis, PostgreSQL, Docker.",2026-08-20
JOB-2187,Full Stack Developer,TechNova India,Tamil Nadu (Chennai),Remote,Senior Level (5-8 yrs),1119558,3595526,2357542,INR,"Docker, React, AWS, TypeScript, Python","We are seeking an experienced Full Stack Developer at TechNova India in Tamil Nadu (Chennai). You will work closely with engineering teams to implement high-impact systems using React, TypeScript, Python. Expert knowledge of Docker, React, AWS, TypeScript, Python is required.",2026-07-07
JOB-2188,Data Engineer,HCL Tech Solutions,Punjab (Mohali / Chandigarh),Onsite,Entry Level (0-2 yrs),685422,1765131,1225276,INR,"Snowflake, PostgreSQL, Kafka, GCP BigQuery, Python, Airflow","We are seeking an experienced Data Engineer at HCL Tech Solutions in Punjab (Mohali / Chandigarh). You will work closely with engineering teams to implement high-impact systems using Snowflake, Python, Airflow. Expert knowledge of Snowflake, PostgreSQL, Kafka, GCP BigQuery, Python, Airflow is required.",2026-07-29
JOB-2189,DevOps & Cloud Engineer,ByteCraft Inc,Uttar Pradesh (Lucknow),Hybrid,Mid Level (2-5 yrs),1081456,3230076,2155766,INR,"Grafana, Docker, ArgoCD, Kubernetes, AWS, CI/CD, Ansible, Bash, Linux","ByteCraft Inc is expanding its engineering hub in Uttar Pradesh (Lucknow). We are hiring a DevOps & Cloud Engineer with expertise in Linux, AWS, Docker, CI/CD, Kubernetes and proficiency in Ansible, Bash, Grafana, ArgoCD.",2026-07-04
JOB-2190,Data Engineer,OmniCloud Systems,Kerala (Kochi),Hybrid,Senior Level (5-8 yrs),1329423,4284842,2807132,INR,"SQL, Docker, Snowflake, Databricks, Kafka","OmniCloud Systems is expanding its engineering hub in Kerala (Kochi). We are hiring a Data Engineer with expertise in SQL, Snowflake, Docker and proficiency in Kafka, Databricks.",2026-06-29
JOB-2191,Data Analyst,Nexus AI,Rajasthan (Jaipur),Hybrid,Entry Level (0-2 yrs),412092,1206194,809143,INR,"Tableau, SQL, PowerBI, R, Looker, Python, Excel","Join Nexus AI (Rajasthan (Jaipur)) as a Data Analyst! In this role, you will lead the architecture, design, and execution of core digital products using SQL, Python, PowerBI, Excel, Tableau and R, Looker.",2026-06-28
JOB-2192,Cybersecurity Specialist,ByteCraft Inc,Maharashtra (Mumbai),Hybrid,Mid Level (2-5 yrs),914618,2744977,1829797,INR,"SOC, Wireshark, CISSP, Network Security, Python, Penetration Testing, Linux","Join ByteCraft Inc (Maharashtra (Mumbai)) as a Cybersecurity Specialist! In this role, you will lead the architecture, design, and execution of core digital products using Python, Network Security, Linux, Penetration Testing and SOC, Wireshark, CISSP.",2026-08-01
JOB-2193,AI/ML Engineer,ByteCraft Inc,Madhya Pradesh (Indore),Hybrid,Lead / Principal (8+ yrs),2285367,6315622,4300494,INR,"SQL, MLflow, Docker, ONNX, Ray, FastAPI, Python, TensorFlow, PyTorch","Join ByteCraft Inc (Madhya Pradesh (Indore)) as a AI/ML Engineer! In this role, you will lead the architecture, design, and execution of core digital products using TensorFlow, SQL, PyTorch, Docker, Python and Ray, ONNX, MLflow, FastAPI.",2026-08-08
JOB-2194,Full Stack Developer,Infosys Digital,Rajasthan (Jaipur),Remote,Mid Level (2-5 yrs),741991,2557799,1649895,INR,"React, TailwindCSS, PostgreSQL, JavaScript, TypeScript, GraphQL","Join Infosys Digital (Rajasthan (Jaipur)) as a Full Stack Developer! In this role, you will lead the architecture, design, and execution of core digital products using JavaScript, React, TypeScript and PostgreSQL, TailwindCSS, GraphQL.",2026-06-21
JOB-2195,Cloud Architect,Apex Systems,Tamil Nadu (Chennai),Remote,Senior Level (5-8 yrs),2925638,7267599,5096618,INR,"Enterprise Architecture, Serverless, IAM, Kubernetes, Cloud Security, AWS, Terraform, Python, Microservices","Apex Systems is expanding its engineering hub in Tamil Nadu (Chennai). We are hiring a Cloud Architect with expertise in Python, AWS, Terraform, Cloud Security, Kubernetes and proficiency in Serverless, Microservices, IAM, Enterprise Architecture.",2026-08-15
JOB-2196,Cybersecurity Specialist,Apex Systems,Gujarat (Ahmedabad / GIFT City),Remote,Mid Level (2-5 yrs),820368,2616446,1718407,INR,"SOC, Compliance, Python, Penetration Testing, Linux","We are seeking an experienced Cybersecurity Specialist at Apex Systems in Gujarat (Ahmedabad / GIFT City). You will work closely with engineering teams to implement high-impact systems using Python, Linux, Penetration Testing. Expert knowledge of SOC, Compliance, Python, Penetration Testing, Linux is required.",2026-08-05
JOB-2197,Data Analyst,Wipro Cloud,Maharashtra (Mumbai),Onsite,Mid Level (2-5 yrs),572049,1716341,1144195,INR,"Tableau, A/B Testing, BigQuery, Python, Excel","Wipro Cloud is expanding its engineering hub in Maharashtra (Mumbai). We are hiring a Data Analyst with expertise in Tableau, Excel, Python and proficiency in BigQuery, A/B Testing.",2026-07-27
JOB-2198,Data Analyst,OmniCloud Systems,Kerala (Thiruvananthapuram),Hybrid,Mid Level (2-5 yrs),658935,1526673,1092804,INR,"Tableau, SQL, PowerBI, BigQuery, Statistics, Google Analytics, Python, Excel","Join OmniCloud Systems (Kerala (Thiruvananthapuram)) as a Data Analyst! In this role, you will lead the architecture, design, and execution of core digital products using Tableau, PowerBI, SQL, Python, Excel and BigQuery, Google Analytics, Statistics.",2026-06-22
JOB-2199,Cybersecurity Specialist,Nexus AI,Madhya Pradesh (Indore),Remote,Lead / Principal (8+ yrs),1730847,4336618,3033732,INR,"SOC, AWS Security, Wireshark, SIEM, Network Security, Python","Join Nexus AI (Madhya Pradesh (Indore)) as a Cybersecurity Specialist! In this role, you will lead the architecture, design, and execution of core digital products using Network Security, Python, SIEM and SOC, Wireshark, AWS Security.",2026-06-22
JOB-2200,Data Analyst,Zomato Tech,Maharashtra (Pune),Hybrid,Entry Level (0-2 yrs),393264,1199172,796218,INR,"Tableau, PowerBI, A/B Testing, Snowflake, Statistics, Looker, Python, Excel","We are seeking an experienced Data Analyst at Zomato Tech in Maharashtra (Pune). You will work closely with engineering teams to implement high-impact systems using PowerBI, Python, Excel, Tableau. Expert knowledge of Tableau, PowerBI, A/B Testing, Snowflake, Statistics, Looker, Python, Excel is required.",2026-08-20
